program,label,label_jit,label_aot,total_instr_count,basic_block_count,avg_bb_size,avg_bb_out_degree,max_loop_depth,loop_instr_count,br_instr_count,br_density,compute_instr_count,compute_density,mem_instr_count,ls_ratio,func_count,call_instr_count,indirect_call_count,call_density,syscall_count,syscall_density,io_call_count,io_density,compute_mem_ratio,call_bb_ratio
alloc_bulk_buffer,similar,similar,similar,106,6,17.666667,1.5,1,0,7,0.066038,27,0.254717,25,0.235849,1,10,0,0.09434,3,0.028302,1,0.009434,1.08,1.666667
alloc_fragmented_pattern,native-better,native-better,native-better,98,10,9.8,1.5,1,0,11,0.112245,21,0.214286,19,0.193878,1,13,0,0.132653,3,0.030612,1,0.010204,1.105263,1.3
alloc_medium_objects,native-better,native-better,native-better,128,4,32.0,1.5,1,0,5,0.039062,29,0.226562,42,0.328125,1,9,0,0.070312,3,0.023438,1,0.007812,0.690476,2.25
alloc_pool_style,similar,similar,similar,110,4,27.5,1.75,2,0,5,0.045455,32,0.290909,31,0.281818,1,10,0,0.090909,3,0.027273,1,0.009091,1.032258,2.5
alloc_realloc_loop,native-better,native-better,native-better,81,5,16.2,1.8,1,0,7,0.08642,18,0.222222,11,0.135802,1,10,0,0.123457,3,0.037037,1,0.012346,1.636364,2.0
alloc_small_objects,native-better,native-better,native-better,74,2,37.0,1.5,2,0,3,0.040541,33,0.445946,9,0.121622,1,8,0,0.108108,3,0.040541,1,0.013514,3.666667,4.0
branch_nested,similar,similar,similar,66,9,7.333333,1.444444,1,0,10,0.151515,21,0.318182,9,0.136364,1,7,0,0.106061,3,0.045455,1,0.015152,2.333333,0.777778
branch_predictable,wasm-better,wasm-better,wasm-better,62,2,31.0,1.5,1,0,5,0.080645,18,0.290323,9,0.145161,1,8,0,0.129032,3,0.048387,1,0.016129,2.0,4.0
branch_switch_dense,wasm-better,wasm-better,wasm-better,63,4,15.75,1.5,1,0,5,0.079365,18,0.285714,13,0.206349,1,7,0,0.111111,3,0.047619,1,0.015873,1.384615,1.75
branch_switch_sparse,wasm-better,wasm-better,wasm-better,75,8,9.375,1.625,1,0,9,0.12,25,0.333333,9,0.12,1,7,0,0.093333,3,0.04,1,0.013333,2.777778,0.875
branch_unpredictable,native-better,native-better,native-better,62,2,31.0,1.5,1,0,4,0.064516,21,0.33871,9,0.145161,1,7,0,0.112903,3,0.048387,1,0.016129,2.333333,3.5
call_chain,similar,similar,similar,70,2,35.0,1.5,1,0,3,0.042857,28,0.4,9,0.128571,1,8,0,0.114286,3,0.042857,1,0.014286,3.111111,4.0
call_indirect,native-better,native-better,native-better,63,2,31.5,1.5,1,0,3,0.047619,16,0.253968,11,0.174603,4,8,1,0.126984,3,0.047619,1,0.015873,1.454545,4.0
call_many_small_funcs,native-better,native-better,native-better,69,2,34.5,1.5,1,0,3,0.043478,32,0.463768,9,0.130435,1,7,0,0.101449,3,0.043478,1,0.014493,3.555556,3.5
call_recursive,native-better,native-better,native-better,214,2,107.0,1.5,1,0,3,0.014019,172,0.803738,9,0.042056,1,8,0,0.037383,3,0.014019,1,0.004673,19.111111,4.0
compute_fp_mix,similar,similar,similar,65,2,32.5,1.5,1,0,3,0.046154,17,0.261538,9,0.138462,1,13,0,0.2,3,0.046154,1,0.015385,1.888889,6.5
compute_fp_muladd,similar,similar,similar,65,2,32.5,1.5,1,0,3,0.046154,17,0.261538,9,0.138462,1,13,0,0.2,3,0.046154,1,0.015385,1.888889,6.5
compute_int_add,wasm-better,wasm-better,wasm-better,60,2,30.0,1.5,1,0,3,0.05,23,0.383333,9,0.15,1,7,0,0.116667,3,0.05,1,0.016667,2.555556,3.5
compute_int_divmod,similar,similar,similar,58,2,29.0,1.5,1,0,3,0.051724,21,0.362069,9,0.155172,1,7,0,0.12069,3,0.051724,1,0.017241,2.333333,3.5
compute_int_mul,similar,similar,similar,69,2,34.5,1.5,1,0,3,0.043478,32,0.463768,9,0.130435,1,7,0,0.101449,3,0.043478,1,0.014493,3.555556,3.5
host_env_query,native-better,native-better,native-better,67,8,8.375,1.625,1,0,9,0.134328,14,0.208955,11,0.164179,1,8,0,0.119403,3,0.044776,1,0.014925,1.272727,1.0
host_getcwd_loop,wasm-better,wasm-better,wasm-better,58,4,14.5,1.5,1,0,5,0.086207,11,0.189655,11,0.189655,1,10,0,0.172414,4,0.068966,1,0.017241,1.0,2.5
host_open_close_loop,native-better,native-better,native-better,67,5,13.4,1.6,1,0,6,0.089552,13,0.19403,9,0.134328,1,12,0,0.179104,8,0.119403,6,0.089552,1.444444,2.4
host_read_small,native-better,native-better,native-better,156,15,10.4,1.666667,2,0,16,0.102564,40,0.25641,36,0.230769,1,17,0,0.108974,9,0.057692,7,0.044872,1.111111,1.133333
host_stat_loop,native-better,native-better,native-better,62,4,15.5,1.5,1,0,5,0.080645,12,0.193548,12,0.193548,1,10,0,0.16129,4,0.064516,1,0.016129,1.0,2.5
host_time_loop,native-better,native-better,native-better,54,2,27.0,1.5,1,0,3,0.055556,11,0.203704,12,0.222222,1,10,0,0.185185,4,0.074074,1,0.018519,0.916667,5.0
host_write_small,native-better,native-better,native-better,72,5,14.4,1.6,2,0,6,0.083333,12,0.166667,17,0.236111,1,12,0,0.166667,6,0.083333,4,0.055556,0.705882,2.4
memory_copy_loop,native-better,native-better,native-better,115,4,28.75,1.75,2,0,5,0.043478,34,0.295652,33,0.286957,1,9,0,0.078261,3,0.026087,1,0.008696,1.030303,2.25
memory_random_read,native-better,native-better,native-better,119,6,19.833333,1.666667,3,0,7,0.058824,42,0.352941,27,0.226891,1,9,0,0.07563,3,0.02521,1,0.008403,1.555556,1.5
memory_random_write,native-better,native-better,native-better,131,7,18.714286,1.714286,3,0,8,0.061069,43,0.328244,36,0.274809,1,9,0,0.068702,3,0.022901,1,0.007634,1.194444,1.285714
memory_seq_read,similar,similar,similar,92,4,23.0,1.75,2,0,5,0.054348,23,0.25,21,0.228261,1,10,0,0.108696,3,0.032609,1,0.01087,1.095238,2.5
memory_seq_write,native-better,native-better,native-better,139,8,17.375,1.625,3,0,9,0.064748,38,0.273381,45,0.323741,1,9,0,0.064748,3,0.021583,1,0.007194,0.844444,1.125
memory_stride_read,similar,similar,similar,106,7,15.142857,1.571429,3,0,8,0.075472,29,0.273585,27,0.254717,1,9,0,0.084906,3,0.028302,1,0.009434,1.074074,1.285714
memory_stride_write,wasm-better,wasm-better,wasm-better,130,6,21.666667,1.666667,3,0,7,0.053846,40,0.307692,37,0.284615,1,9,0,0.069231,3,0.023077,1,0.007692,1.081081,1.5
