program,mode,runtime,run_index,internal_ms,external_ms,ok,error
llvmss_benchmarkgame_puzzle,jit,native,1,65.508663,66.259755,1,
llvmss_benchmarkgame_puzzle,jit,wasm-jit,1,339.371113,345.374482,1,
llvmss_benchmarkgame_puzzle,jit,native,2,65.707601,66.582849,1,
llvmss_benchmarkgame_puzzle,jit,wasm-jit,2,339.571184,345.983924,1,
llvmss_benchmarkgame_puzzle,jit,native,3,65.677504,66.485835,1,
llvmss_benchmarkgame_puzzle,jit,wasm-jit,3,339.350423,344.959674,1,
llvmss_benchmarkgame_puzzle,jit,native,4,65.739178,66.529335,1,
llvmss_benchmarkgame_puzzle,jit,wasm-jit,4,339.677067,345.099989,1,
llvmss_benchmarkgame_puzzle,jit,native,5,65.9036,66.751614,1,
llvmss_benchmarkgame_puzzle,jit,wasm-jit,5,339.179141,344.896883,1,
llvmss_benchmarkgame_puzzle,jit,native,6,65.543289,66.37679,1,
llvmss_benchmarkgame_puzzle,jit,wasm-jit,6,339.618777,345.164901,1,
llvmss_benchmarkgame_puzzle,jit,native,7,65.425635,66.128032,1,
llvmss_benchmarkgame_puzzle,jit,wasm-jit,7,339.066797,344.710728,1,
llvmss_benchmarkgame_puzzle,jit,native,8,65.644512,66.486459,1,
llvmss_benchmarkgame_puzzle,jit,wasm-jit,8,340.653344,346.372761,1,
llvmss_benchmarkgame_puzzle,jit,native,9,65.85572,66.6294,1,
llvmss_benchmarkgame_puzzle,jit,wasm-jit,9,339.373288,345.080597,1,
llvmss_benchmarkgame_puzzle,jit,native,10,66.312076,67.084586,1,
llvmss_benchmarkgame_puzzle,jit,wasm-jit,10,339.240028,344.670884,1,
llvmss_benchmarkgame_puzzle,aot,native,1,65.482759,66.171685,1,
llvmss_benchmarkgame_puzzle,aot,wasm-aot,1,339.337537,344.525145,1,
llvmss_benchmarkgame_puzzle,aot,native,2,68.573218,69.42662,1,
llvmss_benchmarkgame_puzzle,aot,wasm-aot,2,339.124471,344.096569,1,
llvmss_benchmarkgame_puzzle,aot,native,3,65.721428,66.549987,1,
llvmss_benchmarkgame_puzzle,aot,wasm-aot,3,340.54274,345.655704,1,
llvmss_benchmarkgame_puzzle,aot,native,4,65.151256,65.922581,1,
llvmss_benchmarkgame_puzzle,aot,wasm-aot,4,339.433647,344.334809,1,
llvmss_benchmarkgame_puzzle,aot,native,5,65.6296,66.462904,1,
llvmss_benchmarkgame_puzzle,aot,wasm-aot,5,339.935457,345.367756,1,
llvmss_benchmarkgame_puzzle,aot,native,6,65.746106,66.58728,1,
llvmss_benchmarkgame_puzzle,aot,wasm-aot,6,339.923908,345.022386,1,
llvmss_benchmarkgame_puzzle,aot,native,7,65.320196,66.099312,1,
llvmss_benchmarkgame_puzzle,aot,wasm-aot,7,339.550993,344.698317,1,
llvmss_benchmarkgame_puzzle,aot,native,8,65.797108,66.549622,1,
llvmss_benchmarkgame_puzzle,aot,wasm-aot,8,340.210507,345.261868,1,
llvmss_benchmarkgame_puzzle,aot,native,9,65.281287,66.123717,1,
llvmss_benchmarkgame_puzzle,aot,wasm-aot,9,339.854678,345.094895,1,
llvmss_benchmarkgame_puzzle,aot,native,10,65.962592,66.755451,1,
llvmss_benchmarkgame_puzzle,aot,wasm-aot,10,339.463513,344.484136,1,
llvmss_misc_evalloop,jit,native,1,421.724181,422.596347,1,
llvmss_misc_evalloop,jit,wasm-jit,1,486.702464,492.117818,1,
llvmss_misc_evalloop,jit,native,2,421.075255,421.798153,1,
llvmss_misc_evalloop,jit,wasm-jit,2,490.643985,495.943412,1,
llvmss_misc_evalloop,jit,native,3,421.904155,422.631253,1,
llvmss_misc_evalloop,jit,wasm-jit,3,488.947221,494.865447,1,
llvmss_misc_evalloop,jit,native,4,422.563431,423.399128,1,
llvmss_misc_evalloop,jit,wasm-jit,4,486.560649,492.064135,1,
llvmss_misc_evalloop,jit,native,5,421.805302,422.572395,1,
llvmss_misc_evalloop,jit,wasm-jit,5,487.516895,493.150275,1,
llvmss_misc_evalloop,jit,native,6,422.315044,423.103308,1,
llvmss_misc_evalloop,jit,wasm-jit,6,488.080594,494.437248,1,
llvmss_misc_evalloop,jit,native,7,421.267765,422.012707,1,
llvmss_misc_evalloop,jit,wasm-jit,7,487.096949,492.618615,1,
llvmss_misc_evalloop,jit,native,8,425.195237,425.98084,1,
llvmss_misc_evalloop,jit,wasm-jit,8,489.237839,494.852884,1,
llvmss_misc_evalloop,jit,native,9,421.163112,421.868607,1,
llvmss_misc_evalloop,jit,wasm-jit,9,488.730695,494.192764,1,
llvmss_misc_evalloop,jit,native,10,421.796899,422.634022,1,
llvmss_misc_evalloop,jit,wasm-jit,10,489.945295,495.416608,1,
llvmss_misc_evalloop,aot,native,1,422.063784,422.900638,1,
llvmss_misc_evalloop,aot,wasm-aot,1,486.216813,491.143335,1,
llvmss_misc_evalloop,aot,native,2,421.996133,422.805922,1,
llvmss_misc_evalloop,aot,wasm-aot,2,487.130653,492.147116,1,
llvmss_misc_evalloop,aot,native,3,423.429731,424.170202,1,
llvmss_misc_evalloop,aot,wasm-aot,3,487.064257,492.158197,1,
llvmss_misc_evalloop,aot,native,4,422.005442,422.815036,1,
llvmss_misc_evalloop,aot,wasm-aot,4,485.883127,490.897274,1,
llvmss_misc_evalloop,aot,native,5,421.16527,421.950726,1,
llvmss_misc_evalloop,aot,wasm-aot,5,486.625973,491.82234,1,
llvmss_misc_evalloop,aot,native,6,420.970939,421.62325,1,
llvmss_misc_evalloop,aot,wasm-aot,6,486.415886,491.531482,1,
llvmss_misc_evalloop,aot,native,7,421.200377,422.042489,1,
llvmss_misc_evalloop,aot,wasm-aot,7,487.152099,492.050208,1,
llvmss_misc_evalloop,aot,native,8,423.018551,423.760062,1,
llvmss_misc_evalloop,aot,wasm-aot,8,488.162061,493.268218,1,
llvmss_misc_evalloop,aot,native,9,421.281463,421.988657,1,
llvmss_misc_evalloop,aot,wasm-aot,9,487.27957,492.427509,1,
llvmss_misc_evalloop,aot,native,10,421.245408,421.970671,1,
llvmss_misc_evalloop,aot,wasm-aot,10,487.16017,492.019622,1,
llvmss_misc_flops-1,jit,native,1,586.445363,587.190013,1,
llvmss_misc_flops-1,jit,wasm-jit,1,729.570046,735.067423,1,
llvmss_misc_flops-1,jit,native,2,632.67718,633.350104,1,
llvmss_misc_flops-1,jit,wasm-jit,2,729.555316,734.949075,1,
llvmss_misc_flops-1,jit,native,3,586.484382,587.236792,1,
llvmss_misc_flops-1,jit,wasm-jit,3,729.557356,735.053787,1,
llvmss_misc_flops-1,jit,native,4,632.250982,633.005273,1,
llvmss_misc_flops-1,jit,wasm-jit,4,729.466681,734.902261,1,
llvmss_misc_flops-1,jit,native,5,632.630338,633.426981,1,
llvmss_misc_flops-1,jit,wasm-jit,5,741.463918,746.733412,1,
llvmss_misc_flops-1,jit,native,6,632.51021,633.158399,1,
llvmss_misc_flops-1,jit,wasm-jit,6,729.53655,735.057808,1,
llvmss_misc_flops-1,jit,native,7,586.566352,587.317873,1,
llvmss_misc_flops-1,jit,wasm-jit,7,729.503586,735.091319,1,
llvmss_misc_flops-1,jit,native,8,632.684563,633.427143,1,
llvmss_misc_flops-1,jit,wasm-jit,8,729.437965,735.098112,1,
llvmss_misc_flops-1,jit,native,9,632.320451,633.149078,1,
llvmss_misc_flops-1,jit,wasm-jit,9,741.390678,747.154893,1,
llvmss_misc_flops-1,jit,native,10,632.63621,633.383004,1,
llvmss_misc_flops-1,jit,wasm-jit,10,729.593677,735.099915,1,
llvmss_misc_flops-1,aot,native,1,632.50232,633.312341,1,
llvmss_misc_flops-1,aot,wasm-aot,1,729.622749,734.743202,1,
llvmss_misc_flops-1,aot,native,2,632.604363,633.436788,1,
llvmss_misc_flops-1,aot,wasm-aot,2,729.512165,734.865423,1,
llvmss_misc_flops-1,aot,native,3,586.487752,587.289048,1,
llvmss_misc_flops-1,aot,wasm-aot,3,741.322227,746.572632,1,
llvmss_misc_flops-1,aot,native,4,632.372975,633.180762,1,
llvmss_misc_flops-1,aot,wasm-aot,4,729.458908,734.855367,1,
llvmss_misc_flops-1,aot,native,5,586.484447,587.283965,1,
llvmss_misc_flops-1,aot,wasm-aot,5,729.528419,734.538192,1,
llvmss_misc_flops-1,aot,native,6,632.072926,632.779097,1,
llvmss_misc_flops-1,aot,wasm-aot,6,729.467384,734.534724,1,
llvmss_misc_flops-1,aot,native,7,586.465865,587.091327,1,
llvmss_misc_flops-1,aot,wasm-aot,7,729.459907,734.5207,1,
llvmss_misc_flops-1,aot,native,8,586.425173,587.11455,1,
llvmss_misc_flops-1,aot,wasm-aot,8,729.571861,734.689003,1,
llvmss_misc_flops-1,aot,native,9,586.562064,587.355532,1,
llvmss_misc_flops-1,aot,wasm-aot,9,729.565281,734.827049,1,
llvmss_misc_flops-1,aot,native,10,586.461355,587.169522,1,
llvmss_misc_flops-1,aot,wasm-aot,10,729.546276,734.87509,1,
llvmss_misc_flops-2,jit,native,1,417.942359,418.751504,1,
llvmss_misc_flops-2,jit,wasm-jit,1,406.90799,412.317159,1,
llvmss_misc_flops-2,jit,native,2,399.696564,400.397897,1,
llvmss_misc_flops-2,jit,wasm-jit,2,406.855575,412.263079,1,
llvmss_misc_flops-2,jit,native,3,399.693593,400.487337,1,
llvmss_misc_flops-2,jit,wasm-jit,3,407.078722,412.68529,1,
llvmss_misc_flops-2,jit,native,4,418.090238,418.92869,1,
llvmss_misc_flops-2,jit,wasm-jit,4,407.052413,412.698226,1,
llvmss_misc_flops-2,jit,native,5,399.71963,400.454594,1,
llvmss_misc_flops-2,jit,wasm-jit,5,407.041084,412.556792,1,
llvmss_misc_flops-2,jit,native,6,418.24912,418.98554,1,
llvmss_misc_flops-2,jit,wasm-jit,6,406.889713,412.419718,1,
llvmss_misc_flops-2,jit,native,7,419.069938,419.856183,1,
llvmss_misc_flops-2,jit,wasm-jit,7,406.886684,412.231559,1,
llvmss_misc_flops-2,jit,native,8,419.160588,419.929042,1,
llvmss_misc_flops-2,jit,wasm-jit,8,407.011557,412.419965,1,
llvmss_misc_flops-2,jit,native,9,387.178988,387.903821,1,
llvmss_misc_flops-2,jit,wasm-jit,9,406.904742,412.54732,1,
llvmss_misc_flops-2,jit,native,10,418.984346,419.813361,1,
llvmss_misc_flops-2,jit,wasm-jit,10,407.037224,412.790319,1,
llvmss_misc_flops-2,aot,native,1,417.895393,418.652499,1,
llvmss_misc_flops-2,aot,wasm-aot,1,406.928075,411.884096,1,
llvmss_misc_flops-2,aot,native,2,387.26209,387.950143,1,
llvmss_misc_flops-2,aot,wasm-aot,2,406.882075,411.796112,1,
llvmss_misc_flops-2,aot,native,3,399.723633,400.40753,1,
llvmss_misc_flops-2,aot,wasm-aot,3,406.923187,411.874723,1,
llvmss_misc_flops-2,aot,native,4,387.17577,387.981515,1,
llvmss_misc_flops-2,aot,wasm-aot,4,406.979697,412.322508,1,
llvmss_misc_flops-2,aot,native,5,417.582529,418.351931,1,
llvmss_misc_flops-2,aot,wasm-aot,5,406.896065,411.974205,1,
llvmss_misc_flops-2,aot,native,6,419.132437,419.945071,1,
llvmss_misc_flops-2,aot,wasm-aot,6,406.879975,411.910867,1,
llvmss_misc_flops-2,aot,native,7,399.730467,400.524292,1,
llvmss_misc_flops-2,aot,wasm-aot,7,407.016831,412.019717,1,
llvmss_misc_flops-2,aot,native,8,417.827515,418.629736,1,
llvmss_misc_flops-2,aot,wasm-aot,8,407.005592,412.024107,1,
llvmss_misc_flops-2,aot,native,9,417.407176,418.243265,1,
llvmss_misc_flops-2,aot,wasm-aot,9,407.103814,412.228195,1,
llvmss_misc_flops-2,aot,native,10,418.919093,419.678859,1,
llvmss_misc_flops-2,aot,wasm-aot,10,406.886865,411.961462,1,
llvmss_misc_flops-3,jit,native,1,938.927515,939.725589,1,
llvmss_misc_flops-3,jit,wasm-jit,1,848.278463,853.768483,1,
llvmss_misc_flops-3,jit,native,2,939.456816,940.252228,1,
llvmss_misc_flops-3,jit,wasm-jit,2,914.11419,919.674886,1,
llvmss_misc_flops-3,jit,native,3,939.489763,940.256547,1,
llvmss_misc_flops-3,jit,wasm-jit,3,848.04139,853.331134,1,
llvmss_misc_flops-3,jit,native,4,939.70598,940.435356,1,
llvmss_misc_flops-3,jit,wasm-jit,4,848.216045,853.633545,1,
llvmss_misc_flops-3,jit,native,5,939.640506,940.467661,1,
llvmss_misc_flops-3,jit,wasm-jit,5,848.211007,853.711564,1,
llvmss_misc_flops-3,jit,native,6,939.71089,940.468574,1,
llvmss_misc_flops-3,jit,wasm-jit,6,847.980337,853.759015,1,
llvmss_misc_flops-3,jit,native,7,940.1689,940.969314,1,
llvmss_misc_flops-3,jit,wasm-jit,7,847.978426,853.686612,1,
llvmss_misc_flops-3,jit,native,8,938.889103,939.709166,1,
llvmss_misc_flops-3,jit,wasm-jit,8,848.301763,853.579883,1,
llvmss_misc_flops-3,jit,native,9,938.939665,939.637709,1,
llvmss_misc_flops-3,jit,wasm-jit,9,913.177582,918.829001,1,
llvmss_misc_flops-3,jit,native,10,898.198622,898.921633,1,
llvmss_misc_flops-3,jit,wasm-jit,10,848.274473,853.869447,1,
llvmss_misc_flops-3,aot,native,1,904.536462,905.238641,1,
llvmss_misc_flops-3,aot,wasm-aot,1,848.094283,853.27301,1,
llvmss_misc_flops-3,aot,native,2,939.209844,940.028371,1,
llvmss_misc_flops-3,aot,wasm-aot,2,848.233085,853.301806,1,
llvmss_misc_flops-3,aot,native,3,944.157402,944.933621,1,
llvmss_misc_flops-3,aot,wasm-aot,3,913.705411,918.934405,1,
llvmss_misc_flops-3,aot,native,4,898.162158,898.885751,1,
llvmss_misc_flops-3,aot,wasm-aot,4,847.998522,852.961356,1,
llvmss_misc_flops-3,aot,native,5,939.766448,940.532999,1,
llvmss_misc_flops-3,aot,wasm-aot,5,848.282673,853.305418,1,
llvmss_misc_flops-3,aot,native,6,939.659188,940.462803,1,
llvmss_misc_flops-3,aot,wasm-aot,6,848.218066,853.290029,1,
llvmss_misc_flops-3,aot,native,7,939.227265,939.995332,1,
llvmss_misc_flops-3,aot,wasm-aot,7,848.135351,853.252415,1,
llvmss_misc_flops-3,aot,native,8,939.44947,940.178128,1,
llvmss_misc_flops-3,aot,wasm-aot,8,848.038077,853.194173,1,
llvmss_misc_flops-3,aot,native,9,893.947159,894.841757,1,
llvmss_misc_flops-3,aot,wasm-aot,9,848.190774,853.368182,1,
llvmss_misc_flops-3,aot,native,10,939.555139,940.369779,1,
llvmss_misc_flops-3,aot,wasm-aot,10,848.147708,853.236811,1,
llvmss_misc_flops-4,jit,native,1,414.846332,415.582579,1,
llvmss_misc_flops-4,jit,wasm-jit,1,410.376041,415.737269,1,
llvmss_misc_flops-4,jit,native,2,428.656772,429.366278,1,
llvmss_misc_flops-4,jit,wasm-jit,2,410.225685,416.002491,1,
llvmss_misc_flops-4,jit,native,3,414.987608,415.683804,1,
llvmss_misc_flops-4,jit,wasm-jit,3,410.21161,415.411415,1,
llvmss_misc_flops-4,jit,native,4,414.869298,415.55413,1,
llvmss_misc_flops-4,jit,wasm-jit,4,410.20247,415.758526,1,
llvmss_misc_flops-4,jit,native,5,428.647487,429.439818,1,
llvmss_misc_flops-4,jit,wasm-jit,5,410.460321,416.019311,1,
llvmss_misc_flops-4,jit,native,6,428.553635,429.378355,1,
llvmss_misc_flops-4,jit,wasm-jit,6,410.387296,415.924951,1,
llvmss_misc_flops-4,jit,native,7,428.42534,429.182163,1,
llvmss_misc_flops-4,jit,wasm-jit,7,410.367815,415.695397,1,
llvmss_misc_flops-4,jit,native,8,428.706657,429.379888,1,
llvmss_misc_flops-4,jit,wasm-jit,8,410.317843,415.689962,1,
llvmss_misc_flops-4,jit,native,9,428.975048,429.683691,1,
llvmss_misc_flops-4,jit,wasm-jit,9,427.518959,433.178883,1,
llvmss_misc_flops-4,jit,native,10,428.520957,429.301569,1,
llvmss_misc_flops-4,jit,wasm-jit,10,410.287196,415.687058,1,
llvmss_misc_flops-4,aot,native,1,428.181953,428.976476,1,
llvmss_misc_flops-4,aot,wasm-aot,1,410.446661,415.520884,1,
llvmss_misc_flops-4,aot,native,2,428.489273,429.315085,1,
llvmss_misc_flops-4,aot,wasm-aot,2,410.38815,415.623536,1,
llvmss_misc_flops-4,aot,native,3,414.872641,415.730931,1,
llvmss_misc_flops-4,aot,wasm-aot,3,410.272506,415.741587,1,
llvmss_misc_flops-4,aot,native,4,428.687081,429.434098,1,
llvmss_misc_flops-4,aot,wasm-aot,4,410.205055,415.24582,1,
llvmss_misc_flops-4,aot,native,5,428.637335,429.486345,1,
llvmss_misc_flops-4,aot,wasm-aot,5,410.192772,415.300556,1,
llvmss_misc_flops-4,aot,native,6,414.863256,415.59968,1,
llvmss_misc_flops-4,aot,wasm-aot,6,410.442243,415.446896,1,
llvmss_misc_flops-4,aot,native,7,428.479022,429.290254,1,
llvmss_misc_flops-4,aot,wasm-aot,7,410.360304,415.400708,1,
llvmss_misc_flops-4,aot,native,8,414.840282,415.686859,1,
llvmss_misc_flops-4,aot,wasm-aot,8,410.218913,415.297383,1,
llvmss_misc_flops-4,aot,native,9,428.640748,429.366136,1,
llvmss_misc_flops-4,aot,wasm-aot,9,410.214283,415.144788,1,
llvmss_misc_flops-4,aot,native,10,428.707638,429.478316,1,
llvmss_misc_flops-4,aot,wasm-aot,10,410.212812,415.114691,1,
llvmss_misc_flops-5,jit,native,1,859.187284,859.933292,1,
llvmss_misc_flops-5,jit,wasm-jit,1,810.185833,815.765413,1,
llvmss_misc_flops-5,jit,native,2,857.276499,858.078122,1,
llvmss_misc_flops-5,jit,wasm-jit,2,810.202091,815.808617,1,
llvmss_misc_flops-5,jit,native,3,810.029295,810.762752,1,
llvmss_misc_flops-5,jit,wasm-jit,3,837.555319,843.197865,1,
llvmss_misc_flops-5,jit,native,4,860.92821,861.761108,1,
llvmss_misc_flops-5,jit,wasm-jit,4,810.032407,815.414676,1,
llvmss_misc_flops-5,jit,native,5,858.993775,859.676883,1,
llvmss_misc_flops-5,jit,wasm-jit,5,838.184861,843.800446,1,
llvmss_misc_flops-5,jit,native,6,810.079111,810.772803,1,
llvmss_misc_flops-5,jit,wasm-jit,6,810.030943,815.427065,1,
llvmss_misc_flops-5,jit,native,7,858.877724,859.630929,1,
llvmss_misc_flops-5,jit,wasm-jit,7,810.271699,815.942595,1,
llvmss_misc_flops-5,jit,native,8,810.081225,810.908927,1,
llvmss_misc_flops-5,jit,wasm-jit,8,810.109013,815.576456,1,
llvmss_misc_flops-5,jit,native,9,858.666545,859.461969,1,
llvmss_misc_flops-5,jit,wasm-jit,9,810.024655,815.385707,1,
llvmss_misc_flops-5,jit,native,10,858.959008,859.740373,1,
llvmss_misc_flops-5,jit,wasm-jit,10,840.40868,845.976369,1,
llvmss_misc_flops-5,aot,native,1,859.02881,859.796179,1,
llvmss_misc_flops-5,aot,wasm-aot,1,840.216039,845.371103,1,
llvmss_misc_flops-5,aot,native,2,858.479919,859.265167,1,
llvmss_misc_flops-5,aot,wasm-aot,2,810.339998,815.587405,1,
llvmss_misc_flops-5,aot,native,3,810.105599,810.760558,1,
llvmss_misc_flops-5,aot,wasm-aot,3,810.159834,815.237446,1,
llvmss_misc_flops-5,aot,native,4,858.93528,859.741308,1,
llvmss_misc_flops-5,aot,wasm-aot,4,810.203646,815.340592,1,
llvmss_misc_flops-5,aot,native,5,858.74859,859.52246,1,
llvmss_misc_flops-5,aot,wasm-aot,5,810.212209,815.216897,1,
llvmss_misc_flops-5,aot,native,6,810.01172,810.865415,1,
llvmss_misc_flops-5,aot,wasm-aot,6,810.055906,815.196231,1,
llvmss_misc_flops-5,aot,native,7,858.462367,859.271349,1,
llvmss_misc_flops-5,aot,wasm-aot,7,840.25157,845.650772,1,
llvmss_misc_flops-5,aot,native,8,810.069254,810.812443,1,
llvmss_misc_flops-5,aot,wasm-aot,8,810.188982,815.369183,1,
llvmss_misc_flops-5,aot,native,9,858.741264,859.544201,1,
llvmss_misc_flops-5,aot,wasm-aot,9,810.021539,815.2867,1,
llvmss_misc_flops-5,aot,native,10,810.035053,810.6541,1,
llvmss_misc_flops-5,aot,wasm-aot,10,810.088194,814.959539,1,
llvmss_misc_flops-6,jit,native,1,840.261982,841.11936,1,
llvmss_misc_flops-6,jit,wasm-jit,1,787.981577,793.517625,1,
llvmss_misc_flops-6,jit,native,2,790.923707,791.571436,1,
llvmss_misc_flops-6,jit,wasm-jit,2,787.9096,793.408057,1,
llvmss_misc_flops-6,jit,native,3,840.593011,841.299877,1,
llvmss_misc_flops-6,jit,wasm-jit,3,787.840967,793.22792,1,
llvmss_misc_flops-6,jit,native,4,840.525499,841.216849,1,
llvmss_misc_flops-6,jit,wasm-jit,4,787.866278,793.085491,1,
llvmss_misc_flops-6,jit,native,5,840.407494,841.174401,1,
llvmss_misc_flops-6,jit,wasm-jit,5,787.949304,793.498179,1,
llvmss_misc_flops-6,jit,native,6,791.075285,791.841961,1,
llvmss_misc_flops-6,jit,wasm-jit,6,787.847788,793.299854,1,
llvmss_misc_flops-6,jit,native,7,840.198087,841.019932,1,
llvmss_misc_flops-6,jit,wasm-jit,7,787.809479,793.088172,1,
llvmss_misc_flops-6,jit,native,8,790.824526,791.457843,1,
llvmss_misc_flops-6,jit,wasm-jit,8,818.584389,823.996965,1,
llvmss_misc_flops-6,jit,native,9,791.001195,791.654691,1,
llvmss_misc_flops-6,jit,wasm-jit,9,818.191464,823.768388,1,
llvmss_misc_flops-6,jit,native,10,840.189823,841.030935,1,
llvmss_misc_flops-6,jit,wasm-jit,10,787.868512,793.383926,1,
llvmss_misc_flops-6,aot,native,1,840.444396,841.240931,1,
llvmss_misc_flops-6,aot,wasm-aot,1,787.836211,792.937832,1,
llvmss_misc_flops-6,aot,native,2,840.494689,841.309931,1,
llvmss_misc_flops-6,aot,wasm-aot,2,787.912774,793.035725,1,
llvmss_misc_flops-6,aot,native,3,790.961612,791.675778,1,
llvmss_misc_flops-6,aot,wasm-aot,3,787.888048,793.096783,1,
llvmss_misc_flops-6,aot,native,4,840.295624,841.05067,1,
llvmss_misc_flops-6,aot,wasm-aot,4,810.061141,815.180564,1,
llvmss_misc_flops-6,aot,native,5,840.564561,841.242515,1,
llvmss_misc_flops-6,aot,wasm-aot,5,818.230839,823.421299,1,
llvmss_misc_flops-6,aot,native,6,840.290235,841.077235,1,
llvmss_misc_flops-6,aot,wasm-aot,6,787.827254,793.057155,1,
llvmss_misc_flops-6,aot,native,7,840.28823,841.074273,1,
llvmss_misc_flops-6,aot,wasm-aot,7,787.879441,793.038087,1,
llvmss_misc_flops-6,aot,native,8,790.936671,791.639578,1,
llvmss_misc_flops-6,aot,wasm-aot,8,787.936199,792.933807,1,
llvmss_misc_flops-6,aot,native,9,840.749754,841.555187,1,
llvmss_misc_flops-6,aot,wasm-aot,9,787.745445,792.691018,1,
llvmss_misc_flops-6,aot,native,10,840.64605,841.428764,1,
llvmss_misc_flops-6,aot,wasm-aot,10,787.725089,792.926848,1,
llvmss_misc_flops-7,jit,native,1,532.684024,533.471592,1,
llvmss_misc_flops-7,jit,wasm-jit,1,523.065985,528.524214,1,
llvmss_misc_flops-7,jit,native,2,532.641064,533.457663,1,
llvmss_misc_flops-7,jit,wasm-jit,2,522.933762,528.396454,1,
llvmss_misc_flops-7,jit,native,3,532.58901,533.412037,1,
llvmss_misc_flops-7,jit,wasm-jit,3,523.072927,528.438944,1,
llvmss_misc_flops-7,jit,native,4,537.397153,538.124556,1,
llvmss_misc_flops-7,jit,wasm-jit,4,522.939381,528.620251,1,
llvmss_misc_flops-7,jit,native,5,532.671532,533.484764,1,
llvmss_misc_flops-7,jit,wasm-jit,5,523.10045,528.420124,1,
llvmss_misc_flops-7,jit,native,6,537.325738,538.086358,1,
llvmss_misc_flops-7,jit,wasm-jit,6,522.943157,528.343434,1,
llvmss_misc_flops-7,jit,native,7,532.619326,533.336837,1,
llvmss_misc_flops-7,jit,wasm-jit,7,522.953664,528.274029,1,
llvmss_misc_flops-7,jit,native,8,532.680656,533.442568,1,
llvmss_misc_flops-7,jit,wasm-jit,8,522.933364,528.165879,1,
llvmss_misc_flops-7,jit,native,9,532.723536,533.433003,1,
llvmss_misc_flops-7,jit,wasm-jit,9,523.004854,528.80262,1,
llvmss_misc_flops-7,jit,native,10,532.792643,533.436179,1,
llvmss_misc_flops-7,jit,wasm-jit,10,522.920247,528.417036,1,
llvmss_misc_flops-7,aot,native,1,537.259459,537.887765,1,
llvmss_misc_flops-7,aot,wasm-aot,1,523.056332,528.34807,1,
llvmss_misc_flops-7,aot,native,2,533.781778,534.557544,1,
llvmss_misc_flops-7,aot,wasm-aot,2,523.059652,528.432583,1,
llvmss_misc_flops-7,aot,native,3,537.130591,537.78936,1,
llvmss_misc_flops-7,aot,wasm-aot,3,523.045984,528.176052,1,
llvmss_misc_flops-7,aot,native,4,537.287983,537.944345,1,
llvmss_misc_flops-7,aot,wasm-aot,4,523.191451,528.343009,1,
llvmss_misc_flops-7,aot,native,5,532.525752,533.333678,1,
llvmss_misc_flops-7,aot,wasm-aot,5,523.054155,528.129388,1,
llvmss_misc_flops-7,aot,native,6,535.582413,536.339594,1,
llvmss_misc_flops-7,aot,wasm-aot,6,523.194934,528.197223,1,
llvmss_misc_flops-7,aot,native,7,537.267104,538.094442,1,
llvmss_misc_flops-7,aot,wasm-aot,7,523.104303,528.096763,1,
llvmss_misc_flops-7,aot,native,8,532.511595,533.304444,1,
llvmss_misc_flops-7,aot,wasm-aot,8,523.151084,528.269209,1,
llvmss_misc_flops-7,aot,native,9,532.646003,533.498012,1,
llvmss_misc_flops-7,aot,wasm-aot,9,523.144869,528.495476,1,
llvmss_misc_flops-7,aot,native,10,532.496702,533.322347,1,
llvmss_misc_flops-7,aot,wasm-aot,10,523.250594,528.380396,1,
llvmss_misc_flops-8,jit,native,1,820.300152,820.937527,1,
llvmss_misc_flops-8,jit,wasm-jit,1,851.766453,857.3728,1,
llvmss_misc_flops-8,jit,native,2,860.488451,861.32548,1,
llvmss_misc_flops-8,jit,wasm-jit,2,826.038183,831.411602,1,
llvmss_misc_flops-8,jit,native,3,860.550279,861.285787,1,
llvmss_misc_flops-8,jit,wasm-jit,3,826.235768,831.676845,1,
llvmss_misc_flops-8,jit,native,4,860.229534,861.026581,1,
llvmss_misc_flops-8,jit,wasm-jit,4,825.802211,831.486791,1,
llvmss_misc_flops-8,jit,native,5,860.210152,861.025227,1,
llvmss_misc_flops-8,jit,wasm-jit,5,823.902534,829.400465,1,
llvmss_misc_flops-8,jit,native,6,860.288273,861.092292,1,
llvmss_misc_flops-8,jit,wasm-jit,6,826.209525,831.666799,1,
llvmss_misc_flops-8,jit,native,7,820.211501,820.9111,1,
llvmss_misc_flops-8,jit,wasm-jit,7,819.881068,825.547474,1,
llvmss_misc_flops-8,jit,native,8,820.215104,821.035761,1,
llvmss_misc_flops-8,jit,wasm-jit,8,825.886912,831.550214,1,
llvmss_misc_flops-8,jit,native,9,859.982949,860.853631,1,
llvmss_misc_flops-8,jit,wasm-jit,9,825.258168,830.709882,1,
llvmss_misc_flops-8,jit,native,10,860.136983,860.946897,1,
llvmss_misc_flops-8,jit,wasm-jit,10,822.393491,827.949326,1,
llvmss_misc_flops-8,aot,native,1,860.010948,860.781044,1,
llvmss_misc_flops-8,aot,wasm-aot,1,826.539343,831.573153,1,
llvmss_misc_flops-8,aot,native,2,860.392816,861.21732,1,
llvmss_misc_flops-8,aot,wasm-aot,2,826.362508,831.567515,1,
llvmss_misc_flops-8,aot,native,3,858.318963,859.025875,1,
llvmss_misc_flops-8,aot,wasm-aot,3,854.80922,859.905645,1,
llvmss_misc_flops-8,aot,native,4,820.274742,820.955044,1,
llvmss_misc_flops-8,aot,wasm-aot,4,826.529927,831.495561,1,
llvmss_misc_flops-8,aot,native,5,862.418989,863.220979,1,
llvmss_misc_flops-8,aot,wasm-aot,5,824.985618,830.036711,1,
llvmss_misc_flops-8,aot,native,6,820.244482,821.048053,1,
llvmss_misc_flops-8,aot,wasm-aot,6,826.254707,831.449162,1,
llvmss_misc_flops-8,aot,native,7,860.221039,860.966882,1,
llvmss_misc_flops-8,aot,wasm-aot,7,825.630238,830.751775,1,
llvmss_misc_flops-8,aot,native,8,860.318561,861.160286,1,
llvmss_misc_flops-8,aot,wasm-aot,8,824.33932,829.379732,1,
llvmss_misc_flops-8,aot,native,9,860.666447,861.42307,1,
llvmss_misc_flops-8,aot,wasm-aot,9,825.860449,831.083348,1,
llvmss_misc_flops-8,aot,native,10,860.167664,860.915033,1,
llvmss_misc_flops-8,aot,wasm-aot,10,826.521844,831.493625,1,
llvmss_misc_flops,jit,native,1,3634.03466,3634.86447,1,
llvmss_misc_flops,jit,wasm-jit,1,4572.644767,4578.512026,1,
llvmss_misc_flops,jit,native,2,3634.217022,3635.076247,1,
llvmss_misc_flops,jit,wasm-jit,2,4572.767444,4578.610517,1,
llvmss_misc_flops,jit,native,3,3636.73981,3637.599589,1,
llvmss_misc_flops,jit,wasm-jit,3,4572.515011,4577.988494,1,
llvmss_misc_flops,jit,native,4,3634.468545,3635.271231,1,
llvmss_misc_flops,jit,wasm-jit,4,4572.719595,4578.321757,1,
llvmss_misc_flops,jit,native,5,3633.779837,3634.50742,1,
llvmss_misc_flops,jit,wasm-jit,5,4572.675268,4578.140894,1,
llvmss_misc_flops,jit,native,6,3633.866492,3634.613311,1,
llvmss_misc_flops,jit,wasm-jit,6,4573.804721,4579.087475,1,
llvmss_misc_flops,jit,native,7,3635.664823,3636.459438,1,
llvmss_misc_flops,jit,wasm-jit,7,4574.093501,4579.593277,1,
llvmss_misc_flops,jit,native,8,3633.93155,3634.6654,1,
llvmss_misc_flops,jit,wasm-jit,8,4571.360863,4576.858455,1,
llvmss_misc_flops,jit,native,9,3636.407296,3637.097204,1,
llvmss_misc_flops,jit,wasm-jit,9,4571.718483,4577.160539,1,
llvmss_misc_flops,jit,native,10,3633.867955,3634.611173,1,
llvmss_misc_flops,jit,wasm-jit,10,4571.942442,4577.390898,1,
llvmss_misc_flops,aot,native,1,3633.854555,3634.715507,1,
llvmss_misc_flops,aot,wasm-aot,1,4572.083874,4577.291336,1,
llvmss_misc_flops,aot,native,2,3634.217553,3635.057842,1,
llvmss_misc_flops,aot,wasm-aot,2,4572.67,4577.885674,1,
llvmss_misc_flops,aot,native,3,3635.539588,3636.385374,1,
llvmss_misc_flops,aot,wasm-aot,3,4571.569042,4576.641394,1,
llvmss_misc_flops,aot,native,4,3633.752648,3634.491153,1,
llvmss_misc_flops,aot,wasm-aot,4,4572.808004,4577.89111,1,
llvmss_misc_flops,aot,native,5,3633.965312,3634.746287,1,
llvmss_misc_flops,aot,wasm-aot,5,4571.391147,4576.718412,1,
llvmss_misc_flops,aot,native,6,3634.145915,3634.824662,1,
llvmss_misc_flops,aot,wasm-aot,6,4571.901338,4577.108474,1,
llvmss_misc_flops,aot,native,7,3633.747258,3634.510871,1,
llvmss_misc_flops,aot,wasm-aot,7,4572.306126,4577.298403,1,
llvmss_misc_flops,aot,native,8,3634.458422,3635.22587,1,
llvmss_misc_flops,aot,wasm-aot,8,4571.190293,4576.334912,1,
llvmss_misc_flops,aot,native,9,3634.006387,3634.802841,1,
llvmss_misc_flops,aot,wasm-aot,9,4572.419025,4577.471439,1,
llvmss_misc_flops,aot,native,10,3633.868893,3634.628063,1,
llvmss_misc_flops,aot,wasm-aot,10,4571.630162,4576.79313,1,
llvmss_misc_mandel-2,jit,native,1,590.289613,590.973603,1,
llvmss_misc_mandel-2,jit,wasm-jit,1,606.927313,612.467794,1,
llvmss_misc_mandel-2,jit,native,2,590.494682,591.294877,1,
llvmss_misc_mandel-2,jit,wasm-jit,2,606.993223,612.391897,1,
llvmss_misc_mandel-2,jit,native,3,590.34147,591.174912,1,
llvmss_misc_mandel-2,jit,wasm-jit,3,606.990136,612.511082,1,
llvmss_misc_mandel-2,jit,native,4,591.116683,591.878796,1,
llvmss_misc_mandel-2,jit,wasm-jit,4,607.049555,612.599863,1,
llvmss_misc_mandel-2,jit,native,5,590.488101,591.180068,1,
llvmss_misc_mandel-2,jit,wasm-jit,5,607.830867,613.748694,1,
llvmss_misc_mandel-2,jit,native,6,590.485208,591.268726,1,
llvmss_misc_mandel-2,jit,wasm-jit,6,606.936345,612.348594,1,
llvmss_misc_mandel-2,jit,native,7,590.45553,591.307523,1,
llvmss_misc_mandel-2,jit,wasm-jit,7,606.886148,612.343937,1,
llvmss_misc_mandel-2,jit,native,8,590.492418,591.23827,1,
llvmss_misc_mandel-2,jit,wasm-jit,8,607.309104,612.734433,1,
llvmss_misc_mandel-2,jit,native,9,590.431064,591.142464,1,
llvmss_misc_mandel-2,jit,wasm-jit,9,607.23217,612.784121,1,
llvmss_misc_mandel-2,jit,native,10,590.57658,591.340624,1,
llvmss_misc_mandel-2,jit,wasm-jit,10,606.55892,612.234728,1,
llvmss_misc_mandel-2,aot,native,1,590.467093,591.173332,1,
llvmss_misc_mandel-2,aot,wasm-aot,1,606.581627,611.635208,1,
llvmss_misc_mandel-2,aot,native,2,590.358582,591.112228,1,
llvmss_misc_mandel-2,aot,wasm-aot,2,607.048104,612.175612,1,
llvmss_misc_mandel-2,aot,native,3,590.610394,591.377342,1,
llvmss_misc_mandel-2,aot,wasm-aot,3,606.455401,611.649714,1,
llvmss_misc_mandel-2,aot,native,4,591.433012,592.200806,1,
llvmss_misc_mandel-2,aot,wasm-aot,4,606.972179,612.082435,1,
llvmss_misc_mandel-2,aot,native,5,590.46524,591.249939,1,
llvmss_misc_mandel-2,aot,wasm-aot,5,606.442277,611.680791,1,
llvmss_misc_mandel-2,aot,native,6,590.500888,591.302365,1,
llvmss_misc_mandel-2,aot,wasm-aot,6,606.488097,611.466764,1,
llvmss_misc_mandel-2,aot,native,7,590.297057,591.070201,1,
llvmss_misc_mandel-2,aot,wasm-aot,7,606.615128,611.707689,1,
llvmss_misc_mandel-2,aot,native,8,590.592892,591.426825,1,
llvmss_misc_mandel-2,aot,wasm-aot,8,606.295702,611.366902,1,
llvmss_misc_mandel-2,aot,native,9,590.482412,591.182599,1,
llvmss_misc_mandel-2,aot,wasm-aot,9,606.685919,611.714704,1,
llvmss_misc_mandel-2,aot,native,10,592.722972,593.469832,1,
llvmss_misc_mandel-2,aot,wasm-aot,10,606.48491,611.653991,1,
llvmss_misc_matmul_f64_4x4,jit,native,1,404.608044,405.467143,1,
llvmss_misc_matmul_f64_4x4,jit,wasm-jit,1,890.020486,896.357849,1,
llvmss_misc_matmul_f64_4x4,jit,native,2,404.811096,405.503675,1,
llvmss_misc_matmul_f64_4x4,jit,wasm-jit,2,890.289065,895.638201,1,
llvmss_misc_matmul_f64_4x4,jit,native,3,404.428012,405.189097,1,
llvmss_misc_matmul_f64_4x4,jit,wasm-jit,3,889.5528,895.07382,1,
llvmss_misc_matmul_f64_4x4,jit,native,4,404.440279,405.177407,1,
llvmss_misc_matmul_f64_4x4,jit,wasm-jit,4,889.860973,895.442365,1,
llvmss_misc_matmul_f64_4x4,jit,native,5,404.71132,405.412847,1,
llvmss_misc_matmul_f64_4x4,jit,wasm-jit,5,890.08759,895.636274,1,
llvmss_misc_matmul_f64_4x4,jit,native,6,431.574407,432.324331,1,
llvmss_misc_matmul_f64_4x4,jit,wasm-jit,6,890.083339,895.652942,1,
llvmss_misc_matmul_f64_4x4,jit,native,7,404.167171,404.873937,1,
llvmss_misc_matmul_f64_4x4,jit,wasm-jit,7,890.131205,895.523224,1,
llvmss_misc_matmul_f64_4x4,jit,native,8,404.723172,405.470729,1,
llvmss_misc_matmul_f64_4x4,jit,wasm-jit,8,892.756132,898.354741,1,
llvmss_misc_matmul_f64_4x4,jit,native,9,513.094787,513.910605,1,
llvmss_misc_matmul_f64_4x4,jit,wasm-jit,9,890.124982,895.597627,1,
llvmss_misc_matmul_f64_4x4,jit,native,10,403.644171,404.340781,1,
llvmss_misc_matmul_f64_4x4,jit,wasm-jit,10,889.832066,895.183172,1,
llvmss_misc_matmul_f64_4x4,aot,native,1,404.523201,405.215878,1,
llvmss_misc_matmul_f64_4x4,aot,wasm-aot,1,889.837846,894.725559,1,
llvmss_misc_matmul_f64_4x4,aot,native,2,454.629364,455.432774,1,
llvmss_misc_matmul_f64_4x4,aot,wasm-aot,2,889.852897,894.796483,1,
llvmss_misc_matmul_f64_4x4,aot,native,3,403.727161,404.353943,1,
llvmss_misc_matmul_f64_4x4,aot,wasm-aot,3,889.877247,894.965008,1,
llvmss_misc_matmul_f64_4x4,aot,native,4,404.570948,405.234516,1,
llvmss_misc_matmul_f64_4x4,aot,wasm-aot,4,889.867601,894.63676,1,
llvmss_misc_matmul_f64_4x4,aot,native,5,404.101177,404.784365,1,
llvmss_misc_matmul_f64_4x4,aot,wasm-aot,5,890.050058,894.92186,1,
llvmss_misc_matmul_f64_4x4,aot,native,6,404.317119,405.136069,1,
llvmss_misc_matmul_f64_4x4,aot,wasm-aot,6,889.67174,894.750834,1,
llvmss_misc_matmul_f64_4x4,aot,native,7,404.700201,405.481137,1,
llvmss_misc_matmul_f64_4x4,aot,wasm-aot,7,889.704961,894.945016,1,
llvmss_misc_matmul_f64_4x4,aot,native,8,404.377207,405.081499,1,
llvmss_misc_matmul_f64_4x4,aot,wasm-aot,8,890.073766,895.268055,1,
llvmss_misc_matmul_f64_4x4,aot,native,9,404.26389,405.082548,1,
llvmss_misc_matmul_f64_4x4,aot,wasm-aot,9,890.177343,895.150537,1,
llvmss_misc_matmul_f64_4x4,aot,native,10,403.900717,404.574223,1,
llvmss_misc_matmul_f64_4x4,aot,wasm-aot,10,890.311175,895.278705,1,
llvmss_misc_reedsolomon,jit,native,1,2969.169608,2969.952432,1,
llvmss_misc_reedsolomon,jit,wasm-jit,1,2802.549,2808.233643,1,
llvmss_misc_reedsolomon,jit,native,2,2965.213744,2966.123486,1,
llvmss_misc_reedsolomon,jit,wasm-jit,2,2802.994086,2808.717616,1,
llvmss_misc_reedsolomon,jit,native,3,2965.865487,2966.596445,1,
llvmss_misc_reedsolomon,jit,wasm-jit,3,2803.419612,2809.003295,1,
llvmss_misc_reedsolomon,jit,native,4,2966.232326,2967.037532,1,
llvmss_misc_reedsolomon,jit,wasm-jit,4,2802.846842,2808.532162,1,
llvmss_misc_reedsolomon,jit,native,5,2968.035143,2968.849855,1,
llvmss_misc_reedsolomon,jit,wasm-jit,5,2802.291024,2807.800435,1,
llvmss_misc_reedsolomon,jit,native,6,2970.824211,2971.58191,1,
llvmss_misc_reedsolomon,jit,wasm-jit,6,2802.705103,2808.406888,1,
llvmss_misc_reedsolomon,jit,native,7,2968.995159,2969.758481,1,
llvmss_misc_reedsolomon,jit,wasm-jit,7,2803.088889,2808.848016,1,
llvmss_misc_reedsolomon,jit,native,8,2965.702437,2966.444142,1,
llvmss_misc_reedsolomon,jit,wasm-jit,8,2802.993969,2808.64884,1,
llvmss_misc_reedsolomon,jit,native,9,2966.701973,2967.512349,1,
llvmss_misc_reedsolomon,jit,wasm-jit,9,2802.162139,2807.988014,1,
llvmss_misc_reedsolomon,jit,native,10,2966.01546,2966.82184,1,
llvmss_misc_reedsolomon,jit,wasm-jit,10,2803.03243,2808.523022,1,
llvmss_misc_reedsolomon,aot,native,1,2964.743562,2965.587476,1,
llvmss_misc_reedsolomon,aot,wasm-aot,1,2802.745112,2807.9411,1,
llvmss_misc_reedsolomon,aot,native,2,2965.527156,2966.289708,1,
llvmss_misc_reedsolomon,aot,wasm-aot,2,2802.508587,2807.989497,1,
llvmss_misc_reedsolomon,aot,native,3,2969.162767,2969.956124,1,
llvmss_misc_reedsolomon,aot,wasm-aot,3,2803.055176,2808.298353,1,
llvmss_misc_reedsolomon,aot,native,4,2965.635679,2966.481946,1,
llvmss_misc_reedsolomon,aot,wasm-aot,4,2803.090462,2808.133516,1,
llvmss_misc_reedsolomon,aot,native,5,2966.641125,2967.454048,1,
llvmss_misc_reedsolomon,aot,wasm-aot,5,2803.067849,2807.969857,1,
llvmss_misc_reedsolomon,aot,native,6,2966.029053,2966.780582,1,
llvmss_misc_reedsolomon,aot,wasm-aot,6,2803.19927,2808.435744,1,
llvmss_misc_reedsolomon,aot,native,7,2965.257128,2966.092292,1,
llvmss_misc_reedsolomon,aot,wasm-aot,7,2802.176823,2807.51905,1,
llvmss_misc_reedsolomon,aot,native,8,2965.153318,2965.926332,1,
llvmss_misc_reedsolomon,aot,wasm-aot,8,2802.911301,2807.980204,1,
llvmss_misc_reedsolomon,aot,native,9,2965.371431,2966.110248,1,
llvmss_misc_reedsolomon,aot,wasm-aot,9,2802.46602,2807.881767,1,
llvmss_misc_reedsolomon,aot,native,10,2965.37316,2966.275796,1,
llvmss_misc_reedsolomon,aot,wasm-aot,10,2802.8433,2807.965584,1,
llvmss_misc_richards_benchmark,jit,native,1,452.137758,453.004992,1,
llvmss_misc_richards_benchmark,jit,wasm-jit,1,819.598883,825.252576,1,
llvmss_misc_richards_benchmark,jit,native,2,452.267899,452.992361,1,
llvmss_misc_richards_benchmark,jit,wasm-jit,2,832.101882,837.801304,1,
llvmss_misc_richards_benchmark,jit,native,3,455.917054,456.644516,1,
llvmss_misc_richards_benchmark,jit,wasm-jit,3,824.497699,830.06857,1,
llvmss_misc_richards_benchmark,jit,native,4,452.2828,452.936247,1,
llvmss_misc_richards_benchmark,jit,wasm-jit,4,820.685414,826.235751,1,
llvmss_misc_richards_benchmark,jit,native,5,451.251711,452.097775,1,
llvmss_misc_richards_benchmark,jit,wasm-jit,5,821.083192,826.613251,1,
llvmss_misc_richards_benchmark,jit,native,6,451.820624,452.590277,1,
llvmss_misc_richards_benchmark,jit,wasm-jit,6,820.168863,825.840008,1,
llvmss_misc_richards_benchmark,jit,native,7,452.400682,453.144575,1,
llvmss_misc_richards_benchmark,jit,wasm-jit,7,826.387025,831.854865,1,
llvmss_misc_richards_benchmark,jit,native,8,452.069676,452.90624,1,
llvmss_misc_richards_benchmark,jit,wasm-jit,8,822.442223,828.134539,1,
llvmss_misc_richards_benchmark,jit,native,9,451.250064,452.047365,1,
llvmss_misc_richards_benchmark,jit,wasm-jit,9,820.274032,825.797558,1,
llvmss_misc_richards_benchmark,jit,native,10,465.662644,466.468437,1,
llvmss_misc_richards_benchmark,jit,wasm-jit,10,823.627717,829.095474,1,
llvmss_misc_richards_benchmark,aot,native,1,452.608446,453.463638,1,
llvmss_misc_richards_benchmark,aot,wasm-aot,1,820.662937,825.85126,1,
llvmss_misc_richards_benchmark,aot,native,2,451.165834,451.894883,1,
llvmss_misc_richards_benchmark,aot,wasm-aot,2,821.92612,827.322118,1,
llvmss_misc_richards_benchmark,aot,native,3,451.754754,452.587085,1,
llvmss_misc_richards_benchmark,aot,wasm-aot,3,824.87252,829.93965,1,
llvmss_misc_richards_benchmark,aot,native,4,451.468138,452.158462,1,
llvmss_misc_richards_benchmark,aot,wasm-aot,4,821.846619,827.116141,1,
llvmss_misc_richards_benchmark,aot,native,5,451.689222,452.508328,1,
llvmss_misc_richards_benchmark,aot,wasm-aot,5,822.170821,827.446476,1,
llvmss_misc_richards_benchmark,aot,native,6,451.88389,452.643683,1,
llvmss_misc_richards_benchmark,aot,wasm-aot,6,822.55647,827.745361,1,
llvmss_misc_richards_benchmark,aot,native,7,452.467044,453.216622,1,
llvmss_misc_richards_benchmark,aot,wasm-aot,7,821.565961,826.5907,1,
llvmss_misc_richards_benchmark,aot,native,8,452.596409,453.476384,1,
llvmss_misc_richards_benchmark,aot,wasm-aot,8,820.756932,826.030621,1,
llvmss_misc_richards_benchmark,aot,native,9,451.7185,452.536941,1,
llvmss_misc_richards_benchmark,aot,wasm-aot,9,822.298377,827.385725,1,
llvmss_misc_richards_benchmark,aot,native,10,452.004305,452.810064,1,
llvmss_misc_richards_benchmark,aot,wasm-aot,10,821.605518,826.793855,1,
llvmss_misc_salsa20,jit,native,1,3714.473347,3715.233807,1,
llvmss_misc_salsa20,jit,wasm-jit,1,4532.715859,4538.251663,1,
llvmss_misc_salsa20,jit,native,2,3711.678182,3712.451024,1,
llvmss_misc_salsa20,jit,wasm-jit,2,4531.532031,4536.964426,1,
llvmss_misc_salsa20,jit,native,3,3710.16197,3710.954431,1,
llvmss_misc_salsa20,jit,wasm-jit,3,4532.25659,4537.591964,1,
llvmss_misc_salsa20,jit,native,4,3712.338148,3713.112019,1,
llvmss_misc_salsa20,jit,wasm-jit,4,4531.666284,4537.29718,1,
llvmss_misc_salsa20,jit,native,5,3712.149674,3712.872159,1,
llvmss_misc_salsa20,jit,wasm-jit,5,4532.011484,4537.420988,1,
llvmss_misc_salsa20,jit,native,6,3710.358088,3711.125569,1,
llvmss_misc_salsa20,jit,wasm-jit,6,4531.844274,4537.491638,1,
llvmss_misc_salsa20,jit,native,7,3710.671653,3711.416597,1,
llvmss_misc_salsa20,jit,wasm-jit,7,4532.095883,4537.588296,1,
llvmss_misc_salsa20,jit,native,8,3711.064122,3711.822793,1,
llvmss_misc_salsa20,jit,wasm-jit,8,4531.541734,4537.30827,1,
llvmss_misc_salsa20,jit,native,9,3711.809574,3712.584432,1,
llvmss_misc_salsa20,jit,wasm-jit,9,4533.015447,4538.736112,1,
llvmss_misc_salsa20,jit,native,10,3713.260201,3714.033721,1,
llvmss_misc_salsa20,jit,wasm-jit,10,4532.132556,4537.554741,1,
llvmss_misc_salsa20,aot,native,1,3711.389255,3712.184511,1,
llvmss_misc_salsa20,aot,wasm-aot,1,4532.122274,4537.325166,1,
llvmss_misc_salsa20,aot,native,2,3712.961935,3713.772038,1,
llvmss_misc_salsa20,aot,wasm-aot,2,4533.298339,4538.495513,1,
llvmss_misc_salsa20,aot,native,3,3712.841986,3713.559609,1,
llvmss_misc_salsa20,aot,wasm-aot,3,4530.808197,4535.996418,1,
llvmss_misc_salsa20,aot,native,4,3710.422689,3711.170997,1,
llvmss_misc_salsa20,aot,wasm-aot,4,4530.415978,4535.641024,1,
llvmss_misc_salsa20,aot,native,5,3708.752234,3709.482424,1,
llvmss_misc_salsa20,aot,wasm-aot,5,4530.885014,4535.970751,1,
llvmss_misc_salsa20,aot,native,6,3708.841275,3709.626289,1,
llvmss_misc_salsa20,aot,wasm-aot,6,4532.483489,4537.564872,1,
llvmss_misc_salsa20,aot,native,7,3712.13934,3712.934958,1,
llvmss_misc_salsa20,aot,wasm-aot,7,4531.475916,4536.646595,1,
llvmss_misc_salsa20,aot,native,8,3711.554258,3712.350272,1,
llvmss_misc_salsa20,aot,wasm-aot,8,4530.398717,4535.716401,1,
llvmss_misc_salsa20,aot,native,9,3711.276594,3712.07002,1,
llvmss_misc_salsa20,aot,wasm-aot,9,4532.216449,4537.218031,1,
llvmss_misc_salsa20,aot,native,10,3712.235102,3712.948592,1,
llvmss_misc_salsa20,aot,wasm-aot,10,4532.324041,4537.575664,1,
llvmss_shootout_hello,jit,native,1,0.014703,0.619421,1,
llvmss_shootout_hello,jit,wasm-jit,1,0.053084,4.36344,1,
llvmss_shootout_hello,jit,native,2,0.013256,0.525611,1,
llvmss_shootout_hello,jit,wasm-jit,2,0.058118,4.373079,1,
llvmss_shootout_hello,jit,native,3,0.013507,0.533475,1,
llvmss_shootout_hello,jit,wasm-jit,3,0.056812,4.792802,1,
llvmss_shootout_hello,jit,native,4,0.016117,0.580901,1,
llvmss_shootout_hello,jit,wasm-jit,4,0.057332,4.46932,1,
llvmss_shootout_hello,jit,native,5,0.013695,0.479497,1,
llvmss_shootout_hello,jit,wasm-jit,5,0.051142,4.29857,1,
llvmss_shootout_hello,jit,native,6,0.013819,0.491895,1,
llvmss_shootout_hello,jit,wasm-jit,6,0.057999,4.755115,1,
llvmss_shootout_hello,jit,native,7,0.013465,0.590101,1,
llvmss_shootout_hello,jit,wasm-jit,7,0.071202,5.614407,1,
llvmss_shootout_hello,jit,native,8,0.012969,0.546483,1,
llvmss_shootout_hello,jit,wasm-jit,8,0.056116,4.551658,1,
llvmss_shootout_hello,jit,native,9,0.013002,0.479277,1,
llvmss_shootout_hello,jit,wasm-jit,9,0.056048,4.268564,1,
llvmss_shootout_hello,jit,native,10,0.014231,0.525421,1,
llvmss_shootout_hello,jit,wasm-jit,10,0.055273,4.426796,1,
llvmss_shootout_hello,aot,native,1,0.015007,0.482742,1,
llvmss_shootout_hello,aot,wasm-aot,1,0.056887,3.951317,1,
llvmss_shootout_hello,aot,native,2,0.013057,0.466252,1,
llvmss_shootout_hello,aot,wasm-aot,2,0.050565,4.014816,1,
llvmss_shootout_hello,aot,native,3,0.013391,0.501392,1,
llvmss_shootout_hello,aot,wasm-aot,3,0.053499,3.797671,1,
llvmss_shootout_hello,aot,native,4,0.013053,0.46511,1,
llvmss_shootout_hello,aot,wasm-aot,4,0.055939,3.889563,1,
llvmss_shootout_hello,aot,native,5,0.013843,0.523917,1,
llvmss_shootout_hello,aot,wasm-aot,5,0.058482,4.067149,1,
llvmss_shootout_hello,aot,native,6,0.014871,0.554496,1,
llvmss_shootout_hello,aot,wasm-aot,6,0.080714,4.76912,1,
llvmss_shootout_hello,aot,native,7,0.020637,0.710651,1,
llvmss_shootout_hello,aot,wasm-aot,7,0.102547,7.290123,1,
llvmss_shootout_hello,aot,native,8,0.03062,1.033178,1,
llvmss_shootout_hello,aot,wasm-aot,8,0.062446,5.485622,1,
llvmss_shootout_hello,aot,native,9,0.012785,0.470787,1,
llvmss_shootout_hello,aot,wasm-aot,9,0.050529,3.976399,1,
llvmss_shootout_hello,aot,native,10,0.013418,0.435473,1,
llvmss_shootout_hello,aot,wasm-aot,10,0.058876,3.941555,1,
llvmss_stanford_bubblesort,jit,native,1,11.360249,12.113623,1,
llvmss_stanford_bubblesort,jit,wasm-jit,1,16.2256,20.947818,1,
llvmss_stanford_bubblesort,jit,native,2,11.351792,11.989804,1,
llvmss_stanford_bubblesort,jit,wasm-jit,2,16.691326,21.487679,1,
llvmss_stanford_bubblesort,jit,native,3,11.328772,11.907127,1,
llvmss_stanford_bubblesort,jit,wasm-jit,3,16.205178,20.501083,1,
llvmss_stanford_bubblesort,jit,native,4,11.410084,11.996342,1,
llvmss_stanford_bubblesort,jit,wasm-jit,4,17.299488,21.857852,1,
llvmss_stanford_bubblesort,jit,native,5,13.210389,13.991216,1,
llvmss_stanford_bubblesort,jit,wasm-jit,5,22.757673,31.255368,1,
llvmss_stanford_bubblesort,jit,native,6,11.368925,11.899276,1,
llvmss_stanford_bubblesort,jit,wasm-jit,6,16.247384,20.65989,1,
llvmss_stanford_bubblesort,jit,native,7,11.371183,11.961725,1,
llvmss_stanford_bubblesort,jit,wasm-jit,7,20.23164,24.818221,1,
llvmss_stanford_bubblesort,jit,native,8,11.994934,12.533234,1,
llvmss_stanford_bubblesort,jit,wasm-jit,8,16.231537,20.692592,1,
llvmss_stanford_bubblesort,jit,native,9,11.371518,12.016652,1,
llvmss_stanford_bubblesort,jit,wasm-jit,9,16.202512,20.626612,1,
llvmss_stanford_bubblesort,jit,native,10,11.334674,11.874607,1,
llvmss_stanford_bubblesort,jit,wasm-jit,10,16.26146,20.647706,1,
llvmss_stanford_bubblesort,aot,native,1,11.276681,11.860508,1,
llvmss_stanford_bubblesort,aot,wasm-aot,1,16.820051,21.276383,1,
llvmss_stanford_bubblesort,aot,native,2,11.30224,11.834487,1,
llvmss_stanford_bubblesort,aot,wasm-aot,2,16.327874,20.797616,1,
llvmss_stanford_bubblesort,aot,native,3,11.341013,11.975126,1,
llvmss_stanford_bubblesort,aot,wasm-aot,3,16.243968,20.38002,1,
llvmss_stanford_bubblesort,aot,native,4,11.297354,11.843896,1,
llvmss_stanford_bubblesort,aot,wasm-aot,4,23.622398,28.097626,1,
llvmss_stanford_bubblesort,aot,native,5,12.24493,12.759941,1,
llvmss_stanford_bubblesort,aot,wasm-aot,5,16.26025,20.251527,1,
llvmss_stanford_bubblesort,aot,native,6,11.39654,11.971401,1,
llvmss_stanford_bubblesort,aot,wasm-aot,6,16.265684,20.262629,1,
llvmss_stanford_bubblesort,aot,native,7,11.327639,11.915294,1,
llvmss_stanford_bubblesort,aot,wasm-aot,7,16.503835,20.870129,1,
llvmss_stanford_bubblesort,aot,native,8,11.455455,12.018228,1,
llvmss_stanford_bubblesort,aot,wasm-aot,8,16.238318,20.24628,1,
llvmss_stanford_bubblesort,aot,native,9,11.301244,11.865187,1,
llvmss_stanford_bubblesort,aot,wasm-aot,9,16.254024,20.309256,1,
llvmss_stanford_bubblesort,aot,native,10,11.26998,11.834376,1,
llvmss_stanford_bubblesort,aot,wasm-aot,10,16.213058,20.298108,1,
llvmss_stanford_floatmm,jit,native,1,187.856051,188.606514,1,
llvmss_stanford_floatmm,jit,wasm-jit,1,331.164526,336.515332,1,
llvmss_stanford_floatmm,jit,native,2,188.026855,188.779568,1,
llvmss_stanford_floatmm,jit,wasm-jit,2,331.247613,336.585896,1,
llvmss_stanford_floatmm,jit,native,3,187.754271,188.460905,1,
llvmss_stanford_floatmm,jit,wasm-jit,3,331.413921,336.61554,1,
llvmss_stanford_floatmm,jit,native,4,187.418239,188.09911,1,
llvmss_stanford_floatmm,jit,wasm-jit,4,331.486626,336.660337,1,
llvmss_stanford_floatmm,jit,native,5,187.728642,188.377477,1,
llvmss_stanford_floatmm,jit,wasm-jit,5,331.635646,337.335493,1,
llvmss_stanford_floatmm,jit,native,6,187.672623,188.459814,1,
llvmss_stanford_floatmm,jit,wasm-jit,6,331.370992,336.846901,1,
llvmss_stanford_floatmm,jit,native,7,187.486076,188.228691,1,
llvmss_stanford_floatmm,jit,wasm-jit,7,331.416265,336.875472,1,
llvmss_stanford_floatmm,jit,native,8,187.75109,188.556829,1,
llvmss_stanford_floatmm,jit,wasm-jit,8,331.265877,336.762128,1,
llvmss_stanford_floatmm,jit,native,9,187.74586,188.564127,1,
llvmss_stanford_floatmm,jit,wasm-jit,9,331.559393,337.04624,1,
llvmss_stanford_floatmm,jit,native,10,187.938315,188.778186,1,
llvmss_stanford_floatmm,jit,wasm-jit,10,331.393259,337.022465,1,
llvmss_stanford_floatmm,aot,native,1,187.798931,188.547652,1,
llvmss_stanford_floatmm,aot,wasm-aot,1,331.466778,336.563919,1,
llvmss_stanford_floatmm,aot,native,2,187.719976,188.388243,1,
llvmss_stanford_floatmm,aot,wasm-aot,2,331.478002,336.308492,1,
llvmss_stanford_floatmm,aot,native,3,187.41294,188.00999,1,
llvmss_stanford_floatmm,aot,wasm-aot,3,331.617474,336.525697,1,
llvmss_stanford_floatmm,aot,native,4,187.718426,188.418081,1,
llvmss_stanford_floatmm,aot,wasm-aot,4,331.350694,336.409453,1,
llvmss_stanford_floatmm,aot,native,5,187.432639,188.153833,1,
llvmss_stanford_floatmm,aot,wasm-aot,5,331.408354,336.356325,1,
llvmss_stanford_floatmm,aot,native,6,187.671073,188.471206,1,
llvmss_stanford_floatmm,aot,wasm-aot,6,331.713021,336.75988,1,
llvmss_stanford_floatmm,aot,native,7,187.68002,188.482432,1,
llvmss_stanford_floatmm,aot,wasm-aot,7,331.360999,336.481778,1,
llvmss_stanford_floatmm,aot,native,8,187.604836,188.391296,1,
llvmss_stanford_floatmm,aot,wasm-aot,8,331.569921,336.775493,1,
llvmss_stanford_floatmm,aot,native,9,187.796007,188.599911,1,
llvmss_stanford_floatmm,aot,wasm-aot,9,331.223107,336.253447,1,
llvmss_stanford_floatmm,aot,native,10,187.487833,188.147249,1,
llvmss_stanford_floatmm,aot,wasm-aot,10,331.561317,336.456155,1,
llvmss_stanford_intmm,jit,native,1,0.315869,0.953134,1,
llvmss_stanford_intmm,jit,wasm-jit,1,0.679118,5.103018,1,
llvmss_stanford_intmm,jit,native,2,0.322641,0.848608,1,
llvmss_stanford_intmm,jit,wasm-jit,2,0.653196,4.854783,1,
llvmss_stanford_intmm,jit,native,3,0.292518,0.743397,1,
llvmss_stanford_intmm,jit,wasm-jit,3,0.692679,4.874459,1,
llvmss_stanford_intmm,jit,native,4,0.311775,0.784213,1,
llvmss_stanford_intmm,jit,wasm-jit,4,0.712381,4.87976,1,
llvmss_stanford_intmm,jit,native,5,0.316189,0.805896,1,
llvmss_stanford_intmm,jit,wasm-jit,5,0.965626,5.912129,1,
llvmss_stanford_intmm,jit,native,6,0.43636,1.098841,1,
llvmss_stanford_intmm,jit,wasm-jit,6,0.96614,6.631033,1,
llvmss_stanford_intmm,jit,native,7,0.318769,0.851117,1,
llvmss_stanford_intmm,jit,wasm-jit,7,0.645368,4.773142,1,
llvmss_stanford_intmm,jit,native,8,0.276176,0.805262,1,
llvmss_stanford_intmm,jit,wasm-jit,8,0.707499,5.000217,1,
llvmss_stanford_intmm,jit,native,9,0.314813,0.75509,1,
llvmss_stanford_intmm,jit,wasm-jit,9,0.997984,6.047115,1,
llvmss_stanford_intmm,jit,native,10,0.533141,1.262872,1,
llvmss_stanford_intmm,jit,wasm-jit,10,0.74466,6.700778,1,
llvmss_stanford_intmm,aot,native,1,0.330524,0.880448,1,
llvmss_stanford_intmm,aot,wasm-aot,1,0.767751,5.116152,1,
llvmss_stanford_intmm,aot,native,2,0.430541,1.035813,1,
llvmss_stanford_intmm,aot,wasm-aot,2,0.887931,6.430775,1,
llvmss_stanford_intmm,aot,native,3,0.419107,1.003006,1,
llvmss_stanford_intmm,aot,wasm-aot,3,1.005814,5.69086,1,
llvmss_stanford_intmm,aot,native,4,0.570625,1.253277,1,
llvmss_stanford_intmm,aot,wasm-aot,4,1.391577,8.115262,1,
llvmss_stanford_intmm,aot,native,5,0.436274,1.10966,1,
llvmss_stanford_intmm,aot,wasm-aot,5,0.895185,6.650535,1,
llvmss_stanford_intmm,aot,native,6,0.386137,0.967273,1,
llvmss_stanford_intmm,aot,wasm-aot,6,0.877448,5.751712,1,
llvmss_stanford_intmm,aot,native,7,0.276253,0.728464,1,
llvmss_stanford_intmm,aot,wasm-aot,7,0.665109,4.268901,1,
llvmss_stanford_intmm,aot,native,8,0.275185,0.710919,1,
llvmss_stanford_intmm,aot,wasm-aot,8,0.710978,4.71589,1,
llvmss_stanford_intmm,aot,native,9,0.308116,0.831379,1,
llvmss_stanford_intmm,aot,wasm-aot,9,0.660129,4.514052,1,
llvmss_stanford_intmm,aot,native,10,0.273772,0.689639,1,
llvmss_stanford_intmm,aot,wasm-aot,10,0.738008,4.520085,1,
llvmss_stanford_oscar,jit,native,1,0.491191,1.113951,1,
llvmss_stanford_oscar,jit,wasm-jit,1,1.082117,5.559649,1,
llvmss_stanford_oscar,jit,native,2,0.485399,1.029257,1,
llvmss_stanford_oscar,jit,wasm-jit,2,1.270813,5.672008,1,
llvmss_stanford_oscar,jit,native,3,0.617369,1.26116,1,
llvmss_stanford_oscar,jit,wasm-jit,3,1.446501,7.243099,1,
llvmss_stanford_oscar,jit,native,4,0.676568,1.32375,1,
llvmss_stanford_oscar,jit,wasm-jit,4,2.040956,9.099992,1,
llvmss_stanford_oscar,jit,native,5,0.79458,1.552269,1,
llvmss_stanford_oscar,jit,wasm-jit,5,1.385053,8.265538,1,
llvmss_stanford_oscar,jit,native,6,0.615368,1.226705,1,
llvmss_stanford_oscar,jit,wasm-jit,6,1.536051,7.244576,1,
llvmss_stanford_oscar,jit,native,7,1.019489,1.876252,1,
llvmss_stanford_oscar,jit,wasm-jit,7,1.104839,7.886428,1,
llvmss_stanford_oscar,jit,native,8,0.48306,1.012763,1,
llvmss_stanford_oscar,jit,wasm-jit,8,1.095129,5.429296,1,
llvmss_stanford_oscar,jit,native,9,0.537283,1.020795,1,
llvmss_stanford_oscar,jit,wasm-jit,9,1.08261,5.403576,1,
llvmss_stanford_oscar,jit,native,10,0.483748,0.970133,1,
llvmss_stanford_oscar,jit,wasm-jit,10,1.076329,5.281238,1,
llvmss_stanford_oscar,aot,native,1,0.489313,0.991136,1,
llvmss_stanford_oscar,aot,wasm-aot,1,1.092355,4.936542,1,
llvmss_stanford_oscar,aot,native,2,0.490463,0.955047,1,
llvmss_stanford_oscar,aot,wasm-aot,2,1.175819,5.105935,1,
llvmss_stanford_oscar,aot,native,3,0.533313,1.026601,1,
llvmss_stanford_oscar,aot,wasm-aot,3,1.081804,5.06215,1,
llvmss_stanford_oscar,aot,native,4,0.517637,0.975972,1,
llvmss_stanford_oscar,aot,wasm-aot,4,1.074519,4.964644,1,
llvmss_stanford_oscar,aot,native,5,0.496013,0.965348,1,
llvmss_stanford_oscar,aot,wasm-aot,5,1.067635,5.034486,1,
llvmss_stanford_oscar,aot,native,6,0.498979,1.001095,1,
llvmss_stanford_oscar,aot,wasm-aot,6,1.102365,5.015777,1,
llvmss_stanford_oscar,aot,native,7,0.484082,1.00084,1,
llvmss_stanford_oscar,aot,wasm-aot,7,1.071113,4.79584,1,
llvmss_stanford_oscar,aot,native,8,0.503121,0.980932,1,
llvmss_stanford_oscar,aot,wasm-aot,8,1.08003,4.969519,1,
llvmss_stanford_oscar,aot,native,9,0.489975,0.959441,1,
llvmss_stanford_oscar,aot,wasm-aot,9,1.083749,4.909975,1,
llvmss_stanford_oscar,aot,native,10,0.528785,0.992259,1,
llvmss_stanford_oscar,aot,wasm-aot,10,1.076609,4.779408,1,
llvmss_stanford_perm,jit,native,1,8.219216,8.926298,1,
llvmss_stanford_perm,jit,wasm-jit,1,19.711103,24.25551,1,
llvmss_stanford_perm,jit,native,2,8.214735,8.794177,1,
llvmss_stanford_perm,jit,wasm-jit,2,20.198537,24.791311,1,
llvmss_stanford_perm,jit,native,3,8.185156,8.6991,1,
llvmss_stanford_perm,jit,wasm-jit,3,19.11658,23.950519,1,
llvmss_stanford_perm,jit,native,4,8.214151,8.78204,1,
llvmss_stanford_perm,jit,wasm-jit,4,24.818084,29.13524,1,
llvmss_stanford_perm,jit,native,5,8.227431,8.775257,1,
llvmss_stanford_perm,jit,wasm-jit,5,19.228155,23.559719,1,
llvmss_stanford_perm,jit,native,6,8.224172,8.761914,1,
llvmss_stanford_perm,jit,wasm-jit,6,18.952374,23.601068,1,
llvmss_stanford_perm,jit,native,7,8.224774,8.802088,1,
llvmss_stanford_perm,jit,wasm-jit,7,18.993844,23.38914,1,
llvmss_stanford_perm,jit,native,8,8.198728,8.738523,1,
llvmss_stanford_perm,jit,wasm-jit,8,19.089572,23.51746,1,
llvmss_stanford_perm,jit,native,9,8.215533,8.750506,1,
llvmss_stanford_perm,jit,wasm-jit,9,19.203584,23.912882,1,
llvmss_stanford_perm,jit,native,10,8.180981,8.752376,1,
llvmss_stanford_perm,jit,wasm-jit,10,19.110689,23.66985,1,
llvmss_stanford_perm,aot,native,1,8.207226,8.937368,1,
llvmss_stanford_perm,aot,wasm-aot,1,18.931208,23.011005,1,
llvmss_stanford_perm,aot,native,2,9.49026,10.097753,1,
llvmss_stanford_perm,aot,wasm-aot,2,19.320365,23.763908,1,
llvmss_stanford_perm,aot,native,3,8.609477,9.255555,1,
llvmss_stanford_perm,aot,wasm-aot,3,22.11107,26.201915,1,
llvmss_stanford_perm,aot,native,4,8.216887,8.797107,1,
llvmss_stanford_perm,aot,wasm-aot,4,19.267693,23.209343,1,
llvmss_stanford_perm,aot,native,5,8.315198,8.924484,1,
llvmss_stanford_perm,aot,wasm-aot,5,18.976983,23.889337,1,
llvmss_stanford_perm,aot,native,6,8.245925,8.832034,1,
llvmss_stanford_perm,aot,wasm-aot,6,19.323139,24.143169,1,
llvmss_stanford_perm,aot,native,7,8.220855,8.847011,1,
llvmss_stanford_perm,aot,wasm-aot,7,19.160185,24.055645,1,
llvmss_stanford_perm,aot,native,8,8.193386,8.780275,1,
llvmss_stanford_perm,aot,wasm-aot,8,19.175635,23.854883,1,
llvmss_stanford_perm,aot,native,9,8.214007,8.767467,1,
llvmss_stanford_perm,aot,wasm-aot,9,19.661248,23.843141,1,
llvmss_stanford_perm,aot,native,10,8.195964,8.82604,1,
llvmss_stanford_perm,aot,wasm-aot,10,19.127428,23.178518,1,
llvmss_stanford_puzzle,jit,native,1,51.497246,52.228283,1,
llvmss_stanford_puzzle,jit,wasm-jit,1,77.301091,82.218619,1,
llvmss_stanford_puzzle,jit,native,2,51.655038,52.248269,1,
llvmss_stanford_puzzle,jit,wasm-jit,2,77.546974,82.413971,1,
llvmss_stanford_puzzle,jit,native,3,51.858403,52.538866,1,
llvmss_stanford_puzzle,jit,wasm-jit,3,77.356427,82.527688,1,
llvmss_stanford_puzzle,jit,native,4,51.888305,52.654883,1,
llvmss_stanford_puzzle,jit,wasm-jit,4,77.737642,82.794013,1,
llvmss_stanford_puzzle,jit,native,5,51.574674,52.186484,1,
llvmss_stanford_puzzle,jit,wasm-jit,5,77.343051,82.439018,1,
llvmss_stanford_puzzle,jit,native,6,51.728792,52.424978,1,
llvmss_stanford_puzzle,jit,wasm-jit,6,77.375729,82.795521,1,
llvmss_stanford_puzzle,jit,native,7,51.494178,52.170949,1,
llvmss_stanford_puzzle,jit,wasm-jit,7,77.347713,82.393527,1,
llvmss_stanford_puzzle,jit,native,8,51.538214,52.244944,1,
llvmss_stanford_puzzle,jit,wasm-jit,8,77.344884,82.703002,1,
llvmss_stanford_puzzle,jit,native,9,51.612654,52.351208,1,
llvmss_stanford_puzzle,jit,wasm-jit,9,77.360947,82.293067,1,
llvmss_stanford_puzzle,jit,native,10,51.798679,52.440021,1,
llvmss_stanford_puzzle,jit,wasm-jit,10,77.705264,82.403565,1,
llvmss_stanford_puzzle,aot,native,1,51.602813,52.300517,1,
llvmss_stanford_puzzle,aot,wasm-aot,1,77.423544,81.949789,1,
llvmss_stanford_puzzle,aot,native,2,51.551029,52.248333,1,
llvmss_stanford_puzzle,aot,wasm-aot,2,77.601771,81.949836,1,
llvmss_stanford_puzzle,aot,native,3,51.738045,52.433932,1,
llvmss_stanford_puzzle,aot,wasm-aot,3,77.415446,81.983151,1,
llvmss_stanford_puzzle,aot,native,4,51.737902,52.420562,1,
llvmss_stanford_puzzle,aot,wasm-aot,4,77.360929,82.159763,1,
llvmss_stanford_puzzle,aot,native,5,51.932228,52.676477,1,
llvmss_stanford_puzzle,aot,wasm-aot,5,78.053464,83.498579,1,
llvmss_stanford_puzzle,aot,native,6,51.73736,52.527206,1,
llvmss_stanford_puzzle,aot,wasm-aot,6,77.320153,81.931621,1,
llvmss_stanford_puzzle,aot,native,7,51.679498,52.254492,1,
llvmss_stanford_puzzle,aot,wasm-aot,7,79.242669,83.873508,1,
llvmss_stanford_puzzle,aot,native,8,51.676782,52.39884,1,
llvmss_stanford_puzzle,aot,wasm-aot,8,77.337337,81.890389,1,
llvmss_stanford_puzzle,aot,native,9,51.65904,52.305631,1,
llvmss_stanford_puzzle,aot,wasm-aot,9,79.719728,84.635949,1,
llvmss_stanford_puzzle,aot,native,10,51.990744,52.642528,1,
llvmss_stanford_puzzle,aot,wasm-aot,10,77.290575,82.208391,1,
llvmss_stanford_queens,jit,native,1,5.424264,6.373696,1,
llvmss_stanford_queens,jit,wasm-jit,1,15.270731,21.942196,1,
llvmss_stanford_queens,jit,native,2,5.38965,6.065223,1,
llvmss_stanford_queens,jit,wasm-jit,2,15.049115,19.548824,1,
llvmss_stanford_queens,jit,native,3,5.406777,5.922478,1,
llvmss_stanford_queens,jit,wasm-jit,3,14.999052,19.534925,1,
llvmss_stanford_queens,jit,native,4,5.321925,5.898932,1,
llvmss_stanford_queens,jit,wasm-jit,4,16.225647,20.658424,1,
llvmss_stanford_queens,jit,native,5,5.242448,5.778911,1,
llvmss_stanford_queens,jit,wasm-jit,5,15.221942,19.888442,1,
llvmss_stanford_queens,jit,native,6,5.219134,5.792325,1,
llvmss_stanford_queens,jit,wasm-jit,6,18.10309,22.753384,1,
llvmss_stanford_queens,jit,native,7,5.258972,5.777191,1,
llvmss_stanford_queens,jit,wasm-jit,7,15.084419,19.489298,1,
llvmss_stanford_queens,jit,native,8,5.399753,5.894775,1,
llvmss_stanford_queens,jit,wasm-jit,8,15.114239,19.604675,1,
llvmss_stanford_queens,jit,native,9,5.302556,5.849792,1,
llvmss_stanford_queens,jit,wasm-jit,9,15.102657,19.731259,1,
llvmss_stanford_queens,jit,native,10,5.263845,5.785728,1,
llvmss_stanford_queens,jit,wasm-jit,10,17.392918,21.809649,1,
llvmss_stanford_queens,aot,native,1,5.250682,5.761979,1,
llvmss_stanford_queens,aot,wasm-aot,1,15.111933,19.453997,1,
llvmss_stanford_queens,aot,native,2,5.303791,5.868996,1,
llvmss_stanford_queens,aot,wasm-aot,2,15.639951,19.853191,1,
llvmss_stanford_queens,aot,native,3,5.281762,5.771209,1,
llvmss_stanford_queens,aot,wasm-aot,3,15.069319,19.023402,1,
llvmss_stanford_queens,aot,native,4,5.349812,5.84743,1,
llvmss_stanford_queens,aot,wasm-aot,4,15.150722,19.369865,1,
llvmss_stanford_queens,aot,native,5,5.241222,5.781285,1,
llvmss_stanford_queens,aot,wasm-aot,5,15.07324,19.026432,1,
llvmss_stanford_queens,aot,native,6,5.254883,5.764771,1,
llvmss_stanford_queens,aot,wasm-aot,6,15.130697,19.439332,1,
llvmss_stanford_queens,aot,native,7,5.29586,5.837232,1,
llvmss_stanford_queens,aot,wasm-aot,7,15.102569,19.160425,1,
llvmss_stanford_queens,aot,native,8,5.299298,5.822102,1,
llvmss_stanford_queens,aot,wasm-aot,8,15.389636,19.658796,1,
llvmss_stanford_queens,aot,native,9,5.339962,5.85524,1,
llvmss_stanford_queens,aot,wasm-aot,9,15.321738,19.68864,1,
llvmss_stanford_queens,aot,native,10,5.355838,5.911395,1,
llvmss_stanford_queens,aot,wasm-aot,10,16.608472,20.821724,1,
llvmss_stanford_quicksort,jit,native,1,27.822006,28.497398,1,
llvmss_stanford_quicksort,jit,wasm-jit,1,27.828616,32.493474,1,
llvmss_stanford_quicksort,jit,native,2,26.046032,26.627049,1,
llvmss_stanford_quicksort,jit,wasm-jit,2,27.880093,32.571033,1,
llvmss_stanford_quicksort,jit,native,3,25.911208,26.563864,1,
llvmss_stanford_quicksort,jit,wasm-jit,3,27.831124,32.103231,1,
llvmss_stanford_quicksort,jit,native,4,25.93565,26.564043,1,
llvmss_stanford_quicksort,jit,wasm-jit,4,27.869654,32.26066,1,
llvmss_stanford_quicksort,jit,native,5,26.02577,26.569115,1,
llvmss_stanford_quicksort,jit,wasm-jit,5,28.086666,32.692729,1,
llvmss_stanford_quicksort,jit,native,6,26.162757,26.741628,1,
llvmss_stanford_quicksort,jit,wasm-jit,6,28.095407,32.777801,1,
llvmss_stanford_quicksort,jit,native,7,26.580828,27.288994,1,
llvmss_stanford_quicksort,jit,wasm-jit,7,27.958959,32.400724,1,
llvmss_stanford_quicksort,jit,native,8,26.084622,26.694914,1,
llvmss_stanford_quicksort,jit,wasm-jit,8,27.978049,32.565728,1,
llvmss_stanford_quicksort,jit,native,9,25.500718,26.063452,1,
llvmss_stanford_quicksort,jit,wasm-jit,9,27.846304,32.453064,1,
llvmss_stanford_quicksort,jit,native,10,26.046943,26.681026,1,
llvmss_stanford_quicksort,jit,wasm-jit,10,28.07247,32.62119,1,
llvmss_stanford_quicksort,aot,native,1,25.66545,26.289748,1,
llvmss_stanford_quicksort,aot,wasm-aot,1,27.771941,32.269185,1,
llvmss_stanford_quicksort,aot,native,2,26.532464,27.073776,1,
llvmss_stanford_quicksort,aot,wasm-aot,2,27.998774,32.019576,1,
llvmss_stanford_quicksort,aot,native,3,26.200907,26.710369,1,
llvmss_stanford_quicksort,aot,wasm-aot,3,27.925244,32.171592,1,
llvmss_stanford_quicksort,aot,native,4,26.792502,27.316993,1,
llvmss_stanford_quicksort,aot,wasm-aot,4,28.02066,32.36822,1,
llvmss_stanford_quicksort,aot,native,5,25.615517,26.313059,1,
llvmss_stanford_quicksort,aot,wasm-aot,5,28.225868,32.382315,1,
llvmss_stanford_quicksort,aot,native,6,26.03518,26.650954,1,
llvmss_stanford_quicksort,aot,wasm-aot,6,28.050277,32.984365,1,
llvmss_stanford_quicksort,aot,native,7,25.452769,26.248462,1,
llvmss_stanford_quicksort,aot,wasm-aot,7,28.102842,33.19221,1,
llvmss_stanford_quicksort,aot,native,8,26.153474,26.875742,1,
llvmss_stanford_quicksort,aot,wasm-aot,8,27.764185,32.148451,1,
llvmss_stanford_quicksort,aot,native,9,26.170591,26.774688,1,
llvmss_stanford_quicksort,aot,wasm-aot,9,28.180883,32.950858,1,
llvmss_stanford_quicksort,aot,native,10,25.853384,26.465293,1,
llvmss_stanford_quicksort,aot,wasm-aot,10,28.334973,33.114752,1,
llvmss_stanford_realmm,jit,native,1,0.419105,1.038007,1,
llvmss_stanford_realmm,jit,wasm-jit,1,0.740264,5.376428,1,
llvmss_stanford_realmm,jit,native,2,0.411151,0.974683,1,
llvmss_stanford_realmm,jit,wasm-jit,2,0.743108,5.13606,1,
llvmss_stanford_realmm,jit,native,3,0.412124,0.901356,1,
llvmss_stanford_realmm,jit,wasm-jit,3,0.737616,4.926868,1,
llvmss_stanford_realmm,jit,native,4,0.408783,0.905991,1,
llvmss_stanford_realmm,jit,wasm-jit,4,0.734016,4.958637,1,
llvmss_stanford_realmm,jit,native,5,0.46263,0.951663,1,
llvmss_stanford_realmm,jit,wasm-jit,5,0.737424,4.754348,1,
llvmss_stanford_realmm,jit,native,6,0.469557,0.962133,1,
llvmss_stanford_realmm,jit,wasm-jit,6,0.736802,4.962737,1,
llvmss_stanford_realmm,jit,native,7,0.442376,0.914283,1,
llvmss_stanford_realmm,jit,wasm-jit,7,0.737411,5.009711,1,
llvmss_stanford_realmm,jit,native,8,0.416383,0.896761,1,
llvmss_stanford_realmm,jit,wasm-jit,8,0.745239,4.913095,1,
llvmss_stanford_realmm,jit,native,9,0.411836,0.854539,1,
llvmss_stanford_realmm,jit,wasm-jit,9,0.738962,4.860528,1,
llvmss_stanford_realmm,jit,native,10,0.41364,0.919266,1,
llvmss_stanford_realmm,jit,wasm-jit,10,0.736525,5.053349,1,
llvmss_stanford_realmm,aot,native,1,0.74149,1.519179,1,
llvmss_stanford_realmm,aot,wasm-aot,1,1.708301,8.762008,1,
llvmss_stanford_realmm,aot,native,2,1.252152,2.588099,1,
llvmss_stanford_realmm,aot,wasm-aot,2,2.173326,12.438515,1,
llvmss_stanford_realmm,aot,native,3,0.993555,2.061743,1,
llvmss_stanford_realmm,aot,wasm-aot,3,0.740308,9.67662,1,
llvmss_stanford_realmm,aot,native,4,0.416629,0.905646,1,
llvmss_stanford_realmm,aot,wasm-aot,4,2.415264,10.848438,1,
llvmss_stanford_realmm,aot,native,5,1.091394,2.382101,1,
llvmss_stanford_realmm,aot,wasm-aot,5,2.251232,12.065394,1,
llvmss_stanford_realmm,aot,native,6,0.939472,1.997283,1,
llvmss_stanford_realmm,aot,wasm-aot,6,0.744915,6.267751,1,
llvmss_stanford_realmm,aot,native,7,0.410121,0.892885,1,
llvmss_stanford_realmm,aot,wasm-aot,7,0.73539,4.482811,1,
llvmss_stanford_realmm,aot,native,8,0.415787,0.870278,1,
llvmss_stanford_realmm,aot,wasm-aot,8,0.750287,4.548663,1,
llvmss_stanford_realmm,aot,native,9,0.40782,0.850756,1,
llvmss_stanford_realmm,aot,wasm-aot,9,0.761865,4.481809,1,
llvmss_stanford_realmm,aot,native,10,0.414161,0.889096,1,
llvmss_stanford_realmm,aot,wasm-aot,10,0.776634,4.509136,1,
llvmss_stanford_towers,jit,native,1,6.977483,7.727655,1,
llvmss_stanford_towers,jit,wasm-jit,1,10.532054,16.054709,1,
llvmss_stanford_towers,jit,native,2,6.337333,6.845973,1,
llvmss_stanford_towers,jit,wasm-jit,2,10.224446,14.626831,1,
llvmss_stanford_towers,jit,native,3,6.35431,6.914582,1,
llvmss_stanford_towers,jit,wasm-jit,3,10.279944,14.659828,1,
llvmss_stanford_towers,jit,native,4,6.621606,7.126145,1,
llvmss_stanford_towers,jit,wasm-jit,4,10.14551,14.460575,1,
llvmss_stanford_towers,jit,native,5,6.364308,6.906576,1,
llvmss_stanford_towers,jit,wasm-jit,5,10.405584,14.9955,1,
llvmss_stanford_towers,jit,native,6,6.544601,7.164847,1,
llvmss_stanford_towers,jit,wasm-jit,6,10.208908,14.688032,1,
llvmss_stanford_towers,jit,native,7,6.350228,6.915847,1,
llvmss_stanford_towers,jit,wasm-jit,7,12.075037,16.587235,1,
llvmss_stanford_towers,jit,native,8,7.070367,7.667936,1,
llvmss_stanford_towers,jit,wasm-jit,8,10.415357,15.384983,1,
llvmss_stanford_towers,jit,native,9,6.419268,6.952466,1,
llvmss_stanford_towers,jit,wasm-jit,9,11.263827,15.839452,1,
llvmss_stanford_towers,jit,native,10,6.35835,6.917248,1,
llvmss_stanford_towers,jit,wasm-jit,10,10.204527,14.633391,1,
llvmss_stanford_towers,aot,native,1,6.341323,6.857008,1,
llvmss_stanford_towers,aot,wasm-aot,1,11.030773,15.880844,1,
llvmss_stanford_towers,aot,native,2,6.345452,6.897483,1,
llvmss_stanford_towers,aot,wasm-aot,2,10.21995,14.170244,1,
llvmss_stanford_towers,aot,native,3,6.332807,6.826403,1,
llvmss_stanford_towers,aot,wasm-aot,3,10.357836,14.374847,1,
llvmss_stanford_towers,aot,native,4,6.347201,6.855832,1,
llvmss_stanford_towers,aot,wasm-aot,4,10.217103,14.318284,1,
llvmss_stanford_towers,aot,native,5,7.375569,7.895602,1,
llvmss_stanford_towers,aot,wasm-aot,5,10.184503,14.243951,1,
llvmss_stanford_towers,aot,native,6,6.385474,6.919812,1,
llvmss_stanford_towers,aot,wasm-aot,6,10.178426,14.397493,1,
llvmss_stanford_towers,aot,native,7,6.408382,6.921763,1,
llvmss_stanford_towers,aot,wasm-aot,7,10.352109,15.19978,1,
llvmss_stanford_towers,aot,native,8,6.367463,7.001232,1,
llvmss_stanford_towers,aot,wasm-aot,8,10.293687,14.523288,1,
llvmss_stanford_towers,aot,native,9,6.372887,6.916316,1,
llvmss_stanford_towers,aot,wasm-aot,9,10.260942,14.307419,1,
llvmss_stanford_towers,aot,native,10,6.371893,6.879441,1,
llvmss_stanford_towers,aot,wasm-aot,10,13.155356,17.259313,1,
llvmss_stanford_treesort,jit,native,1,47.623619,48.87238,1,
llvmss_stanford_treesort,jit,wasm-jit,1,39.826098,45.427565,1,
llvmss_stanford_treesort,jit,native,2,47.227066,48.379801,1,
llvmss_stanford_treesort,jit,wasm-jit,2,39.320438,44.683689,1,
llvmss_stanford_treesort,jit,native,3,47.169572,48.3432,1,
llvmss_stanford_treesort,jit,wasm-jit,3,39.318027,44.542043,1,
llvmss_stanford_treesort,jit,native,4,46.921918,48.126385,1,
llvmss_stanford_treesort,jit,wasm-jit,4,39.50477,44.921821,1,
llvmss_stanford_treesort,jit,native,5,46.896258,48.174689,1,
llvmss_stanford_treesort,jit,wasm-jit,5,39.526804,45.21776,1,
llvmss_stanford_treesort,jit,native,6,46.941578,48.328152,1,
llvmss_stanford_treesort,jit,wasm-jit,6,39.447225,45.152022,1,
llvmss_stanford_treesort,jit,native,7,48.029574,49.554856,1,
llvmss_stanford_treesort,jit,wasm-jit,7,39.531912,44.926485,1,
llvmss_stanford_treesort,jit,native,8,46.974305,48.25427,1,
llvmss_stanford_treesort,jit,wasm-jit,8,39.757186,45.258719,1,
llvmss_stanford_treesort,jit,native,9,47.10755,48.518227,1,
llvmss_stanford_treesort,jit,wasm-jit,9,39.402429,45.03601,1,
llvmss_stanford_treesort,jit,native,10,47.080959,48.353098,1,
llvmss_stanford_treesort,jit,wasm-jit,10,39.585401,45.159945,1,
llvmss_stanford_treesort,aot,native,1,46.915734,48.100406,1,
llvmss_stanford_treesort,aot,wasm-aot,1,40.445296,45.640539,1,
llvmss_stanford_treesort,aot,native,2,48.568958,50.160028,1,
llvmss_stanford_treesort,aot,wasm-aot,2,39.64274,45.373086,1,
llvmss_stanford_treesort,aot,native,3,47.219884,48.675071,1,
llvmss_stanford_treesort,aot,wasm-aot,3,39.384792,44.742826,1,
llvmss_stanford_treesort,aot,native,4,47.428131,48.914723,1,
llvmss_stanford_treesort,aot,wasm-aot,4,40.081538,46.4432,1,
llvmss_stanford_treesort,aot,native,5,46.965913,48.324894,1,
llvmss_stanford_treesort,aot,wasm-aot,5,39.459525,44.226889,1,
llvmss_stanford_treesort,aot,native,6,47.031701,48.395136,1,
llvmss_stanford_treesort,aot,wasm-aot,6,43.32044,48.701458,1,
llvmss_stanford_treesort,aot,native,7,47.261519,48.652058,1,
llvmss_stanford_treesort,aot,wasm-aot,7,39.598334,44.624208,1,
llvmss_stanford_treesort,aot,native,8,47.26989,48.729945,1,
llvmss_stanford_treesort,aot,wasm-aot,8,39.566943,44.622988,1,
llvmss_stanford_treesort,aot,native,9,47.677801,49.257195,1,
llvmss_stanford_treesort,aot,wasm-aot,9,39.383826,44.482624,1,
llvmss_stanford_treesort,aot,native,10,47.015837,48.297629,1,
llvmss_stanford_treesort,aot,wasm-aot,10,39.307268,44.29562,1,
