program,runtime,run_index,internal_ms,parsed_ok,ok,error
2mm,native,1,874.776,1,1,
2mm,native,2,872.249,1,1,
2mm,native,3,870.607,1,1,
2mm,native,4,881.4060000000001,1,1,
2mm,native,5,869.405,1,1,
2mm,native,6,870.6279999999999,1,1,
2mm,native,7,872.484,1,1,
2mm,native,8,877.853,1,1,
2mm,native,9,878.082,1,1,
2mm,native,10,872.936,1,1,
2mm,native,11,871.3340000000001,1,1,
2mm,native,12,1620.512,1,1,
2mm,native,13,2008.222,1,1,
2mm,native,14,906.5229999999999,1,1,
2mm,native,15,908.631,1,1,
2mm,native,16,884.919,1,1,
2mm,native,17,884.371,1,1,
2mm,native,18,883.435,1,1,
2mm,native,19,892.707,1,1,
2mm,native,20,907.443,1,1,
2mm,native,21,886.154,1,1,
2mm,native,22,884.663,1,1,
2mm,native,23,876.968,1,1,
2mm,native,24,879.149,1,1,
2mm,native,25,900.871,1,1,
2mm,native,26,915.5649999999999,1,1,
2mm,native,27,899.371,1,1,
2mm,native,28,1019.22,1,1,
2mm,native,29,906.014,1,1,
2mm,native,30,883.394,1,1,
2mm,wasm-jit,1,1064.5420000000001,1,1,
2mm,wasm-jit,2,1065.691,1,1,
2mm,wasm-jit,3,1103.933,1,1,
2mm,wasm-jit,4,1080.7089999999998,1,1,
2mm,wasm-jit,5,1083.8980000000001,1,1,
2mm,wasm-jit,6,1128.308,1,1,
2mm,wasm-jit,7,1159.858,1,1,
2mm,wasm-jit,8,1097.894,1,1,
2mm,wasm-jit,9,1077.867,1,1,
2mm,wasm-jit,10,1067.157,1,1,
2mm,wasm-jit,11,1080.584,1,1,
2mm,wasm-jit,12,1066.5549999999998,1,1,
2mm,wasm-jit,13,1080.242,1,1,
2mm,wasm-jit,14,1076.121,1,1,
2mm,wasm-jit,15,1096.267,1,1,
2mm,wasm-jit,16,1066.1419999999998,1,1,
2mm,wasm-jit,17,1079.121,1,1,
2mm,wasm-jit,18,1062.069,1,1,
2mm,wasm-jit,19,1069.942,1,1,
2mm,wasm-jit,20,1081.598,1,1,
2mm,wasm-jit,21,1065.197,1,1,
2mm,wasm-jit,22,1064.111,1,1,
2mm,wasm-jit,23,1071.4170000000001,1,1,
2mm,wasm-jit,24,1068.5359999999998,1,1,
2mm,wasm-jit,25,1060.1560000000002,1,1,
2mm,wasm-jit,26,1058.012,1,1,
2mm,wasm-jit,27,1071.739,1,1,
2mm,wasm-jit,28,1062.421,1,1,
2mm,wasm-jit,29,1084.036,1,1,
2mm,wasm-jit,30,1077.9479999999999,1,1,
2mm,wasm-aot,1,1074.8120000000001,1,1,
2mm,wasm-aot,2,1084.7420000000002,1,1,
2mm,wasm-aot,3,1076.1750000000002,1,1,
2mm,wasm-aot,4,1100.189,1,1,
2mm,wasm-aot,5,1109.2040000000002,1,1,
2mm,wasm-aot,6,1100.66,1,1,
2mm,wasm-aot,7,1085.6380000000001,1,1,
2mm,wasm-aot,8,1088.426,1,1,
2mm,wasm-aot,9,1086.9679999999998,1,1,
2mm,wasm-aot,10,1111.788,1,1,
2mm,wasm-aot,11,1112.12,1,1,
2mm,wasm-aot,12,1110.4560000000001,1,1,
2mm,wasm-aot,13,1087.534,1,1,
2mm,wasm-aot,14,1093.212,1,1,
2mm,wasm-aot,15,1102.8100000000002,1,1,
2mm,wasm-aot,16,1075.5600000000002,1,1,
2mm,wasm-aot,17,1062.076,1,1,
2mm,wasm-aot,18,1079.1889999999999,1,1,
2mm,wasm-aot,19,1079.693,1,1,
2mm,wasm-aot,20,1104.459,1,1,
2mm,wasm-aot,21,1122.2240000000002,1,1,
2mm,wasm-aot,22,1115.902,1,1,
2mm,wasm-aot,23,1104.466,1,1,
2mm,wasm-aot,24,1112.855,1,1,
2mm,wasm-aot,25,1102.917,1,1,
2mm,wasm-aot,26,1110.8290000000002,1,1,
2mm,wasm-aot,27,1107.105,1,1,
2mm,wasm-aot,28,1090.794,1,1,
2mm,wasm-aot,29,1097.1519999999998,1,1,
2mm,wasm-aot,30,1099.175,1,1,
3mm,native,1,2469.7749999999996,1,1,
3mm,native,2,1376.316,1,1,
3mm,native,3,1341.1280000000002,1,1,
3mm,native,4,1321.893,1,1,
3mm,native,5,1315.85,1,1,
3mm,native,6,1308.656,1,1,
3mm,native,7,1302.0339999999999,1,1,
3mm,native,8,1324.278,1,1,
3mm,native,9,1321.546,1,1,
3mm,native,10,1314.243,1,1,
3mm,native,11,1319.9050000000002,1,1,
3mm,native,12,1313.0919999999999,1,1,
3mm,native,13,1338.05,1,1,
3mm,native,14,1352.176,1,1,
3mm,native,15,1282.901,1,1,
3mm,native,16,1329.575,1,1,
3mm,native,17,1322.3529999999998,1,1,
3mm,native,18,1324.576,1,1,
3mm,native,19,1327.616,1,1,
3mm,native,20,1314.113,1,1,
3mm,native,21,1315.375,1,1,
3mm,native,22,2144.4990000000003,1,1,
3mm,native,23,2470.965,1,1,
3mm,native,24,1317.07,1,1,
3mm,native,25,1337.194,1,1,
3mm,native,26,1331.749,1,1,
3mm,native,27,1361.142,1,1,
3mm,native,28,1347.315,1,1,
3mm,native,29,1326.306,1,1,
3mm,native,30,1326.394,1,1,
3mm,wasm-jit,1,1329.858,1,1,
3mm,wasm-jit,2,1362.11,1,1,
3mm,wasm-jit,3,1363.988,1,1,
3mm,wasm-jit,4,1328.1009999999999,1,1,
3mm,wasm-jit,5,1349.216,1,1,
3mm,wasm-jit,6,1312.969,1,1,
3mm,wasm-jit,7,1317.1589999999999,1,1,
3mm,wasm-jit,8,1322.192,1,1,
3mm,wasm-jit,9,1311.04,1,1,
3mm,wasm-jit,10,1319.766,1,1,
3mm,wasm-jit,11,1393.121,1,1,
3mm,wasm-jit,12,1320.2350000000001,1,1,
3mm,wasm-jit,13,1330.958,1,1,
3mm,wasm-jit,14,1320.547,1,1,
3mm,wasm-jit,15,1382.485,1,1,
3mm,wasm-jit,16,1398.46,1,1,
3mm,wasm-jit,17,1351.18,1,1,
3mm,wasm-jit,18,1346.382,1,1,
3mm,wasm-jit,19,1334.509,1,1,
3mm,wasm-jit,20,1336.3210000000001,1,1,
3mm,wasm-jit,21,1341.052,1,1,
3mm,wasm-jit,22,1394.618,1,1,
3mm,wasm-jit,23,1343.311,1,1,
3mm,wasm-jit,24,1307.063,1,1,
3mm,wasm-jit,25,1302.268,1,1,
3mm,wasm-jit,26,1316.56,1,1,
3mm,wasm-jit,27,1304.486,1,1,
3mm,wasm-jit,28,1313.615,1,1,
3mm,wasm-jit,29,1313.3509999999999,1,1,
3mm,wasm-jit,30,1352.134,1,1,
3mm,wasm-aot,1,1322.608,1,1,
3mm,wasm-aot,2,1420.639,1,1,
3mm,wasm-aot,3,1350.586,1,1,
3mm,wasm-aot,4,1352.5910000000001,1,1,
3mm,wasm-aot,5,1331.0310000000002,1,1,
3mm,wasm-aot,6,1335.785,1,1,
3mm,wasm-aot,7,1330.029,1,1,
3mm,wasm-aot,8,1337.848,1,1,
3mm,wasm-aot,9,1325.259,1,1,
3mm,wasm-aot,10,1303.1209999999999,1,1,
3mm,wasm-aot,11,1325.2,1,1,
3mm,wasm-aot,12,1354.742,1,1,
3mm,wasm-aot,13,1347.1779999999999,1,1,
3mm,wasm-aot,14,1340.5549999999998,1,1,
3mm,wasm-aot,15,1323.593,1,1,
3mm,wasm-aot,16,1321.5520000000001,1,1,
3mm,wasm-aot,17,1325.605,1,1,
3mm,wasm-aot,18,1342.693,1,1,
3mm,wasm-aot,19,1326.054,1,1,
3mm,wasm-aot,20,1337.512,1,1,
3mm,wasm-aot,21,1343.8600000000001,1,1,
3mm,wasm-aot,22,1368.9370000000001,1,1,
3mm,wasm-aot,23,1359.9209999999998,1,1,
3mm,wasm-aot,24,1359.077,1,1,
3mm,wasm-aot,25,1350.265,1,1,
3mm,wasm-aot,26,1350.058,1,1,
3mm,wasm-aot,27,1376.232,1,1,
3mm,wasm-aot,28,1426.4889999999998,1,1,
3mm,wasm-aot,29,1435.288,1,1,
3mm,wasm-aot,30,1436.559,1,1,
adi,native,1,6018.349999999999,1,1,
adi,native,2,6702.83,1,1,
adi,native,3,5846.842,1,1,
adi,native,4,5771.381,1,1,
adi,native,5,5870.039000000001,1,1,
adi,native,6,5980.706999999999,1,1,
adi,native,7,7189.2339999999995,1,1,
adi,native,8,6082.1990000000005,1,1,
adi,native,9,5792.861,1,1,
adi,native,10,5890.514999999999,1,1,
adi,native,11,6038.691,1,1,
adi,native,12,6678.215,1,1,
adi,native,13,5954.957,1,1,
adi,native,14,5962.628,1,1,
adi,native,15,6036.684,1,1,
adi,native,16,5901.231,1,1,
adi,native,17,7136.744000000001,1,1,
adi,native,18,6002.461,1,1,
adi,native,19,5966.958,1,1,
adi,native,20,5880.423000000001,1,1,
adi,native,21,6140.956,1,1,
adi,native,22,6698.165,1,1,
adi,native,23,5880.782,1,1,
adi,native,24,6006.929999999999,1,1,
adi,native,25,6163.513,1,1,
adi,native,26,6045.71,1,1,
adi,native,27,6745.752,1,1,
adi,native,28,5958.567,1,1,
adi,native,29,6100.079,1,1,
adi,native,30,6244.703,1,1,
adi,wasm-jit,1,6306.045,1,1,
adi,wasm-jit,2,6297.125,1,1,
adi,wasm-jit,3,6408.496,1,1,
adi,wasm-jit,4,6301.021000000001,1,1,
adi,wasm-jit,5,6215.417,1,1,
adi,wasm-jit,6,6257.645,1,1,
adi,wasm-jit,7,6400.237,1,1,
adi,wasm-jit,8,6322.835999999999,1,1,
adi,wasm-jit,9,6312.764999999999,1,1,
adi,wasm-jit,10,6285.728,1,1,
adi,wasm-jit,11,6349.278,1,1,
adi,wasm-jit,12,6336.664,1,1,
adi,wasm-jit,13,6285.534000000001,1,1,
adi,wasm-jit,14,6257.499,1,1,
adi,wasm-jit,15,6313.563,1,1,
adi,wasm-jit,16,6355.026,1,1,
adi,wasm-jit,17,6328.911,1,1,
adi,wasm-jit,18,6239.103,1,1,
adi,wasm-jit,19,6163.074,1,1,
adi,wasm-jit,20,6309.889,1,1,
adi,wasm-jit,21,6296.687999999999,1,1,
adi,wasm-jit,22,6166.381,1,1,
adi,wasm-jit,23,6234.295,1,1,
adi,wasm-jit,24,6198.0,1,1,
adi,wasm-jit,25,6310.5960000000005,1,1,
adi,wasm-jit,26,6284.722000000001,1,1,
adi,wasm-jit,27,6189.512,1,1,
adi,wasm-jit,28,6253.005,1,1,
adi,wasm-jit,29,6341.012,1,1,
adi,wasm-jit,30,6367.8369999999995,1,1,
adi,wasm-aot,1,6326.924,1,1,
adi,wasm-aot,2,6340.875,1,1,
adi,wasm-aot,3,6305.303,1,1,
adi,wasm-aot,4,6218.4619999999995,1,1,
adi,wasm-aot,5,6209.611,1,1,
adi,wasm-aot,6,6272.1669999999995,1,1,
adi,wasm-aot,7,6244.674,1,1,
adi,wasm-aot,8,6131.803,1,1,
adi,wasm-aot,9,6162.067999999999,1,1,
adi,wasm-aot,10,6314.804999999999,1,1,
adi,wasm-aot,11,6281.377,1,1,
adi,wasm-aot,12,6372.4259999999995,1,1,
adi,wasm-aot,13,6358.957,1,1,
adi,wasm-aot,14,6317.598,1,1,
adi,wasm-aot,15,6358.102,1,1,
adi,wasm-aot,16,6405.98,1,1,
adi,wasm-aot,17,6325.754,1,1,
adi,wasm-aot,18,6247.45,1,1,
adi,wasm-aot,19,6231.672,1,1,
adi,wasm-aot,20,6357.535000000001,1,1,
adi,wasm-aot,21,6316.875999999999,1,1,
adi,wasm-aot,22,6300.089,1,1,
adi,wasm-aot,23,6314.454,1,1,
adi,wasm-aot,24,6364.7210000000005,1,1,
adi,wasm-aot,25,6398.681,1,1,
adi,wasm-aot,26,6274.855,1,1,
adi,wasm-aot,27,6272.498,1,1,
adi,wasm-aot,28,6344.755,1,1,
adi,wasm-aot,29,6445.454,1,1,
adi,wasm-aot,30,6420.212,1,1,
atax,native,1,2.542,1,1,
atax,native,2,2.676,1,1,
atax,native,3,2.685,1,1,
atax,native,4,2.555,1,1,
atax,native,5,2.664,1,1,
atax,native,6,2.606,1,1,
atax,native,7,2.575,1,1,
atax,native,8,2.605,1,1,
atax,native,9,2.585,1,1,
atax,native,10,2.6809999999999996,1,1,
atax,native,11,3.068,1,1,
atax,native,12,2.678,1,1,
atax,native,13,2.662,1,1,
atax,native,14,2.7,1,1,
atax,native,15,2.64,1,1,
atax,native,16,2.9979999999999998,1,1,
atax,native,17,2.656,1,1,
atax,native,18,2.7030000000000003,1,1,
atax,native,19,2.624,1,1,
atax,native,20,3.028,1,1,
atax,native,21,2.621,1,1,
atax,native,22,2.794,1,1,
atax,native,23,3.287,1,1,
atax,native,24,2.678,1,1,
atax,native,25,2.6510000000000002,1,1,
atax,native,26,2.798,1,1,
atax,native,27,3.2390000000000003,1,1,
atax,native,28,2.819,1,1,
atax,native,29,2.6510000000000002,1,1,
atax,native,30,2.711,1,1,
atax,wasm-jit,1,3.494,1,1,
atax,wasm-jit,2,3.503,1,1,
atax,wasm-jit,3,3.733,1,1,
atax,wasm-jit,4,3.9979999999999998,1,1,
atax,wasm-jit,5,3.794,1,1,
atax,wasm-jit,6,3.77,1,1,
atax,wasm-jit,7,3.581,1,1,
atax,wasm-jit,8,3.933,1,1,
atax,wasm-jit,9,3.6470000000000002,1,1,
atax,wasm-jit,10,3.763,1,1,
atax,wasm-jit,11,3.664,1,1,
atax,wasm-jit,12,3.7100000000000004,1,1,
atax,wasm-jit,13,3.6229999999999998,1,1,
atax,wasm-jit,14,3.5100000000000002,1,1,
atax,wasm-jit,15,3.855,1,1,
atax,wasm-jit,16,4.324,1,1,
atax,wasm-jit,17,4.047000000000001,1,1,
atax,wasm-jit,18,4.032,1,1,
atax,wasm-jit,19,3.906,1,1,
atax,wasm-jit,20,3.601,1,1,
atax,wasm-jit,21,3.686,1,1,
atax,wasm-jit,22,3.758,1,1,
atax,wasm-jit,23,3.747,1,1,
atax,wasm-jit,24,3.8800000000000003,1,1,
atax,wasm-jit,25,4.146999999999999,1,1,
atax,wasm-jit,26,3.7230000000000003,1,1,
atax,wasm-jit,27,3.658,1,1,
atax,wasm-jit,28,3.848,1,1,
atax,wasm-jit,29,4.086,1,1,
atax,wasm-jit,30,3.554,1,1,
atax,wasm-aot,1,3.499,1,1,
atax,wasm-aot,2,3.4810000000000003,1,1,
atax,wasm-aot,3,3.46,1,1,
atax,wasm-aot,4,3.59,1,1,
atax,wasm-aot,5,3.4979999999999998,1,1,
atax,wasm-aot,6,3.57,1,1,
atax,wasm-aot,7,3.675,1,1,
atax,wasm-aot,8,3.604,1,1,
atax,wasm-aot,9,3.477,1,1,
atax,wasm-aot,10,3.967,1,1,
atax,wasm-aot,11,3.592,1,1,
atax,wasm-aot,12,3.69,1,1,
atax,wasm-aot,13,3.573,1,1,
atax,wasm-aot,14,3.697,1,1,
atax,wasm-aot,15,3.6670000000000003,1,1,
atax,wasm-aot,16,3.571,1,1,
atax,wasm-aot,17,3.7079999999999997,1,1,
atax,wasm-aot,18,3.5149999999999997,1,1,
atax,wasm-aot,19,3.666,1,1,
atax,wasm-aot,20,3.7279999999999998,1,1,
atax,wasm-aot,21,3.4979999999999998,1,1,
atax,wasm-aot,22,4.0569999999999995,1,1,
atax,wasm-aot,23,3.509,1,1,
atax,wasm-aot,24,3.494,1,1,
atax,wasm-aot,25,3.732,1,1,
atax,wasm-aot,26,3.549,1,1,
atax,wasm-aot,27,3.65,1,1,
atax,wasm-aot,28,3.624,1,1,
atax,wasm-aot,29,3.527,1,1,
atax,wasm-aot,30,3.7529999999999997,1,1,
bicg,native,1,6.446999999999999,1,1,
bicg,native,2,6.492999999999999,1,1,
bicg,native,3,6.364,1,1,
bicg,native,4,6.464,1,1,
bicg,native,5,6.3660000000000005,1,1,
bicg,native,6,6.373,1,1,
bicg,native,7,6.409,1,1,
bicg,native,8,6.657,1,1,
bicg,native,9,6.428,1,1,
bicg,native,10,6.3870000000000005,1,1,
bicg,native,11,6.436,1,1,
bicg,native,12,9.921,1,1,
bicg,native,13,6.425,1,1,
bicg,native,14,6.615,1,1,
bicg,native,15,6.475,1,1,
bicg,native,16,6.551,1,1,
bicg,native,17,6.449,1,1,
bicg,native,18,6.409,1,1,
bicg,native,19,6.409,1,1,
bicg,native,20,9.811,1,1,
bicg,native,21,6.446999999999999,1,1,
bicg,native,22,6.551,1,1,
bicg,native,23,6.396,1,1,
bicg,native,24,6.386,1,1,
bicg,native,25,6.452,1,1,
bicg,native,26,6.423,1,1,
bicg,native,27,6.483,1,1,
bicg,native,28,6.485,1,1,
bicg,native,29,6.57,1,1,
bicg,native,30,6.476,1,1,
bicg,wasm-jit,1,6.5440000000000005,1,1,
bicg,wasm-jit,2,6.502,1,1,
bicg,wasm-jit,3,6.581,1,1,
bicg,wasm-jit,4,6.551,1,1,
bicg,wasm-jit,5,6.696,1,1,
bicg,wasm-jit,6,6.407,1,1,
bicg,wasm-jit,7,6.484,1,1,
bicg,wasm-jit,8,6.673,1,1,
bicg,wasm-jit,9,6.678,1,1,
bicg,wasm-jit,10,6.322,1,1,
bicg,wasm-jit,11,6.594,1,1,
bicg,wasm-jit,12,6.439,1,1,
bicg,wasm-jit,13,6.439,1,1,
bicg,wasm-jit,14,6.472,1,1,
bicg,wasm-jit,15,6.425,1,1,
bicg,wasm-jit,16,6.453,1,1,
bicg,wasm-jit,17,6.398,1,1,
bicg,wasm-jit,18,6.6290000000000004,1,1,
bicg,wasm-jit,19,6.473,1,1,
bicg,wasm-jit,20,6.484,1,1,
bicg,wasm-jit,21,6.6819999999999995,1,1,
bicg,wasm-jit,22,6.388999999999999,1,1,
bicg,wasm-jit,23,6.5729999999999995,1,1,
bicg,wasm-jit,24,6.541,1,1,
bicg,wasm-jit,25,6.556,1,1,
bicg,wasm-jit,26,6.615,1,1,
bicg,wasm-jit,27,6.4159999999999995,1,1,
bicg,wasm-jit,28,6.373,1,1,
bicg,wasm-jit,29,6.550000000000001,1,1,
bicg,wasm-jit,30,6.598,1,1,
bicg,wasm-aot,1,6.486,1,1,
bicg,wasm-aot,2,6.464,1,1,
bicg,wasm-aot,3,6.465,1,1,
bicg,wasm-aot,4,6.433999999999999,1,1,
bicg,wasm-aot,5,6.494,1,1,
bicg,wasm-aot,6,9.269,1,1,
bicg,wasm-aot,7,6.398,1,1,
bicg,wasm-aot,8,6.386,1,1,
bicg,wasm-aot,9,6.375,1,1,
bicg,wasm-aot,10,6.473,1,1,
bicg,wasm-aot,11,6.465,1,1,
bicg,wasm-aot,12,6.361000000000001,1,1,
bicg,wasm-aot,13,6.381,1,1,
bicg,wasm-aot,14,6.575,1,1,
bicg,wasm-aot,15,6.603000000000001,1,1,
bicg,wasm-aot,16,6.822,1,1,
bicg,wasm-aot,17,6.413,1,1,
bicg,wasm-aot,18,6.499,1,1,
bicg,wasm-aot,19,6.687,1,1,
bicg,wasm-aot,20,6.37,1,1,
bicg,wasm-aot,21,6.3629999999999995,1,1,
bicg,wasm-aot,22,6.518000000000001,1,1,
bicg,wasm-aot,23,10.361,1,1,
bicg,wasm-aot,24,6.557,1,1,
bicg,wasm-aot,25,6.755,1,1,
bicg,wasm-aot,26,6.359,1,1,
bicg,wasm-aot,27,6.685,1,1,
bicg,wasm-aot,28,6.44,1,1,
bicg,wasm-aot,29,6.395,1,1,
bicg,wasm-aot,30,6.588,1,1,
cholesky,native,1,579.47,1,1,
cholesky,native,2,589.178,1,1,
cholesky,native,3,579.2230000000001,1,1,
cholesky,native,4,604.1840000000001,1,1,
cholesky,native,5,589.7139999999999,1,1,
cholesky,native,6,588.2810000000001,1,1,
cholesky,native,7,586.518,1,1,
cholesky,native,8,590.0849999999999,1,1,
cholesky,native,9,582.781,1,1,
cholesky,native,10,578.055,1,1,
cholesky,native,11,584.033,1,1,
cholesky,native,12,599.6740000000001,1,1,
cholesky,native,13,594.581,1,1,
cholesky,native,14,582.331,1,1,
cholesky,native,15,595.696,1,1,
cholesky,native,16,623.248,1,1,
cholesky,native,17,589.082,1,1,
cholesky,native,18,592.9060000000001,1,1,
cholesky,native,19,592.6289999999999,1,1,
cholesky,native,20,583.215,1,1,
cholesky,native,21,581.558,1,1,
cholesky,native,22,590.071,1,1,
cholesky,native,23,588.025,1,1,
cholesky,native,24,592.401,1,1,
cholesky,native,25,591.6439999999999,1,1,
cholesky,native,26,594.186,1,1,
cholesky,native,27,590.654,1,1,
cholesky,native,28,579.206,1,1,
cholesky,native,29,605.303,1,1,
cholesky,native,30,586.279,1,1,
cholesky,wasm-jit,1,594.193,1,1,
cholesky,wasm-jit,2,599.9060000000001,1,1,
cholesky,wasm-jit,3,583.667,1,1,
cholesky,wasm-jit,4,597.26,1,1,
cholesky,wasm-jit,5,574.012,1,1,
cholesky,wasm-jit,6,605.6740000000001,1,1,
cholesky,wasm-jit,7,589.2460000000001,1,1,
cholesky,wasm-jit,8,592.5070000000001,1,1,
cholesky,wasm-jit,9,598.977,1,1,
cholesky,wasm-jit,10,588.6,1,1,
cholesky,wasm-jit,11,586.0450000000001,1,1,
cholesky,wasm-jit,12,586.1070000000001,1,1,
cholesky,wasm-jit,13,589.894,1,1,
cholesky,wasm-jit,14,595.127,1,1,
cholesky,wasm-jit,15,590.387,1,1,
cholesky,wasm-jit,16,579.121,1,1,
cholesky,wasm-jit,17,597.236,1,1,
cholesky,wasm-jit,18,602.311,1,1,
cholesky,wasm-jit,19,596.6759999999999,1,1,
cholesky,wasm-jit,20,593.522,1,1,
cholesky,wasm-jit,21,585.47,1,1,
cholesky,wasm-jit,22,590.075,1,1,
cholesky,wasm-jit,23,592.865,1,1,
cholesky,wasm-jit,24,591.384,1,1,
cholesky,wasm-jit,25,590.0790000000001,1,1,
cholesky,wasm-jit,26,588.422,1,1,
cholesky,wasm-jit,27,596.42,1,1,
cholesky,wasm-jit,28,601.313,1,1,
cholesky,wasm-jit,29,600.897,1,1,
cholesky,wasm-jit,30,592.37,1,1,
cholesky,wasm-aot,1,607.456,1,1,
cholesky,wasm-aot,2,586.711,1,1,
cholesky,wasm-aot,3,592.9259999999999,1,1,
cholesky,wasm-aot,4,599.444,1,1,
cholesky,wasm-aot,5,605.798,1,1,
cholesky,wasm-aot,6,591.755,1,1,
cholesky,wasm-aot,7,592.3810000000001,1,1,
cholesky,wasm-aot,8,588.419,1,1,
cholesky,wasm-aot,9,592.951,1,1,
cholesky,wasm-aot,10,583.624,1,1,
cholesky,wasm-aot,11,590.1129999999999,1,1,
cholesky,wasm-aot,12,586.855,1,1,
cholesky,wasm-aot,13,586.822,1,1,
cholesky,wasm-aot,14,592.197,1,1,
cholesky,wasm-aot,15,596.527,1,1,
cholesky,wasm-aot,16,591.645,1,1,
cholesky,wasm-aot,17,588.194,1,1,
cholesky,wasm-aot,18,586.208,1,1,
cholesky,wasm-aot,19,585.827,1,1,
cholesky,wasm-aot,20,589.025,1,1,
cholesky,wasm-aot,21,583.708,1,1,
cholesky,wasm-aot,22,595.425,1,1,
cholesky,wasm-aot,23,592.5939999999999,1,1,
cholesky,wasm-aot,24,588.044,1,1,
cholesky,wasm-aot,25,598.931,1,1,
cholesky,wasm-aot,26,597.631,1,1,
cholesky,wasm-aot,27,595.716,1,1,
cholesky,wasm-aot,28,585.369,1,1,
cholesky,wasm-aot,29,590.5319999999999,1,1,
cholesky,wasm-aot,30,598.5780000000001,1,1,
correlation,native,1,4647.019,1,1,
correlation,native,2,4766.314,1,1,
correlation,native,3,4851.268,1,1,
correlation,native,4,4659.783,1,1,
correlation,native,5,4671.771,1,1,
correlation,native,6,4666.0380000000005,1,1,
correlation,native,7,4892.397,1,1,
correlation,native,8,4701.023,1,1,
correlation,native,9,4820.267000000001,1,1,
correlation,native,10,4787.458,1,1,
correlation,native,11,4806.758000000001,1,1,
correlation,native,12,4731.395,1,1,
correlation,native,13,4652.517,1,1,
correlation,native,14,4644.7609999999995,1,1,
correlation,native,15,4557.98,1,1,
correlation,native,16,4766.435,1,1,
correlation,native,17,4667.417,1,1,
correlation,native,18,4615.107,1,1,
correlation,native,19,4543.542,1,1,
correlation,native,20,4635.195000000001,1,1,
correlation,native,21,4678.111999999999,1,1,
correlation,native,22,4647.3820000000005,1,1,
correlation,native,23,4620.422,1,1,
correlation,native,24,4743.706999999999,1,1,
correlation,native,25,4636.206999999999,1,1,
correlation,native,26,4820.433999999999,1,1,
correlation,native,27,4627.175,1,1,
correlation,native,28,4868.134,1,1,
correlation,native,29,4847.578,1,1,
correlation,native,30,4671.58,1,1,
correlation,wasm-jit,1,4678.029,1,1,
correlation,wasm-jit,2,4538.277,1,1,
correlation,wasm-jit,3,4553.0419999999995,1,1,
correlation,wasm-jit,4,4531.576,1,1,
correlation,wasm-jit,5,4700.707,1,1,
correlation,wasm-jit,6,4712.758,1,1,
correlation,wasm-jit,7,4565.278,1,1,
correlation,wasm-jit,8,4661.959000000001,1,1,
correlation,wasm-jit,9,4728.005999999999,1,1,
correlation,wasm-jit,10,4607.239,1,1,
correlation,wasm-jit,11,4542.803,1,1,
correlation,wasm-jit,12,4564.717,1,1,
correlation,wasm-jit,13,4496.570000000001,1,1,
correlation,wasm-jit,14,4497.4259999999995,1,1,
correlation,wasm-jit,15,4582.425,1,1,
correlation,wasm-jit,16,4597.835,1,1,
correlation,wasm-jit,17,4540.241,1,1,
correlation,wasm-jit,18,4669.612,1,1,
correlation,wasm-jit,19,4655.217000000001,1,1,
correlation,wasm-jit,20,4898.582,1,1,
correlation,wasm-jit,21,4627.1,1,1,
correlation,wasm-jit,22,4734.046,1,1,
correlation,wasm-jit,23,4754.934,1,1,
correlation,wasm-jit,24,4648.169,1,1,
correlation,wasm-jit,25,4725.898,1,1,
correlation,wasm-jit,26,4639.268,1,1,
correlation,wasm-jit,27,4704.079,1,1,
correlation,wasm-jit,28,4685.195000000001,1,1,
correlation,wasm-jit,29,4678.009,1,1,
correlation,wasm-jit,30,4737.362,1,1,
correlation,wasm-aot,1,4621.059,1,1,
correlation,wasm-aot,2,4736.821,1,1,
correlation,wasm-aot,3,4746.458,1,1,
correlation,wasm-aot,4,4696.081,1,1,
correlation,wasm-aot,5,4591.559,1,1,
correlation,wasm-aot,6,4591.158,1,1,
correlation,wasm-aot,7,4679.205,1,1,
correlation,wasm-aot,8,4636.262000000001,1,1,
correlation,wasm-aot,9,4662.563999999999,1,1,
correlation,wasm-aot,10,4634.966,1,1,
correlation,wasm-aot,11,4553.683,1,1,
correlation,wasm-aot,12,4607.647,1,1,
correlation,wasm-aot,13,4488.857999999999,1,1,
correlation,wasm-aot,14,4670.594,1,1,
correlation,wasm-aot,15,4627.253,1,1,
correlation,wasm-aot,16,4591.822999999999,1,1,
correlation,wasm-aot,17,4544.346,1,1,
correlation,wasm-aot,18,4490.090999999999,1,1,
correlation,wasm-aot,19,4580.943,1,1,
correlation,wasm-aot,20,4461.69,1,1,
correlation,wasm-aot,21,4592.397,1,1,
correlation,wasm-aot,22,4660.017,1,1,
correlation,wasm-aot,23,4620.907,1,1,
correlation,wasm-aot,24,4626.911,1,1,
correlation,wasm-aot,25,4603.267,1,1,
correlation,wasm-aot,26,4666.0779999999995,1,1,
correlation,wasm-aot,27,4695.95,1,1,
correlation,wasm-aot,28,4586.575,1,1,
correlation,wasm-aot,29,4643.023,1,1,
correlation,wasm-aot,30,4431.387,1,1,
covariance,native,1,4692.5160000000005,1,1,
covariance,native,2,4768.586,1,1,
covariance,native,3,4708.746999999999,1,1,
covariance,native,4,4683.9890000000005,1,1,
covariance,native,5,4663.321,1,1,
covariance,native,6,4670.629,1,1,
covariance,native,7,4729.031,1,1,
covariance,native,8,4765.608,1,1,
covariance,native,9,4550.001,1,1,
covariance,native,10,4634.598000000001,1,1,
covariance,native,11,4644.621,1,1,
covariance,native,12,4635.791,1,1,
covariance,native,13,4684.456,1,1,
covariance,native,14,4632.954,1,1,
covariance,native,15,4721.955,1,1,
covariance,native,16,4643.552,1,1,
covariance,native,17,4613.717000000001,1,1,
covariance,native,18,4722.702,1,1,
covariance,native,19,4671.76,1,1,
covariance,native,20,4656.791,1,1,
covariance,native,21,4742.216,1,1,
covariance,native,22,4781.49,1,1,
covariance,native,23,4711.381,1,1,
covariance,native,24,4709.240000000001,1,1,
covariance,native,25,4607.677,1,1,
covariance,native,26,4592.017,1,1,
covariance,native,27,4712.314,1,1,
covariance,native,28,4595.854,1,1,
covariance,native,29,4636.725,1,1,
covariance,native,30,4734.491,1,1,
covariance,wasm-jit,1,4666.976,1,1,
covariance,wasm-jit,2,4709.124,1,1,
covariance,wasm-jit,3,4752.511,1,1,
covariance,wasm-jit,4,4705.156,1,1,
covariance,wasm-jit,5,4677.916,1,1,
covariance,wasm-jit,6,4741.990000000001,1,1,
covariance,wasm-jit,7,4616.763,1,1,
covariance,wasm-jit,8,4743.2480000000005,1,1,
covariance,wasm-jit,9,4638.864,1,1,
covariance,wasm-jit,10,4687.798,1,1,
covariance,wasm-jit,11,4706.6140000000005,1,1,
covariance,wasm-jit,12,4758.683999999999,1,1,
covariance,wasm-jit,13,4569.855,1,1,
covariance,wasm-jit,14,4769.378,1,1,
covariance,wasm-jit,15,4679.7570000000005,1,1,
covariance,wasm-jit,16,4778.651,1,1,
covariance,wasm-jit,17,4686.179,1,1,
covariance,wasm-jit,18,4690.276,1,1,
covariance,wasm-jit,19,4564.744,1,1,
covariance,wasm-jit,20,4560.398,1,1,
covariance,wasm-jit,21,4547.983,1,1,
covariance,wasm-jit,22,4479.044,1,1,
covariance,wasm-jit,23,4578.4039999999995,1,1,
covariance,wasm-jit,24,4526.397,1,1,
covariance,wasm-jit,25,4566.941,1,1,
covariance,wasm-jit,26,4588.336,1,1,
covariance,wasm-jit,27,4572.593000000001,1,1,
covariance,wasm-jit,28,4749.076999999999,1,1,
covariance,wasm-jit,29,4796.178,1,1,
covariance,wasm-jit,30,4939.875,1,1,
covariance,wasm-aot,1,4584.846,1,1,
covariance,wasm-aot,2,4570.763999999999,1,1,
covariance,wasm-aot,3,4723.710999999999,1,1,
covariance,wasm-aot,4,4587.909,1,1,
covariance,wasm-aot,5,4539.7480000000005,1,1,
covariance,wasm-aot,6,4554.545,1,1,
covariance,wasm-aot,7,4695.027999999999,1,1,
covariance,wasm-aot,8,4616.61,1,1,
covariance,wasm-aot,9,4727.196,1,1,
covariance,wasm-aot,10,4632.794,1,1,
covariance,wasm-aot,11,4633.968000000001,1,1,
covariance,wasm-aot,12,4533.057000000001,1,1,
covariance,wasm-aot,13,4606.733,1,1,
covariance,wasm-aot,14,4509.336,1,1,
covariance,wasm-aot,15,4497.981000000001,1,1,
covariance,wasm-aot,16,4616.928,1,1,
covariance,wasm-aot,17,4558.355,1,1,
covariance,wasm-aot,18,4576.894,1,1,
covariance,wasm-aot,19,4594.706,1,1,
covariance,wasm-aot,20,4696.256,1,1,
covariance,wasm-aot,21,4561.263,1,1,
covariance,wasm-aot,22,4674.3009999999995,1,1,
covariance,wasm-aot,23,4650.523999999999,1,1,
covariance,wasm-aot,24,4717.419,1,1,
covariance,wasm-aot,25,4512.082,1,1,
covariance,wasm-aot,26,4557.219,1,1,
covariance,wasm-aot,27,4660.968000000001,1,1,
covariance,wasm-aot,28,4556.4130000000005,1,1,
covariance,wasm-aot,29,4569.633,1,1,
covariance,wasm-aot,30,4597.645,1,1,
deriche,native,1,181.034,1,1,
deriche,native,2,181.38299999999998,1,1,
deriche,native,3,179.291,1,1,
deriche,native,4,182.91199999999998,1,1,
deriche,native,5,186.327,1,1,
deriche,native,6,180.249,1,1,
deriche,native,7,180.786,1,1,
deriche,native,8,179.558,1,1,
deriche,native,9,178.678,1,1,
deriche,native,10,179.201,1,1,
deriche,native,11,182.691,1,1,
deriche,native,12,178.298,1,1,
deriche,native,13,178.869,1,1,
deriche,native,14,178.393,1,1,
deriche,native,15,181.583,1,1,
deriche,native,16,177.651,1,1,
deriche,native,17,183.858,1,1,
deriche,native,18,180.0,1,1,
deriche,native,19,179.655,1,1,
deriche,native,20,180.298,1,1,
deriche,native,21,179.533,1,1,
deriche,native,22,179.07600000000002,1,1,
deriche,native,23,179.91,1,1,
deriche,native,24,180.57999999999998,1,1,
deriche,native,25,179.65,1,1,
deriche,native,26,181.895,1,1,
deriche,native,27,179.57,1,1,
deriche,native,28,179.26500000000001,1,1,
deriche,native,29,179.084,1,1,
deriche,native,30,182.414,1,1,
deriche,wasm-jit,1,177.989,1,1,
deriche,wasm-jit,2,179.99699999999999,1,1,
deriche,wasm-jit,3,178.868,1,1,
deriche,wasm-jit,4,178.862,1,1,
deriche,wasm-jit,5,177.778,1,1,
deriche,wasm-jit,6,178.018,1,1,
deriche,wasm-jit,7,180.975,1,1,
deriche,wasm-jit,8,182.245,1,1,
deriche,wasm-jit,9,179.43,1,1,
deriche,wasm-jit,10,177.587,1,1,
deriche,wasm-jit,11,178.157,1,1,
deriche,wasm-jit,12,178.65300000000002,1,1,
deriche,wasm-jit,13,178.941,1,1,
deriche,wasm-jit,14,177.476,1,1,
deriche,wasm-jit,15,179.801,1,1,
deriche,wasm-jit,16,179.477,1,1,
deriche,wasm-jit,17,181.583,1,1,
deriche,wasm-jit,18,179.28900000000002,1,1,
deriche,wasm-jit,19,178.72199999999998,1,1,
deriche,wasm-jit,20,180.504,1,1,
deriche,wasm-jit,21,179.65200000000002,1,1,
deriche,wasm-jit,22,178.93300000000002,1,1,
deriche,wasm-jit,23,178.845,1,1,
deriche,wasm-jit,24,175.435,1,1,
deriche,wasm-jit,25,179.91,1,1,
deriche,wasm-jit,26,177.547,1,1,
deriche,wasm-jit,27,179.88299999999998,1,1,
deriche,wasm-jit,28,179.835,1,1,
deriche,wasm-jit,29,177.313,1,1,
deriche,wasm-jit,30,179.584,1,1,
deriche,wasm-aot,1,180.29999999999998,1,1,
deriche,wasm-aot,2,177.448,1,1,
deriche,wasm-aot,3,179.388,1,1,
deriche,wasm-aot,4,178.707,1,1,
deriche,wasm-aot,5,179.34900000000002,1,1,
deriche,wasm-aot,6,179.733,1,1,
deriche,wasm-aot,7,176.787,1,1,
deriche,wasm-aot,8,178.918,1,1,
deriche,wasm-aot,9,182.23700000000002,1,1,
deriche,wasm-aot,10,180.316,1,1,
deriche,wasm-aot,11,179.681,1,1,
deriche,wasm-aot,12,180.243,1,1,
deriche,wasm-aot,13,179.12800000000001,1,1,
deriche,wasm-aot,14,176.922,1,1,
deriche,wasm-aot,15,178.926,1,1,
deriche,wasm-aot,16,180.71200000000002,1,1,
deriche,wasm-aot,17,180.619,1,1,
deriche,wasm-aot,18,181.559,1,1,
deriche,wasm-aot,19,180.241,1,1,
deriche,wasm-aot,20,181.874,1,1,
deriche,wasm-aot,21,178.543,1,1,
deriche,wasm-aot,22,181.108,1,1,
deriche,wasm-aot,23,177.614,1,1,
deriche,wasm-aot,24,179.7,1,1,
deriche,wasm-aot,25,180.47299999999998,1,1,
deriche,wasm-aot,26,179.21699999999998,1,1,
deriche,wasm-aot,27,180.027,1,1,
deriche,wasm-aot,28,178.672,1,1,
deriche,wasm-aot,29,177.763,1,1,
deriche,wasm-aot,30,180.46699999999998,1,1,
doitgen,native,1,184.812,1,1,
doitgen,native,2,183.655,1,1,
doitgen,native,3,185.696,1,1,
doitgen,native,4,188.232,1,1,
doitgen,native,5,197.041,1,1,
doitgen,native,6,183.612,1,1,
doitgen,native,7,188.606,1,1,
doitgen,native,8,185.248,1,1,
doitgen,native,9,184.34900000000002,1,1,
doitgen,native,10,185.113,1,1,
doitgen,native,11,186.60299999999998,1,1,
doitgen,native,12,184.704,1,1,
doitgen,native,13,186.137,1,1,
doitgen,native,14,184.38299999999998,1,1,
doitgen,native,15,185.24599999999998,1,1,
doitgen,native,16,184.929,1,1,
doitgen,native,17,184.65699999999998,1,1,
doitgen,native,18,185.17,1,1,
doitgen,native,19,185.48000000000002,1,1,
doitgen,native,20,184.595,1,1,
doitgen,native,21,185.114,1,1,
doitgen,native,22,187.296,1,1,
doitgen,native,23,185.367,1,1,
doitgen,native,24,183.336,1,1,
doitgen,native,25,186.359,1,1,
doitgen,native,26,184.988,1,1,
doitgen,native,27,184.587,1,1,
doitgen,native,28,185.145,1,1,
doitgen,native,29,188.449,1,1,
doitgen,native,30,184.384,1,1,
doitgen,wasm-jit,1,219.19,1,1,
doitgen,wasm-jit,2,225.682,1,1,
doitgen,wasm-jit,3,220.688,1,1,
doitgen,wasm-jit,4,222.521,1,1,
doitgen,wasm-jit,5,223.70999999999998,1,1,
doitgen,wasm-jit,6,224.728,1,1,
doitgen,wasm-jit,7,223.789,1,1,
doitgen,wasm-jit,8,229.838,1,1,
doitgen,wasm-jit,9,229.346,1,1,
doitgen,wasm-jit,10,221.661,1,1,
doitgen,wasm-jit,11,225.61,1,1,
doitgen,wasm-jit,12,225.17000000000002,1,1,
doitgen,wasm-jit,13,224.362,1,1,
doitgen,wasm-jit,14,222.576,1,1,
doitgen,wasm-jit,15,224.304,1,1,
doitgen,wasm-jit,16,227.696,1,1,
doitgen,wasm-jit,17,220.12599999999998,1,1,
doitgen,wasm-jit,18,220.07299999999998,1,1,
doitgen,wasm-jit,19,222.637,1,1,
doitgen,wasm-jit,20,221.686,1,1,
doitgen,wasm-jit,21,223.70499999999998,1,1,
doitgen,wasm-jit,22,221.602,1,1,
doitgen,wasm-jit,23,221.608,1,1,
doitgen,wasm-jit,24,221.07299999999998,1,1,
doitgen,wasm-jit,25,222.18699999999998,1,1,
doitgen,wasm-jit,26,225.631,1,1,
doitgen,wasm-jit,27,225.608,1,1,
doitgen,wasm-jit,28,221.706,1,1,
doitgen,wasm-jit,29,222.012,1,1,
doitgen,wasm-jit,30,223.89600000000002,1,1,
doitgen,wasm-aot,1,221.345,1,1,
doitgen,wasm-aot,2,224.174,1,1,
doitgen,wasm-aot,3,222.207,1,1,
doitgen,wasm-aot,4,221.528,1,1,
doitgen,wasm-aot,5,219.705,1,1,
doitgen,wasm-aot,6,221.67899999999997,1,1,
doitgen,wasm-aot,7,224.278,1,1,
doitgen,wasm-aot,8,218.689,1,1,
doitgen,wasm-aot,9,220.41,1,1,
doitgen,wasm-aot,10,223.335,1,1,
doitgen,wasm-aot,11,221.49699999999999,1,1,
doitgen,wasm-aot,12,217.756,1,1,
doitgen,wasm-aot,13,220.199,1,1,
doitgen,wasm-aot,14,220.977,1,1,
doitgen,wasm-aot,15,221.194,1,1,
doitgen,wasm-aot,16,219.361,1,1,
doitgen,wasm-aot,17,225.595,1,1,
doitgen,wasm-aot,18,222.999,1,1,
doitgen,wasm-aot,19,220.705,1,1,
doitgen,wasm-aot,20,224.12099999999998,1,1,
doitgen,wasm-aot,21,224.506,1,1,
doitgen,wasm-aot,22,221.50400000000002,1,1,
doitgen,wasm-aot,23,221.577,1,1,
doitgen,wasm-aot,24,218.328,1,1,
doitgen,wasm-aot,25,221.47400000000002,1,1,
doitgen,wasm-aot,26,220.994,1,1,
doitgen,wasm-aot,27,220.311,1,1,
doitgen,wasm-aot,28,221.31,1,1,
doitgen,wasm-aot,29,220.482,1,1,
doitgen,wasm-aot,30,219.962,1,1,
durbin,native,1,1.198,1,1,
durbin,native,2,1.167,1,1,
durbin,native,3,1.168,1,1,
durbin,native,4,1.175,1,1,
durbin,native,5,1.239,1,1,
durbin,native,6,1.2149999999999999,1,1,
durbin,native,7,1.171,1,1,
durbin,native,8,1.253,1,1,
durbin,native,9,1.1800000000000002,1,1,
durbin,native,10,1.1440000000000001,1,1,
durbin,native,11,1.161,1,1,
durbin,native,12,1.171,1,1,
durbin,native,13,1.173,1,1,
durbin,native,14,1.218,1,1,
durbin,native,15,1.193,1,1,
durbin,native,16,1.282,1,1,
durbin,native,17,1.159,1,1,
durbin,native,18,1.171,1,1,
durbin,native,19,1.178,1,1,
durbin,native,20,1.185,1,1,
durbin,native,21,1.218,1,1,
durbin,native,22,1.193,1,1,
durbin,native,23,1.156,1,1,
durbin,native,24,1.188,1,1,
durbin,native,25,1.178,1,1,
durbin,native,26,1.194,1,1,
durbin,native,27,1.247,1,1,
durbin,native,28,1.138,1,1,
durbin,native,29,1.173,1,1,
durbin,native,30,1.1820000000000002,1,1,
durbin,wasm-jit,1,1.712,1,1,
durbin,wasm-jit,2,1.709,1,1,
durbin,wasm-jit,3,1.849,1,1,
durbin,wasm-jit,4,1.7630000000000001,1,1,
durbin,wasm-jit,5,1.8550000000000002,1,1,
durbin,wasm-jit,6,1.829,1,1,
durbin,wasm-jit,7,1.7550000000000001,1,1,
durbin,wasm-jit,8,1.7149999999999999,1,1,
durbin,wasm-jit,9,1.788,1,1,
durbin,wasm-jit,10,1.779,1,1,
durbin,wasm-jit,11,1.766,1,1,
durbin,wasm-jit,12,1.719,1,1,
durbin,wasm-jit,13,1.829,1,1,
durbin,wasm-jit,14,1.745,1,1,
durbin,wasm-jit,15,1.719,1,1,
durbin,wasm-jit,16,1.709,1,1,
durbin,wasm-jit,17,1.709,1,1,
durbin,wasm-jit,18,1.712,1,1,
durbin,wasm-jit,19,1.739,1,1,
durbin,wasm-jit,20,1.788,1,1,
durbin,wasm-jit,21,1.7309999999999999,1,1,
durbin,wasm-jit,22,1.747,1,1,
durbin,wasm-jit,23,1.751,1,1,
durbin,wasm-jit,24,1.789,1,1,
durbin,wasm-jit,25,1.754,1,1,
durbin,wasm-jit,26,1.712,1,1,
durbin,wasm-jit,27,1.7550000000000001,1,1,
durbin,wasm-jit,28,1.839,1,1,
durbin,wasm-jit,29,1.8090000000000002,1,1,
durbin,wasm-jit,30,1.722,1,1,
durbin,wasm-aot,1,1.769,1,1,
durbin,wasm-aot,2,1.823,1,1,
durbin,wasm-aot,3,1.771,1,1,
durbin,wasm-aot,4,1.735,1,1,
durbin,wasm-aot,5,1.738,1,1,
durbin,wasm-aot,6,1.7489999999999999,1,1,
durbin,wasm-aot,7,1.748,1,1,
durbin,wasm-aot,8,1.811,1,1,
durbin,wasm-aot,9,1.717,1,1,
durbin,wasm-aot,10,1.712,1,1,
durbin,wasm-aot,11,1.756,1,1,
durbin,wasm-aot,12,1.771,1,1,
durbin,wasm-aot,13,1.729,1,1,
durbin,wasm-aot,14,1.734,1,1,
durbin,wasm-aot,15,1.768,1,1,
durbin,wasm-aot,16,1.758,1,1,
durbin,wasm-aot,17,1.751,1,1,
durbin,wasm-aot,18,1.777,1,1,
durbin,wasm-aot,19,1.753,1,1,
durbin,wasm-aot,20,1.787,1,1,
durbin,wasm-aot,21,1.7409999999999999,1,1,
durbin,wasm-aot,22,1.871,1,1,
durbin,wasm-aot,23,1.7129999999999999,1,1,
durbin,wasm-aot,24,1.812,1,1,
durbin,wasm-aot,25,1.827,1,1,
durbin,wasm-aot,26,2.184,1,1,
durbin,wasm-aot,27,1.7129999999999999,1,1,
durbin,wasm-aot,28,1.761,1,1,
durbin,wasm-aot,29,1.742,1,1,
durbin,wasm-aot,30,1.7619999999999998,1,1,
fdtd-2d,native,1,917.485,1,1,
fdtd-2d,native,2,902.907,1,1,
fdtd-2d,native,3,875.664,1,1,
fdtd-2d,native,4,912.71,1,1,
fdtd-2d,native,5,896.638,1,1,
fdtd-2d,native,6,906.512,1,1,
fdtd-2d,native,7,909.558,1,1,
fdtd-2d,native,8,905.987,1,1,
fdtd-2d,native,9,919.363,1,1,
fdtd-2d,native,10,874.1320000000001,1,1,
fdtd-2d,native,11,890.845,1,1,
fdtd-2d,native,12,886.0409999999999,1,1,
fdtd-2d,native,13,884.123,1,1,
fdtd-2d,native,14,906.541,1,1,
fdtd-2d,native,15,905.8380000000001,1,1,
fdtd-2d,native,16,892.2379999999999,1,1,
fdtd-2d,native,17,877.885,1,1,
fdtd-2d,native,18,910.122,1,1,
fdtd-2d,native,19,921.804,1,1,
fdtd-2d,native,20,920.768,1,1,
fdtd-2d,native,21,926.219,1,1,
fdtd-2d,native,22,939.587,1,1,
fdtd-2d,native,23,914.177,1,1,
fdtd-2d,native,24,895.466,1,1,
fdtd-2d,native,25,931.55,1,1,
fdtd-2d,native,26,926.346,1,1,
fdtd-2d,native,27,1006.405,1,1,
fdtd-2d,native,28,922.9309999999999,1,1,
fdtd-2d,native,29,917.092,1,1,
fdtd-2d,native,30,927.6410000000001,1,1,
fdtd-2d,wasm-jit,1,1197.036,1,1,
fdtd-2d,wasm-jit,2,1223.816,1,1,
fdtd-2d,wasm-jit,3,1239.609,1,1,
fdtd-2d,wasm-jit,4,1235.133,1,1,
fdtd-2d,wasm-jit,5,1253.2859999999998,1,1,
fdtd-2d,wasm-jit,6,1191.179,1,1,
fdtd-2d,wasm-jit,7,1230.9289999999999,1,1,
fdtd-2d,wasm-jit,8,1217.653,1,1,
fdtd-2d,wasm-jit,9,1222.207,1,1,
fdtd-2d,wasm-jit,10,1211.8329999999999,1,1,
fdtd-2d,wasm-jit,11,1191.4260000000002,1,1,
fdtd-2d,wasm-jit,12,1221.797,1,1,
fdtd-2d,wasm-jit,13,1184.205,1,1,
fdtd-2d,wasm-jit,14,1166.855,1,1,
fdtd-2d,wasm-jit,15,1193.158,1,1,
fdtd-2d,wasm-jit,16,1220.51,1,1,
fdtd-2d,wasm-jit,17,1271.101,1,1,
fdtd-2d,wasm-jit,18,1275.018,1,1,
fdtd-2d,wasm-jit,19,1197.233,1,1,
fdtd-2d,wasm-jit,20,1195.466,1,1,
fdtd-2d,wasm-jit,21,1230.969,1,1,
fdtd-2d,wasm-jit,22,1215.963,1,1,
fdtd-2d,wasm-jit,23,1230.559,1,1,
fdtd-2d,wasm-jit,24,1189.4119999999998,1,1,
fdtd-2d,wasm-jit,25,1201.954,1,1,
fdtd-2d,wasm-jit,26,1202.391,1,1,
fdtd-2d,wasm-jit,27,1202.5829999999999,1,1,
fdtd-2d,wasm-jit,28,1217.282,1,1,
fdtd-2d,wasm-jit,29,1225.6309999999999,1,1,
fdtd-2d,wasm-jit,30,1192.032,1,1,
fdtd-2d,wasm-aot,1,1210.148,1,1,
fdtd-2d,wasm-aot,2,1224.8980000000001,1,1,
fdtd-2d,wasm-aot,3,1202.477,1,1,
fdtd-2d,wasm-aot,4,1198.768,1,1,
fdtd-2d,wasm-aot,5,1219.435,1,1,
fdtd-2d,wasm-aot,6,1180.95,1,1,
fdtd-2d,wasm-aot,7,1235.365,1,1,
fdtd-2d,wasm-aot,8,1215.527,1,1,
fdtd-2d,wasm-aot,9,1211.857,1,1,
fdtd-2d,wasm-aot,10,1193.751,1,1,
fdtd-2d,wasm-aot,11,1213.0590000000002,1,1,
fdtd-2d,wasm-aot,12,1226.6490000000001,1,1,
fdtd-2d,wasm-aot,13,1215.883,1,1,
fdtd-2d,wasm-aot,14,1195.4009999999998,1,1,
fdtd-2d,wasm-aot,15,1205.196,1,1,
fdtd-2d,wasm-aot,16,1234.4969999999998,1,1,
fdtd-2d,wasm-aot,17,1204.971,1,1,
fdtd-2d,wasm-aot,18,1216.999,1,1,
fdtd-2d,wasm-aot,19,1206.987,1,1,
fdtd-2d,wasm-aot,20,1193.165,1,1,
fdtd-2d,wasm-aot,21,1224.032,1,1,
fdtd-2d,wasm-aot,22,1211.196,1,1,
fdtd-2d,wasm-aot,23,1211.215,1,1,
fdtd-2d,wasm-aot,24,1213.7530000000002,1,1,
fdtd-2d,wasm-aot,25,1211.695,1,1,
fdtd-2d,wasm-aot,26,1235.043,1,1,
fdtd-2d,wasm-aot,27,1203.3709999999999,1,1,
fdtd-2d,wasm-aot,28,1246.316,1,1,
fdtd-2d,wasm-aot,29,1212.972,1,1,
fdtd-2d,wasm-aot,30,1198.551,1,1,
floyd-warshall,native,1,6754.8640000000005,1,1,
floyd-warshall,native,2,6762.081,1,1,
floyd-warshall,native,3,6966.322,1,1,
floyd-warshall,native,4,6852.66,1,1,
floyd-warshall,native,5,6862.667,1,1,
floyd-warshall,native,6,6950.085999999999,1,1,
floyd-warshall,native,7,6786.397,1,1,
floyd-warshall,native,8,6774.117,1,1,
floyd-warshall,native,9,7106.6630000000005,1,1,
floyd-warshall,native,10,6848.882,1,1,
floyd-warshall,native,11,6844.234,1,1,
floyd-warshall,native,12,6894.182,1,1,
floyd-warshall,native,13,6862.961,1,1,
floyd-warshall,native,14,6831.733,1,1,
floyd-warshall,native,15,6889.175,1,1,
floyd-warshall,native,16,6777.805,1,1,
floyd-warshall,native,17,6792.637,1,1,
floyd-warshall,native,18,7004.545,1,1,
floyd-warshall,native,19,6767.843,1,1,
floyd-warshall,native,20,6849.147999999999,1,1,
floyd-warshall,native,21,6951.939,1,1,
floyd-warshall,native,22,6956.906,1,1,
floyd-warshall,native,23,6880.801,1,1,
floyd-warshall,native,24,6794.788,1,1,
floyd-warshall,native,25,6823.491,1,1,
floyd-warshall,native,26,6796.926,1,1,
floyd-warshall,native,27,7006.265,1,1,
floyd-warshall,native,28,6795.915,1,1,
floyd-warshall,native,29,6872.268,1,1,
floyd-warshall,native,30,6791.134999999999,1,1,
floyd-warshall,wasm-jit,1,8449.925000000001,1,1,
floyd-warshall,wasm-jit,2,8535.424,1,1,
floyd-warshall,wasm-jit,3,8780.527,1,1,
floyd-warshall,wasm-jit,4,8691.981,1,1,
floyd-warshall,wasm-jit,5,8778.231,1,1,
floyd-warshall,wasm-jit,6,8796.476,1,1,
floyd-warshall,wasm-jit,7,8915.828,1,1,
floyd-warshall,wasm-jit,8,8691.091999999999,1,1,
floyd-warshall,wasm-jit,9,8627.374,1,1,
floyd-warshall,wasm-jit,10,8657.741,1,1,
floyd-warshall,wasm-jit,11,8588.984,1,1,
floyd-warshall,wasm-jit,12,8758.618,1,1,
floyd-warshall,wasm-jit,13,8769.776,1,1,
floyd-warshall,wasm-jit,14,8742.756,1,1,
floyd-warshall,wasm-jit,15,8583.926,1,1,
floyd-warshall,wasm-jit,16,8512.551,1,1,
floyd-warshall,wasm-jit,17,8584.982,1,1,
floyd-warshall,wasm-jit,18,8620.041000000001,1,1,
floyd-warshall,wasm-jit,19,8763.776,1,1,
floyd-warshall,wasm-jit,20,8630.784,1,1,
floyd-warshall,wasm-jit,21,8594.844000000001,1,1,
floyd-warshall,wasm-jit,22,8560.503999999999,1,1,
floyd-warshall,wasm-jit,23,8633.712,1,1,
floyd-warshall,wasm-jit,24,8611.678,1,1,
floyd-warshall,wasm-jit,25,8712.598,1,1,
floyd-warshall,wasm-jit,26,8610.172999999999,1,1,
floyd-warshall,wasm-jit,27,8689.04,1,1,
floyd-warshall,wasm-jit,28,8605.187000000002,1,1,
floyd-warshall,wasm-jit,29,8556.51,1,1,
floyd-warshall,wasm-jit,30,8553.089999999998,1,1,
floyd-warshall,wasm-aot,1,8713.039,1,1,
floyd-warshall,wasm-aot,2,8611.901,1,1,
floyd-warshall,wasm-aot,3,8550.516,1,1,
floyd-warshall,wasm-aot,4,8669.046,1,1,
floyd-warshall,wasm-aot,5,8617.592,1,1,
floyd-warshall,wasm-aot,6,8567.837000000001,1,1,
floyd-warshall,wasm-aot,7,8721.386,1,1,
floyd-warshall,wasm-aot,8,8613.694000000001,1,1,
floyd-warshall,wasm-aot,9,8591.447,1,1,
floyd-warshall,wasm-aot,10,8673.222000000002,1,1,
floyd-warshall,wasm-aot,11,8565.144999999999,1,1,
floyd-warshall,wasm-aot,12,8518.627999999999,1,1,
floyd-warshall,wasm-aot,13,8512.454,1,1,
floyd-warshall,wasm-aot,14,8664.129,1,1,
floyd-warshall,wasm-aot,15,8757.313,1,1,
floyd-warshall,wasm-aot,16,8791.627,1,1,
floyd-warshall,wasm-aot,17,8658.969000000001,1,1,
floyd-warshall,wasm-aot,18,8734.999,1,1,
floyd-warshall,wasm-aot,19,8617.809,1,1,
floyd-warshall,wasm-aot,20,8653.965,1,1,
floyd-warshall,wasm-aot,21,8684.976,1,1,
floyd-warshall,wasm-aot,22,8781.545,1,1,
floyd-warshall,wasm-aot,23,8703.703000000001,1,1,
floyd-warshall,wasm-aot,24,8634.629,1,1,
floyd-warshall,wasm-aot,25,8569.567,1,1,
floyd-warshall,wasm-aot,26,8648.569,1,1,
floyd-warshall,wasm-aot,27,8637.668,1,1,
floyd-warshall,wasm-aot,28,9147.584,1,1,
floyd-warshall,wasm-aot,29,8246.559,1,1,
floyd-warshall,wasm-aot,30,8569.714,1,1,
gemm,native,1,219.022,1,1,
gemm,native,2,210.436,1,1,
gemm,native,3,216.75300000000001,1,1,
gemm,native,4,221.72400000000002,1,1,
gemm,native,5,214.695,1,1,
gemm,native,6,224.486,1,1,
gemm,native,7,206.69899999999998,1,1,
gemm,native,8,207.093,1,1,
gemm,native,9,210.481,1,1,
gemm,native,10,206.56199999999998,1,1,
gemm,native,11,210.494,1,1,
gemm,native,12,207.786,1,1,
gemm,native,13,208.504,1,1,
gemm,native,14,206.84,1,1,
gemm,native,15,208.5,1,1,
gemm,native,16,208.411,1,1,
gemm,native,17,202.034,1,1,
gemm,native,18,202.482,1,1,
gemm,native,19,206.261,1,1,
gemm,native,20,203.922,1,1,
gemm,native,21,223.594,1,1,
gemm,native,22,209.292,1,1,
gemm,native,23,203.928,1,1,
gemm,native,24,208.28900000000002,1,1,
gemm,native,25,207.29600000000002,1,1,
gemm,native,26,208.344,1,1,
gemm,native,27,206.65900000000002,1,1,
gemm,native,28,220.26000000000002,1,1,
gemm,native,29,205.481,1,1,
gemm,native,30,213.95600000000002,1,1,
gemm,wasm-jit,1,703.964,1,1,
gemm,wasm-jit,2,712.825,1,1,
gemm,wasm-jit,3,716.456,1,1,
gemm,wasm-jit,4,708.0260000000001,1,1,
gemm,wasm-jit,5,710.0379999999999,1,1,
gemm,wasm-jit,6,710.827,1,1,
gemm,wasm-jit,7,704.967,1,1,
gemm,wasm-jit,8,706.684,1,1,
gemm,wasm-jit,9,707.897,1,1,
gemm,wasm-jit,10,696.0600000000001,1,1,
gemm,wasm-jit,11,705.6289999999999,1,1,
gemm,wasm-jit,12,707.0699999999999,1,1,
gemm,wasm-jit,13,704.681,1,1,
gemm,wasm-jit,14,708.57,1,1,
gemm,wasm-jit,15,693.1460000000001,1,1,
gemm,wasm-jit,16,706.896,1,1,
gemm,wasm-jit,17,701.309,1,1,
gemm,wasm-jit,18,709.288,1,1,
gemm,wasm-jit,19,702.393,1,1,
gemm,wasm-jit,20,701.438,1,1,
gemm,wasm-jit,21,704.5630000000001,1,1,
gemm,wasm-jit,22,703.7919999999999,1,1,
gemm,wasm-jit,23,708.7900000000001,1,1,
gemm,wasm-jit,24,700.7139999999999,1,1,
gemm,wasm-jit,25,705.275,1,1,
gemm,wasm-jit,26,709.406,1,1,
gemm,wasm-jit,27,712.1690000000001,1,1,
gemm,wasm-jit,28,698.135,1,1,
gemm,wasm-jit,29,699.866,1,1,
gemm,wasm-jit,30,709.5409999999999,1,1,
gemm,wasm-aot,1,707.0999999999999,1,1,
gemm,wasm-aot,2,703.8910000000001,1,1,
gemm,wasm-aot,3,709.225,1,1,
gemm,wasm-aot,4,711.759,1,1,
gemm,wasm-aot,5,705.74,1,1,
gemm,wasm-aot,6,702.5709999999999,1,1,
gemm,wasm-aot,7,705.394,1,1,
gemm,wasm-aot,8,709.167,1,1,
gemm,wasm-aot,9,699.62,1,1,
gemm,wasm-aot,10,707.96,1,1,
gemm,wasm-aot,11,715.3530000000001,1,1,
gemm,wasm-aot,12,707.408,1,1,
gemm,wasm-aot,13,708.9499999999999,1,1,
gemm,wasm-aot,14,713.657,1,1,
gemm,wasm-aot,15,706.858,1,1,
gemm,wasm-aot,16,719.545,1,1,
gemm,wasm-aot,17,710.197,1,1,
gemm,wasm-aot,18,707.178,1,1,
gemm,wasm-aot,19,715.391,1,1,
gemm,wasm-aot,20,706.566,1,1,
gemm,wasm-aot,21,725.0360000000001,1,1,
gemm,wasm-aot,22,751.0550000000001,1,1,
gemm,wasm-aot,23,716.737,1,1,
gemm,wasm-aot,24,707.82,1,1,
gemm,wasm-aot,25,710.9250000000001,1,1,
gemm,wasm-aot,26,707.2570000000001,1,1,
gemm,wasm-aot,27,705.268,1,1,
gemm,wasm-aot,28,717.307,1,1,
gemm,wasm-aot,29,708.726,1,1,
gemm,wasm-aot,30,705.5169999999999,1,1,
gemver,native,1,14.126,1,1,
gemver,native,2,14.156,1,1,
gemver,native,3,14.269,1,1,
gemver,native,4,13.226999999999999,1,1,
gemver,native,5,14.39,1,1,
gemver,native,6,13.841,1,1,
gemver,native,7,14.153,1,1,
gemver,native,8,12.77,1,1,
gemver,native,9,14.278,1,1,
gemver,native,10,14.337000000000002,1,1,
gemver,native,11,13.693999999999999,1,1,
gemver,native,12,15.325999999999999,1,1,
gemver,native,13,14.013,1,1,
gemver,native,14,13.536,1,1,
gemver,native,15,15.873000000000001,1,1,
gemver,native,16,17.531000000000002,1,1,
gemver,native,17,14.381,1,1,
gemver,native,18,15.751000000000001,1,1,
gemver,native,19,14.281,1,1,
gemver,native,20,14.695,1,1,
gemver,native,21,13.863999999999999,1,1,
gemver,native,22,13.771,1,1,
gemver,native,23,13.679,1,1,
gemver,native,24,13.520000000000001,1,1,
gemver,native,25,13.896,1,1,
gemver,native,26,15.795,1,1,
gemver,native,27,14.061,1,1,
gemver,native,28,12.641,1,1,
gemver,native,29,16.771,1,1,
gemver,native,30,18.718,1,1,
gemver,wasm-jit,1,16.512,1,1,
gemver,wasm-jit,2,18.77,1,1,
gemver,wasm-jit,3,18.412000000000003,1,1,
gemver,wasm-jit,4,15.467,1,1,
gemver,wasm-jit,5,16.615000000000002,1,1,
gemver,wasm-jit,6,15.234,1,1,
gemver,wasm-jit,7,15.362,1,1,
gemver,wasm-jit,8,14.068999999999999,1,1,
gemver,wasm-jit,9,14.369,1,1,
gemver,wasm-jit,10,15.796999999999999,1,1,
gemver,wasm-jit,11,13.834000000000001,1,1,
gemver,wasm-jit,12,14.578000000000001,1,1,
gemver,wasm-jit,13,14.704,1,1,
gemver,wasm-jit,14,14.612,1,1,
gemver,wasm-jit,15,16.108999999999998,1,1,
gemver,wasm-jit,16,13.473,1,1,
gemver,wasm-jit,17,16.63,1,1,
gemver,wasm-jit,18,14.68,1,1,
gemver,wasm-jit,19,14.107,1,1,
gemver,wasm-jit,20,15.935999999999998,1,1,
gemver,wasm-jit,21,14.022,1,1,
gemver,wasm-jit,22,14.145,1,1,
gemver,wasm-jit,23,14.407,1,1,
gemver,wasm-jit,24,13.469999999999999,1,1,
gemver,wasm-jit,25,14.024,1,1,
gemver,wasm-jit,26,13.226999999999999,1,1,
gemver,wasm-jit,27,13.574,1,1,
gemver,wasm-jit,28,12.873000000000001,1,1,
gemver,wasm-jit,29,14.44,1,1,
gemver,wasm-jit,30,14.529,1,1,
gemver,wasm-aot,1,13.77,1,1,
gemver,wasm-aot,2,13.582,1,1,
gemver,wasm-aot,3,13.096,1,1,
gemver,wasm-aot,4,14.293,1,1,
gemver,wasm-aot,5,13.769,1,1,
gemver,wasm-aot,6,12.848,1,1,
gemver,wasm-aot,7,13.256,1,1,
gemver,wasm-aot,8,13.327,1,1,
gemver,wasm-aot,9,14.564,1,1,
gemver,wasm-aot,10,13.751,1,1,
gemver,wasm-aot,11,13.231,1,1,
gemver,wasm-aot,12,14.588000000000001,1,1,
gemver,wasm-aot,13,14.848,1,1,
gemver,wasm-aot,14,15.359,1,1,
gemver,wasm-aot,15,13.461,1,1,
gemver,wasm-aot,16,14.642999999999999,1,1,
gemver,wasm-aot,17,13.487,1,1,
gemver,wasm-aot,18,14.376999999999999,1,1,
gemver,wasm-aot,19,14.482999999999999,1,1,
gemver,wasm-aot,20,13.656,1,1,
gemver,wasm-aot,21,13.474,1,1,
gemver,wasm-aot,22,13.946,1,1,
gemver,wasm-aot,23,14.587,1,1,
gemver,wasm-aot,24,15.126000000000001,1,1,
gemver,wasm-aot,25,15.379,1,1,
gemver,wasm-aot,26,15.677,1,1,
gemver,wasm-aot,27,16.932,1,1,
gemver,wasm-aot,28,15.513,1,1,
gemver,wasm-aot,29,19.849999999999998,1,1,
gemver,wasm-aot,30,15.144,1,1,
gesummv,native,1,2.895,1,1,
gesummv,native,2,3.114,1,1,
gesummv,native,3,2.872,1,1,
gesummv,native,4,2.9290000000000003,1,1,
gesummv,native,5,2.98,1,1,
gesummv,native,6,3.17,1,1,
gesummv,native,7,3.035,1,1,
gesummv,native,8,3.1319999999999997,1,1,
gesummv,native,9,2.8609999999999998,1,1,
gesummv,native,10,2.902,1,1,
gesummv,native,11,3.236,1,1,
gesummv,native,12,2.9090000000000003,1,1,
gesummv,native,13,2.931,1,1,
gesummv,native,14,2.9299999999999997,1,1,
gesummv,native,15,3.0149999999999997,1,1,
gesummv,native,16,2.903,1,1,
gesummv,native,17,2.884,1,1,
gesummv,native,18,2.882,1,1,
gesummv,native,19,2.934,1,1,
gesummv,native,20,2.89,1,1,
gesummv,native,21,2.8739999999999997,1,1,
gesummv,native,22,2.902,1,1,
gesummv,native,23,2.9659999999999997,1,1,
gesummv,native,24,2.9050000000000002,1,1,
gesummv,native,25,2.876,1,1,
gesummv,native,26,2.888,1,1,
gesummv,native,27,2.875,1,1,
gesummv,native,28,2.958,1,1,
gesummv,native,29,3.179,1,1,
gesummv,native,30,2.873,1,1,
gesummv,wasm-jit,1,2.906,1,1,
gesummv,wasm-jit,2,2.997,1,1,
gesummv,wasm-jit,3,2.754,1,1,
gesummv,wasm-jit,4,7.024,1,1,
gesummv,wasm-jit,5,2.891,1,1,
gesummv,wasm-jit,6,2.904,1,1,
gesummv,wasm-jit,7,2.832,1,1,
gesummv,wasm-jit,8,2.7950000000000004,1,1,
gesummv,wasm-jit,9,2.7720000000000002,1,1,
gesummv,wasm-jit,10,2.92,1,1,
gesummv,wasm-jit,11,2.742,1,1,
gesummv,wasm-jit,12,2.787,1,1,
gesummv,wasm-jit,13,2.807,1,1,
gesummv,wasm-jit,14,2.7390000000000003,1,1,
gesummv,wasm-jit,15,2.7439999999999998,1,1,
gesummv,wasm-jit,16,2.77,1,1,
gesummv,wasm-jit,17,2.796,1,1,
gesummv,wasm-jit,18,2.89,1,1,
gesummv,wasm-jit,19,2.78,1,1,
gesummv,wasm-jit,20,3.266,1,1,
gesummv,wasm-jit,21,2.754,1,1,
gesummv,wasm-jit,22,2.8939999999999997,1,1,
gesummv,wasm-jit,23,2.778,1,1,
gesummv,wasm-jit,24,2.747,1,1,
gesummv,wasm-jit,25,2.82,1,1,
gesummv,wasm-jit,26,2.781,1,1,
gesummv,wasm-jit,27,3.104,1,1,
gesummv,wasm-jit,28,2.873,1,1,
gesummv,wasm-jit,29,2.754,1,1,
gesummv,wasm-jit,30,2.8739999999999997,1,1,
gesummv,wasm-aot,1,2.746,1,1,
gesummv,wasm-aot,2,2.7590000000000003,1,1,
gesummv,wasm-aot,3,3.105,1,1,
gesummv,wasm-aot,4,2.901,1,1,
gesummv,wasm-aot,5,2.869,1,1,
gesummv,wasm-aot,6,2.766,1,1,
gesummv,wasm-aot,7,2.7520000000000002,1,1,
gesummv,wasm-aot,8,2.764,1,1,
gesummv,wasm-aot,9,2.779,1,1,
gesummv,wasm-aot,10,2.835,1,1,
gesummv,wasm-aot,11,2.8489999999999998,1,1,
gesummv,wasm-aot,12,3.0170000000000003,1,1,
gesummv,wasm-aot,13,2.786,1,1,
gesummv,wasm-aot,14,2.8089999999999997,1,1,
gesummv,wasm-aot,15,3.022,1,1,
gesummv,wasm-aot,16,2.8609999999999998,1,1,
gesummv,wasm-aot,17,2.906,1,1,
gesummv,wasm-aot,18,2.762,1,1,
gesummv,wasm-aot,19,2.79,1,1,
gesummv,wasm-aot,20,2.813,1,1,
gesummv,wasm-aot,21,2.77,1,1,
gesummv,wasm-aot,22,7.201,1,1,
gesummv,wasm-aot,23,2.9450000000000003,1,1,
gesummv,wasm-aot,24,2.899,1,1,
gesummv,wasm-aot,25,2.7889999999999997,1,1,
gesummv,wasm-aot,26,2.806,1,1,
gesummv,wasm-aot,27,2.742,1,1,
gesummv,wasm-aot,28,2.873,1,1,
gesummv,wasm-aot,29,2.9650000000000003,1,1,
gesummv,wasm-aot,30,7.1450000000000005,1,1,
gramschmidt,native,1,5224.362,1,1,
gramschmidt,native,2,5052.513,1,1,
gramschmidt,native,3,4862.947,1,1,
gramschmidt,native,4,4744.094999999999,1,1,
gramschmidt,native,5,4914.892,1,1,
gramschmidt,native,6,4968.1050000000005,1,1,
gramschmidt,native,7,4828.9220000000005,1,1,
gramschmidt,native,8,4958.127,1,1,
gramschmidt,native,9,5169.053,1,1,
gramschmidt,native,10,5023.284000000001,1,1,
gramschmidt,native,11,4796.829,1,1,
gramschmidt,native,12,5235.902,1,1,
gramschmidt,native,13,5004.295,1,1,
gramschmidt,native,14,5160.965,1,1,
gramschmidt,native,15,5072.085999999999,1,1,
gramschmidt,native,16,4751.157,1,1,
gramschmidt,native,17,4760.331,1,1,
gramschmidt,native,18,4756.446000000001,1,1,
gramschmidt,native,19,4867.597,1,1,
gramschmidt,native,20,4558.872,1,1,
gramschmidt,native,21,5330.2,1,1,
gramschmidt,native,22,4680.387,1,1,
gramschmidt,native,23,4744.923,1,1,
gramschmidt,native,24,4888.816000000001,1,1,
gramschmidt,native,25,4765.348,1,1,
gramschmidt,native,26,4770.899,1,1,
gramschmidt,native,27,4811.151,1,1,
gramschmidt,native,28,4939.903,1,1,
gramschmidt,native,29,4701.338,1,1,
gramschmidt,native,30,5386.182,1,1,
gramschmidt,wasm-jit,1,4443.575,1,1,
gramschmidt,wasm-jit,2,4823.9890000000005,1,1,
gramschmidt,wasm-jit,3,4306.384,1,1,
gramschmidt,wasm-jit,4,4221.165,1,1,
gramschmidt,wasm-jit,5,4249.79,1,1,
gramschmidt,wasm-jit,6,4408.915,1,1,
gramschmidt,wasm-jit,7,4449.945,1,1,
gramschmidt,wasm-jit,8,4397.32,1,1,
gramschmidt,wasm-jit,9,4344.04,1,1,
gramschmidt,wasm-jit,10,4464.085,1,1,
gramschmidt,wasm-jit,11,4480.519,1,1,
gramschmidt,wasm-jit,12,4535.221,1,1,
gramschmidt,wasm-jit,13,4411.375999999999,1,1,
gramschmidt,wasm-jit,14,4417.582,1,1,
gramschmidt,wasm-jit,15,4164.34,1,1,
gramschmidt,wasm-jit,16,4474.264,1,1,
gramschmidt,wasm-jit,17,4281.322,1,1,
gramschmidt,wasm-jit,18,4154.532999999999,1,1,
gramschmidt,wasm-jit,19,4177.874,1,1,
gramschmidt,wasm-jit,20,4204.366,1,1,
gramschmidt,wasm-jit,21,4346.431,1,1,
gramschmidt,wasm-jit,22,4204.42,1,1,
gramschmidt,wasm-jit,23,4313.866,1,1,
gramschmidt,wasm-jit,24,4289.544,1,1,
gramschmidt,wasm-jit,25,4236.3,1,1,
gramschmidt,wasm-jit,26,4128.021000000001,1,1,
gramschmidt,wasm-jit,27,4363.143,1,1,
gramschmidt,wasm-jit,28,4329.522,1,1,
gramschmidt,wasm-jit,29,4043.2509999999997,1,1,
gramschmidt,wasm-jit,30,4269.84,1,1,
gramschmidt,wasm-aot,1,4140.2609999999995,1,1,
gramschmidt,wasm-aot,2,4283.454,1,1,
gramschmidt,wasm-aot,3,4094.737,1,1,
gramschmidt,wasm-aot,4,4233.943,1,1,
gramschmidt,wasm-aot,5,4142.537,1,1,
gramschmidt,wasm-aot,6,4376.722,1,1,
gramschmidt,wasm-aot,7,4257.669,1,1,
gramschmidt,wasm-aot,8,4270.928,1,1,
gramschmidt,wasm-aot,9,4154.707,1,1,
gramschmidt,wasm-aot,10,4230.488,1,1,
gramschmidt,wasm-aot,11,4297.186,1,1,
gramschmidt,wasm-aot,12,4061.303,1,1,
gramschmidt,wasm-aot,13,4188.236,1,1,
gramschmidt,wasm-aot,14,4244.132,1,1,
gramschmidt,wasm-aot,15,4212.275,1,1,
gramschmidt,wasm-aot,16,4077.9170000000004,1,1,
gramschmidt,wasm-aot,17,4241.62,1,1,
gramschmidt,wasm-aot,18,4254.21,1,1,
gramschmidt,wasm-aot,19,4106.094,1,1,
gramschmidt,wasm-aot,20,4343.527,1,1,
gramschmidt,wasm-aot,21,4335.762,1,1,
gramschmidt,wasm-aot,22,4377.686,1,1,
gramschmidt,wasm-aot,23,4393.414,1,1,
gramschmidt,wasm-aot,24,4122.177,1,1,
gramschmidt,wasm-aot,25,3990.628,1,1,
gramschmidt,wasm-aot,26,4287.492,1,1,
gramschmidt,wasm-aot,27,4233.671,1,1,
gramschmidt,wasm-aot,28,4192.034,1,1,
gramschmidt,wasm-aot,29,4136.826,1,1,
gramschmidt,wasm-aot,30,4072.912,1,1,
heat-3d,native,1,1093.829,1,1,
heat-3d,native,2,1098.26,1,1,
heat-3d,native,3,1107.1779999999999,1,1,
heat-3d,native,4,1069.757,1,1,
heat-3d,native,5,1115.416,1,1,
heat-3d,native,6,1068.004,1,1,
heat-3d,native,7,1114.141,1,1,
heat-3d,native,8,1058.259,1,1,
heat-3d,native,9,1074.311,1,1,
heat-3d,native,10,1069.378,1,1,
heat-3d,native,11,1112.055,1,1,
heat-3d,native,12,1097.321,1,1,
heat-3d,native,13,1080.1940000000002,1,1,
heat-3d,native,14,1050.759,1,1,
heat-3d,native,15,1097.415,1,1,
heat-3d,native,16,1104.9180000000001,1,1,
heat-3d,native,17,1125.151,1,1,
heat-3d,native,18,1079.8300000000002,1,1,
heat-3d,native,19,1075.716,1,1,
heat-3d,native,20,1066.244,1,1,
heat-3d,native,21,1074.718,1,1,
heat-3d,native,22,1105.77,1,1,
heat-3d,native,23,1108.665,1,1,
heat-3d,native,24,1075.334,1,1,
heat-3d,native,25,1096.331,1,1,
heat-3d,native,26,1072.873,1,1,
heat-3d,native,27,1108.43,1,1,
heat-3d,native,28,1069.2330000000002,1,1,
heat-3d,native,29,1071.0839999999998,1,1,
heat-3d,native,30,1086.463,1,1,
heat-3d,wasm-jit,1,2267.757,1,1,
heat-3d,wasm-jit,2,2180.648,1,1,
heat-3d,wasm-jit,3,2266.997,1,1,
heat-3d,wasm-jit,4,2250.9359999999997,1,1,
heat-3d,wasm-jit,5,2155.886,1,1,
heat-3d,wasm-jit,6,2209.4390000000003,1,1,
heat-3d,wasm-jit,7,2151.764,1,1,
heat-3d,wasm-jit,8,2249.664,1,1,
heat-3d,wasm-jit,9,2173.654,1,1,
heat-3d,wasm-jit,10,2145.339,1,1,
heat-3d,wasm-jit,11,2205.156,1,1,
heat-3d,wasm-jit,12,2218.8050000000003,1,1,
heat-3d,wasm-jit,13,2230.326,1,1,
heat-3d,wasm-jit,14,2159.748,1,1,
heat-3d,wasm-jit,15,2146.444,1,1,
heat-3d,wasm-jit,16,2222.763,1,1,
heat-3d,wasm-jit,17,2146.2279999999996,1,1,
heat-3d,wasm-jit,18,2176.302,1,1,
heat-3d,wasm-jit,19,2191.871,1,1,
heat-3d,wasm-jit,20,2269.286,1,1,
heat-3d,wasm-jit,21,2203.468,1,1,
heat-3d,wasm-jit,22,2208.145,1,1,
heat-3d,wasm-jit,23,2282.298,1,1,
heat-3d,wasm-jit,24,2224.7780000000002,1,1,
heat-3d,wasm-jit,25,2315.3320000000003,1,1,
heat-3d,wasm-jit,26,2205.565,1,1,
heat-3d,wasm-jit,27,2208.7889999999998,1,1,
heat-3d,wasm-jit,28,2239.186,1,1,
heat-3d,wasm-jit,29,2259.823,1,1,
heat-3d,wasm-jit,30,2206.365,1,1,
heat-3d,wasm-aot,1,2247.098,1,1,
heat-3d,wasm-aot,2,2236.386,1,1,
heat-3d,wasm-aot,3,2224.265,1,1,
heat-3d,wasm-aot,4,2181.4390000000003,1,1,
heat-3d,wasm-aot,5,2274.926,1,1,
heat-3d,wasm-aot,6,2244.112,1,1,
heat-3d,wasm-aot,7,2187.153,1,1,
heat-3d,wasm-aot,8,2254.0110000000004,1,1,
heat-3d,wasm-aot,9,2239.959,1,1,
heat-3d,wasm-aot,10,2273.96,1,1,
heat-3d,wasm-aot,11,2173.23,1,1,
heat-3d,wasm-aot,12,2258.23,1,1,
heat-3d,wasm-aot,13,2263.897,1,1,
heat-3d,wasm-aot,14,2262.677,1,1,
heat-3d,wasm-aot,15,2263.714,1,1,
heat-3d,wasm-aot,16,2267.305,1,1,
heat-3d,wasm-aot,17,2247.9429999999998,1,1,
heat-3d,wasm-aot,18,2257.152,1,1,
heat-3d,wasm-aot,19,2281.975,1,1,
heat-3d,wasm-aot,20,2199.612,1,1,
heat-3d,wasm-aot,21,2258.511,1,1,
heat-3d,wasm-aot,22,2248.473,1,1,
heat-3d,wasm-aot,23,2182.166,1,1,
heat-3d,wasm-aot,24,2173.603,1,1,
heat-3d,wasm-aot,25,2267.214,1,1,
heat-3d,wasm-aot,26,2180.468,1,1,
heat-3d,wasm-aot,27,2170.577,1,1,
heat-3d,wasm-aot,28,2229.069,1,1,
heat-3d,wasm-aot,29,2196.913,1,1,
heat-3d,wasm-aot,30,2252.638,1,1,
jacobi-1d,native,1,0.301,1,1,
jacobi-1d,native,2,0.383,1,1,
jacobi-1d,native,3,0.331,1,1,
jacobi-1d,native,4,0.318,1,1,
jacobi-1d,native,5,0.305,1,1,
jacobi-1d,native,6,0.29500000000000004,1,1,
jacobi-1d,native,7,0.35300000000000004,1,1,
jacobi-1d,native,8,0.313,1,1,
jacobi-1d,native,9,0.317,1,1,
jacobi-1d,native,10,0.296,1,1,
jacobi-1d,native,11,0.29500000000000004,1,1,
jacobi-1d,native,12,0.292,1,1,
jacobi-1d,native,13,0.312,1,1,
jacobi-1d,native,14,0.312,1,1,
jacobi-1d,native,15,0.299,1,1,
jacobi-1d,native,16,0.3,1,1,
jacobi-1d,native,17,0.944,1,1,
jacobi-1d,native,18,0.32699999999999996,1,1,
jacobi-1d,native,19,0.318,1,1,
jacobi-1d,native,20,0.32699999999999996,1,1,
jacobi-1d,native,21,0.30200000000000005,1,1,
jacobi-1d,native,22,0.305,1,1,
jacobi-1d,native,23,0.298,1,1,
jacobi-1d,native,24,0.29,1,1,
jacobi-1d,native,25,0.308,1,1,
jacobi-1d,native,26,0.303,1,1,
jacobi-1d,native,27,0.317,1,1,
jacobi-1d,native,28,0.32699999999999996,1,1,
jacobi-1d,native,29,0.314,1,1,
jacobi-1d,native,30,0.3,1,1,
jacobi-1d,wasm-jit,1,0.9959999999999999,1,1,
jacobi-1d,wasm-jit,2,0.9970000000000001,1,1,
jacobi-1d,wasm-jit,3,1.024,1,1,
jacobi-1d,wasm-jit,4,0.9970000000000001,1,1,
jacobi-1d,wasm-jit,5,0.995,1,1,
jacobi-1d,wasm-jit,6,1.028,1,1,
jacobi-1d,wasm-jit,7,1.035,1,1,
jacobi-1d,wasm-jit,8,1.01,1,1,
jacobi-1d,wasm-jit,9,0.9859999999999999,1,1,
jacobi-1d,wasm-jit,10,1.0,1,1,
jacobi-1d,wasm-jit,11,0.9859999999999999,1,1,
jacobi-1d,wasm-jit,12,0.9859999999999999,1,1,
jacobi-1d,wasm-jit,13,1.009,1,1,
jacobi-1d,wasm-jit,14,1.0230000000000001,1,1,
jacobi-1d,wasm-jit,15,1.017,1,1,
jacobi-1d,wasm-jit,16,1.02,1,1,
jacobi-1d,wasm-jit,17,1.0,1,1,
jacobi-1d,wasm-jit,18,0.992,1,1,
jacobi-1d,wasm-jit,19,1.042,1,1,
jacobi-1d,wasm-jit,20,1.048,1,1,
jacobi-1d,wasm-jit,21,1.0150000000000001,1,1,
jacobi-1d,wasm-jit,22,0.995,1,1,
jacobi-1d,wasm-jit,23,0.988,1,1,
jacobi-1d,wasm-jit,24,1.0219999999999998,1,1,
jacobi-1d,wasm-jit,25,1.047,1,1,
jacobi-1d,wasm-jit,26,1.063,1,1,
jacobi-1d,wasm-jit,27,0.993,1,1,
jacobi-1d,wasm-jit,28,1.021,1,1,
jacobi-1d,wasm-jit,29,1.039,1,1,
jacobi-1d,wasm-jit,30,3.536,1,1,
jacobi-1d,wasm-aot,1,1.092,1,1,
jacobi-1d,wasm-aot,2,0.9909999999999999,1,1,
jacobi-1d,wasm-aot,3,1.026,1,1,
jacobi-1d,wasm-aot,4,1.05,1,1,
jacobi-1d,wasm-aot,5,1.014,1,1,
jacobi-1d,wasm-aot,6,1.042,1,1,
jacobi-1d,wasm-aot,7,0.9909999999999999,1,1,
jacobi-1d,wasm-aot,8,1.0230000000000001,1,1,
jacobi-1d,wasm-aot,9,1.0410000000000001,1,1,
jacobi-1d,wasm-aot,10,1.008,1,1,
jacobi-1d,wasm-aot,11,1.048,1,1,
jacobi-1d,wasm-aot,12,1.002,1,1,
jacobi-1d,wasm-aot,13,0.9940000000000001,1,1,
jacobi-1d,wasm-aot,14,1.042,1,1,
jacobi-1d,wasm-aot,15,1.0,1,1,
jacobi-1d,wasm-aot,16,1.021,1,1,
jacobi-1d,wasm-aot,17,0.998,1,1,
jacobi-1d,wasm-aot,18,1.006,1,1,
jacobi-1d,wasm-aot,19,1.0510000000000002,1,1,
jacobi-1d,wasm-aot,20,0.993,1,1,
jacobi-1d,wasm-aot,21,1.032,1,1,
jacobi-1d,wasm-aot,22,1.03,1,1,
jacobi-1d,wasm-aot,23,1.002,1,1,
jacobi-1d,wasm-aot,24,1.08,1,1,
jacobi-1d,wasm-aot,25,1.067,1,1,
jacobi-1d,wasm-aot,26,1.072,1,1,
jacobi-1d,wasm-aot,27,1.028,1,1,
jacobi-1d,wasm-aot,28,1.0070000000000001,1,1,
jacobi-1d,wasm-aot,29,0.9970000000000001,1,1,
jacobi-1d,wasm-aot,30,1.048,1,1,
jacobi-2d,native,1,828.5360000000001,1,1,
jacobi-2d,native,2,840.9140000000001,1,1,
jacobi-2d,native,3,918.071,1,1,
jacobi-2d,native,4,874.658,1,1,
jacobi-2d,native,5,886.261,1,1,
jacobi-2d,native,6,783.7800000000001,1,1,
jacobi-2d,native,7,757.144,1,1,
jacobi-2d,native,8,808.363,1,1,
jacobi-2d,native,9,788.8190000000001,1,1,
jacobi-2d,native,10,786.475,1,1,
jacobi-2d,native,11,793.397,1,1,
jacobi-2d,native,12,809.144,1,1,
jacobi-2d,native,13,798.396,1,1,
jacobi-2d,native,14,780.047,1,1,
jacobi-2d,native,15,773.1940000000001,1,1,
jacobi-2d,native,16,773.873,1,1,
jacobi-2d,native,17,795.917,1,1,
jacobi-2d,native,18,794.554,1,1,
jacobi-2d,native,19,801.227,1,1,
jacobi-2d,native,20,807.06,1,1,
jacobi-2d,native,21,815.333,1,1,
jacobi-2d,native,22,825.067,1,1,
jacobi-2d,native,23,781.9789999999999,1,1,
jacobi-2d,native,24,813.913,1,1,
jacobi-2d,native,25,819.8149999999999,1,1,
jacobi-2d,native,26,831.141,1,1,
jacobi-2d,native,27,805.269,1,1,
jacobi-2d,native,28,820.283,1,1,
jacobi-2d,native,29,812.817,1,1,
jacobi-2d,native,30,816.287,1,1,
jacobi-2d,wasm-jit,1,1539.758,1,1,
jacobi-2d,wasm-jit,2,1619.4660000000001,1,1,
jacobi-2d,wasm-jit,3,1633.472,1,1,
jacobi-2d,wasm-jit,4,1626.5929999999998,1,1,
jacobi-2d,wasm-jit,5,1629.393,1,1,
jacobi-2d,wasm-jit,6,1633.9360000000001,1,1,
jacobi-2d,wasm-jit,7,1532.174,1,1,
jacobi-2d,wasm-jit,8,1642.032,1,1,
jacobi-2d,wasm-jit,9,1630.653,1,1,
jacobi-2d,wasm-jit,10,1694.877,1,1,
jacobi-2d,wasm-jit,11,1761.907,1,1,
jacobi-2d,wasm-jit,12,1638.634,1,1,
jacobi-2d,wasm-jit,13,1620.891,1,1,
jacobi-2d,wasm-jit,14,1513.7959999999998,1,1,
jacobi-2d,wasm-jit,15,1624.952,1,1,
jacobi-2d,wasm-jit,16,1518.178,1,1,
jacobi-2d,wasm-jit,17,1619.4180000000001,1,1,
jacobi-2d,wasm-jit,18,1618.057,1,1,
jacobi-2d,wasm-jit,19,1610.6100000000001,1,1,
jacobi-2d,wasm-jit,20,1625.6699999999998,1,1,
jacobi-2d,wasm-jit,21,1630.886,1,1,
jacobi-2d,wasm-jit,22,1625.913,1,1,
jacobi-2d,wasm-jit,23,1652.855,1,1,
jacobi-2d,wasm-jit,24,1641.9289999999999,1,1,
jacobi-2d,wasm-jit,25,1636.5449999999998,1,1,
jacobi-2d,wasm-jit,26,1618.88,1,1,
jacobi-2d,wasm-jit,27,1634.4,1,1,
jacobi-2d,wasm-jit,28,1648.268,1,1,
jacobi-2d,wasm-jit,29,1683.564,1,1,
jacobi-2d,wasm-jit,30,1612.606,1,1,
jacobi-2d,wasm-aot,1,1615.488,1,1,
jacobi-2d,wasm-aot,2,1524.472,1,1,
jacobi-2d,wasm-aot,3,1507.9009999999998,1,1,
jacobi-2d,wasm-aot,4,1503.061,1,1,
jacobi-2d,wasm-aot,5,1518.863,1,1,
jacobi-2d,wasm-aot,6,1605.872,1,1,
jacobi-2d,wasm-aot,7,1514.026,1,1,
jacobi-2d,wasm-aot,8,1612.244,1,1,
jacobi-2d,wasm-aot,9,1530.2640000000001,1,1,
jacobi-2d,wasm-aot,10,1538.3439999999998,1,1,
jacobi-2d,wasm-aot,11,1601.526,1,1,
jacobi-2d,wasm-aot,12,1526.0800000000002,1,1,
jacobi-2d,wasm-aot,13,1538.046,1,1,
jacobi-2d,wasm-aot,14,1529.626,1,1,
jacobi-2d,wasm-aot,15,1503.5,1,1,
jacobi-2d,wasm-aot,16,1624.647,1,1,
jacobi-2d,wasm-aot,17,1620.69,1,1,
jacobi-2d,wasm-aot,18,1626.633,1,1,
jacobi-2d,wasm-aot,19,1519.205,1,1,
jacobi-2d,wasm-aot,20,1602.49,1,1,
jacobi-2d,wasm-aot,21,1600.651,1,1,
jacobi-2d,wasm-aot,22,1511.107,1,1,
jacobi-2d,wasm-aot,23,1624.596,1,1,
jacobi-2d,wasm-aot,24,1519.629,1,1,
jacobi-2d,wasm-aot,25,1528.703,1,1,
jacobi-2d,wasm-aot,26,1618.326,1,1,
jacobi-2d,wasm-aot,27,1605.452,1,1,
jacobi-2d,wasm-aot,28,1602.7830000000001,1,1,
jacobi-2d,wasm-aot,29,1512.384,1,1,
jacobi-2d,wasm-aot,30,1543.544,1,1,
lu,native,1,2241.972,1,1,
lu,native,2,2445.675,1,1,
lu,native,3,2591.2470000000003,1,1,
lu,native,4,2267.059,1,1,
lu,native,5,2129.75,1,1,
lu,native,6,2305.043,1,1,
lu,native,7,2176.127,1,1,
lu,native,8,2585.5730000000003,1,1,
lu,native,9,2621.3289999999997,1,1,
lu,native,10,2320.763,1,1,
lu,native,11,2243.665,1,1,
lu,native,12,2240.67,1,1,
lu,native,13,2433.556,1,1,
lu,native,14,2293.7400000000002,1,1,
lu,native,15,2266.5190000000002,1,1,
lu,native,16,2305.058,1,1,
lu,native,17,2344.166,1,1,
lu,native,18,2329.094,1,1,
lu,native,19,2428.915,1,1,
lu,native,20,2335.446,1,1,
lu,native,21,2261.943,1,1,
lu,native,22,2628.857,1,1,
lu,native,23,2403.9700000000003,1,1,
lu,native,24,2424.518,1,1,
lu,native,25,2338.922,1,1,
lu,native,26,2811.267,1,1,
lu,native,27,2268.855,1,1,
lu,native,28,2468.6020000000003,1,1,
lu,native,29,2318.6800000000003,1,1,
lu,native,30,2504.511,1,1,
lu,wasm-jit,1,2423.638,1,1,
lu,wasm-jit,2,2230.219,1,1,
lu,wasm-jit,3,2239.661,1,1,
lu,wasm-jit,4,2259.8729999999996,1,1,
lu,wasm-jit,5,2219.31,1,1,
lu,wasm-jit,6,2227.036,1,1,
lu,wasm-jit,7,2261.947,1,1,
lu,wasm-jit,8,2241.203,1,1,
lu,wasm-jit,9,2217.933,1,1,
lu,wasm-jit,10,2259.486,1,1,
lu,wasm-jit,11,2237.373,1,1,
lu,wasm-jit,12,2249.558,1,1,
lu,wasm-jit,13,2301.7349999999997,1,1,
lu,wasm-jit,14,2285.3469999999998,1,1,
lu,wasm-jit,15,2232.368,1,1,
lu,wasm-jit,16,2230.908,1,1,
lu,wasm-jit,17,2270.6780000000003,1,1,
lu,wasm-jit,18,2230.9320000000002,1,1,
lu,wasm-jit,19,2193.925,1,1,
lu,wasm-jit,20,2270.648,1,1,
lu,wasm-jit,21,2246.022,1,1,
lu,wasm-jit,22,2249.062,1,1,
lu,wasm-jit,23,2221.832,1,1,
lu,wasm-jit,24,2246.054,1,1,
lu,wasm-jit,25,2227.082,1,1,
lu,wasm-jit,26,2367.491,1,1,
lu,wasm-jit,27,2237.806,1,1,
lu,wasm-jit,28,2244.152,1,1,
lu,wasm-jit,29,2225.0190000000002,1,1,
lu,wasm-jit,30,2321.387,1,1,
lu,wasm-aot,1,2214.4300000000003,1,1,
lu,wasm-aot,2,2240.2479999999996,1,1,
lu,wasm-aot,3,2233.02,1,1,
lu,wasm-aot,4,2271.073,1,1,
lu,wasm-aot,5,2284.196,1,1,
lu,wasm-aot,6,2233.05,1,1,
lu,wasm-aot,7,2256.797,1,1,
lu,wasm-aot,8,2261.748,1,1,
lu,wasm-aot,9,2323.776,1,1,
lu,wasm-aot,10,2225.247,1,1,
lu,wasm-aot,11,2288.245,1,1,
lu,wasm-aot,12,2250.71,1,1,
lu,wasm-aot,13,2247.855,1,1,
lu,wasm-aot,14,2255.744,1,1,
lu,wasm-aot,15,2239.153,1,1,
lu,wasm-aot,16,2250.6059999999998,1,1,
lu,wasm-aot,17,2292.861,1,1,
lu,wasm-aot,18,2261.787,1,1,
lu,wasm-aot,19,2198.3579999999997,1,1,
lu,wasm-aot,20,2256.7659999999996,1,1,
lu,wasm-aot,21,2284.26,1,1,
lu,wasm-aot,22,2222.694,1,1,
lu,wasm-aot,23,2247.049,1,1,
lu,wasm-aot,24,2256.359,1,1,
lu,wasm-aot,25,2253.256,1,1,
lu,wasm-aot,26,2223.2949999999996,1,1,
lu,wasm-aot,27,2473.8349999999996,1,1,
lu,wasm-aot,28,2276.6150000000002,1,1,
lu,wasm-aot,29,2270.689,1,1,
lu,wasm-aot,30,2277.973,1,1,
ludcmp,native,1,2431.2999999999997,1,1,
ludcmp,native,2,2525.887,1,1,
ludcmp,native,3,2077.124,1,1,
ludcmp,native,4,2238.529,1,1,
ludcmp,native,5,2202.1839999999997,1,1,
ludcmp,native,6,2267.4370000000004,1,1,
ludcmp,native,7,2181.934,1,1,
ludcmp,native,8,2206.3250000000003,1,1,
ludcmp,native,9,2314.968,1,1,
ludcmp,native,10,2236.515,1,1,
ludcmp,native,11,2170.936,1,1,
ludcmp,native,12,2195.642,1,1,
ludcmp,native,13,2395.687,1,1,
ludcmp,native,14,2399.255,1,1,
ludcmp,native,15,2405.511,1,1,
ludcmp,native,16,2448.094,1,1,
ludcmp,native,17,2704.8269999999998,1,1,
ludcmp,native,18,2096.215,1,1,
ludcmp,native,19,2616.3430000000003,1,1,
ludcmp,native,20,2648.879,1,1,
ludcmp,native,21,2161.205,1,1,
ludcmp,native,22,2189.511,1,1,
ludcmp,native,23,2587.522,1,1,
ludcmp,native,24,2306.241,1,1,
ludcmp,native,25,2056.801,1,1,
ludcmp,native,26,2251.706,1,1,
ludcmp,native,27,2295.104,1,1,
ludcmp,native,28,2308.904,1,1,
ludcmp,native,29,2579.247,1,1,
ludcmp,native,30,2283.614,1,1,
ludcmp,wasm-jit,1,2216.482,1,1,
ludcmp,wasm-jit,2,2188.7799999999997,1,1,
ludcmp,wasm-jit,3,2194.3579999999997,1,1,
ludcmp,wasm-jit,4,2208.273,1,1,
ludcmp,wasm-jit,5,2210.502,1,1,
ludcmp,wasm-jit,6,2168.168,1,1,
ludcmp,wasm-jit,7,2206.4759999999997,1,1,
ludcmp,wasm-jit,8,2138.5589999999997,1,1,
ludcmp,wasm-jit,9,2157.526,1,1,
ludcmp,wasm-jit,10,2161.967,1,1,
ludcmp,wasm-jit,11,2163.763,1,1,
ludcmp,wasm-jit,12,2140.134,1,1,
ludcmp,wasm-jit,13,2142.3990000000003,1,1,
ludcmp,wasm-jit,14,2154.997,1,1,
ludcmp,wasm-jit,15,2135.857,1,1,
ludcmp,wasm-jit,16,2146.195,1,1,
ludcmp,wasm-jit,17,2182.627,1,1,
ludcmp,wasm-jit,18,2180.1910000000003,1,1,
ludcmp,wasm-jit,19,2383.575,1,1,
ludcmp,wasm-jit,20,2178.275,1,1,
ludcmp,wasm-jit,21,2189.201,1,1,
ludcmp,wasm-jit,22,2162.529,1,1,
ludcmp,wasm-jit,23,2201.848,1,1,
ludcmp,wasm-jit,24,2162.016,1,1,
ludcmp,wasm-jit,25,2219.897,1,1,
ludcmp,wasm-jit,26,2167.1580000000004,1,1,
ludcmp,wasm-jit,27,2221.137,1,1,
ludcmp,wasm-jit,28,2177.8979999999997,1,1,
ludcmp,wasm-jit,29,2234.04,1,1,
ludcmp,wasm-jit,30,2189.895,1,1,
ludcmp,wasm-aot,1,2179.2729999999997,1,1,
ludcmp,wasm-aot,2,2204.725,1,1,
ludcmp,wasm-aot,3,2155.332,1,1,
ludcmp,wasm-aot,4,2132.281,1,1,
ludcmp,wasm-aot,5,2164.5910000000003,1,1,
ludcmp,wasm-aot,6,2167.1200000000003,1,1,
ludcmp,wasm-aot,7,2133.384,1,1,
ludcmp,wasm-aot,8,2134.8720000000003,1,1,
ludcmp,wasm-aot,9,2171.6730000000002,1,1,
ludcmp,wasm-aot,10,2162.4300000000003,1,1,
ludcmp,wasm-aot,11,2151.072,1,1,
ludcmp,wasm-aot,12,2316.43,1,1,
ludcmp,wasm-aot,13,2175.453,1,1,
ludcmp,wasm-aot,14,2123.267,1,1,
ludcmp,wasm-aot,15,2126.451,1,1,
ludcmp,wasm-aot,16,2336.642,1,1,
ludcmp,wasm-aot,17,2153.435,1,1,
ludcmp,wasm-aot,18,2189.839,1,1,
ludcmp,wasm-aot,19,2206.728,1,1,
ludcmp,wasm-aot,20,2211.599,1,1,
ludcmp,wasm-aot,21,2210.422,1,1,
ludcmp,wasm-aot,22,2245.357,1,1,
ludcmp,wasm-aot,23,2152.822,1,1,
ludcmp,wasm-aot,24,2161.541,1,1,
ludcmp,wasm-aot,25,2175.262,1,1,
ludcmp,wasm-aot,26,2188.0060000000003,1,1,
ludcmp,wasm-aot,27,2177.206,1,1,
ludcmp,wasm-aot,28,2177.036,1,1,
ludcmp,wasm-aot,29,2250.818,1,1,
ludcmp,wasm-aot,30,2155.151,1,1,
mvt,native,1,13.395000000000001,1,1,
mvt,native,2,13.174999999999999,1,1,
mvt,native,3,11.03,1,1,
mvt,native,4,11.041,1,1,
mvt,native,5,12.262,1,1,
mvt,native,6,12.413,1,1,
mvt,native,7,13.51,1,1,
mvt,native,8,12.612,1,1,
mvt,native,9,12.801,1,1,
mvt,native,10,13.02,1,1,
mvt,native,11,12.581,1,1,
mvt,native,12,12.503,1,1,
mvt,native,13,12.637,1,1,
mvt,native,14,12.336,1,1,
mvt,native,15,14.622,1,1,
mvt,native,16,16.048,1,1,
mvt,native,17,13.719999999999999,1,1,
mvt,native,18,11.880999999999998,1,1,
mvt,native,19,12.852,1,1,
mvt,native,20,12.115,1,1,
mvt,native,21,12.437999999999999,1,1,
mvt,native,22,13.39,1,1,
mvt,native,23,12.269,1,1,
mvt,native,24,12.872,1,1,
mvt,native,25,13.795,1,1,
mvt,native,26,13.761000000000001,1,1,
mvt,native,27,13.015,1,1,
mvt,native,28,12.346,1,1,
mvt,native,29,14.156,1,1,
mvt,native,30,15.312,1,1,
mvt,wasm-jit,1,13.639,1,1,
mvt,wasm-jit,2,13.605,1,1,
mvt,wasm-jit,3,14.566,1,1,
mvt,wasm-jit,4,16.257,1,1,
mvt,wasm-jit,5,13.543,1,1,
mvt,wasm-jit,6,13.475000000000001,1,1,
mvt,wasm-jit,7,16.119,1,1,
mvt,wasm-jit,8,12.266,1,1,
mvt,wasm-jit,9,11.05,1,1,
mvt,wasm-jit,10,12.283000000000001,1,1,
mvt,wasm-jit,11,13.683,1,1,
mvt,wasm-jit,12,11.774,1,1,
mvt,wasm-jit,13,13.76,1,1,
mvt,wasm-jit,14,15.259,1,1,
mvt,wasm-jit,15,12.796,1,1,
mvt,wasm-jit,16,12.661,1,1,
mvt,wasm-jit,17,12.409999999999998,1,1,
mvt,wasm-jit,18,13.706,1,1,
mvt,wasm-jit,19,12.224,1,1,
mvt,wasm-jit,20,12.702,1,1,
mvt,wasm-jit,21,13.024000000000001,1,1,
mvt,wasm-jit,22,12.421,1,1,
mvt,wasm-jit,23,13.129,1,1,
mvt,wasm-jit,24,12.047,1,1,
mvt,wasm-jit,25,12.347,1,1,
mvt,wasm-jit,26,12.164,1,1,
mvt,wasm-jit,27,12.786000000000001,1,1,
mvt,wasm-jit,28,11.918,1,1,
mvt,wasm-jit,29,11.92,1,1,
mvt,wasm-jit,30,12.116999999999999,1,1,
mvt,wasm-aot,1,13.03,1,1,
mvt,wasm-aot,2,12.755,1,1,
mvt,wasm-aot,3,12.161,1,1,
mvt,wasm-aot,4,11.643,1,1,
mvt,wasm-aot,5,11.023,1,1,
mvt,wasm-aot,6,11.706,1,1,
mvt,wasm-aot,7,12.274000000000001,1,1,
mvt,wasm-aot,8,11.469,1,1,
mvt,wasm-aot,9,11.59,1,1,
mvt,wasm-aot,10,11.652,1,1,
mvt,wasm-aot,11,12.413,1,1,
mvt,wasm-aot,12,12.382000000000001,1,1,
mvt,wasm-aot,13,11.457,1,1,
mvt,wasm-aot,14,13.126000000000001,1,1,
mvt,wasm-aot,15,11.394,1,1,
mvt,wasm-aot,16,11.623,1,1,
mvt,wasm-aot,17,11.551,1,1,
mvt,wasm-aot,18,12.727,1,1,
mvt,wasm-aot,19,12.331999999999999,1,1,
mvt,wasm-aot,20,11.110999999999999,1,1,
mvt,wasm-aot,21,11.097,1,1,
mvt,wasm-aot,22,13.233,1,1,
mvt,wasm-aot,23,11.584000000000001,1,1,
mvt,wasm-aot,24,11.869,1,1,
mvt,wasm-aot,25,13.162,1,1,
mvt,wasm-aot,26,12.449,1,1,
mvt,wasm-aot,27,11.857,1,1,
mvt,wasm-aot,28,12.762,1,1,
mvt,wasm-aot,29,12.747,1,1,
mvt,wasm-aot,30,12.547,1,1,
nussinov,native,1,1910.524,1,1,
nussinov,native,2,1926.4460000000001,1,1,
nussinov,native,3,2128.1690000000003,1,1,
nussinov,native,4,1931.495,1,1,
nussinov,native,5,1901.435,1,1,
nussinov,native,6,1829.7730000000001,1,1,
nussinov,native,7,1956.7069999999999,1,1,
nussinov,native,8,1947.995,1,1,
nussinov,native,9,1884.7069999999999,1,1,
nussinov,native,10,1945.44,1,1,
nussinov,native,11,1970.693,1,1,
nussinov,native,12,2034.567,1,1,
nussinov,native,13,1978.356,1,1,
nussinov,native,14,1948.4779999999998,1,1,
nussinov,native,15,2058.652,1,1,
nussinov,native,16,2122.848,1,1,
nussinov,native,17,1905.627,1,1,
nussinov,native,18,1962.715,1,1,
nussinov,native,19,1943.571,1,1,
nussinov,native,20,1981.9279999999999,1,1,
nussinov,native,21,1911.9180000000001,1,1,
nussinov,native,22,1994.02,1,1,
nussinov,native,23,2048.403,1,1,
nussinov,native,24,2198.823,1,1,
nussinov,native,25,1923.166,1,1,
nussinov,native,26,2049.1440000000002,1,1,
nussinov,native,27,1967.7469999999998,1,1,
nussinov,native,28,2022.2099999999998,1,1,
nussinov,native,29,1905.4789999999998,1,1,
nussinov,native,30,1972.299,1,1,
nussinov,wasm-jit,1,2308.819,1,1,
nussinov,wasm-jit,2,2301.605,1,1,
nussinov,wasm-jit,3,2261.272,1,1,
nussinov,wasm-jit,4,2260.793,1,1,
nussinov,wasm-jit,5,2286.615,1,1,
nussinov,wasm-jit,6,2309.732,1,1,
nussinov,wasm-jit,7,2298.4629999999997,1,1,
nussinov,wasm-jit,8,2260.063,1,1,
nussinov,wasm-jit,9,2248.29,1,1,
nussinov,wasm-jit,10,2287.087,1,1,
nussinov,wasm-jit,11,2251.0080000000003,1,1,
nussinov,wasm-jit,12,2394.247,1,1,
nussinov,wasm-jit,13,2371.4539999999997,1,1,
nussinov,wasm-jit,14,2226.076,1,1,
nussinov,wasm-jit,15,2236.04,1,1,
nussinov,wasm-jit,16,2309.125,1,1,
nussinov,wasm-jit,17,2266.42,1,1,
nussinov,wasm-jit,18,2280.911,1,1,
nussinov,wasm-jit,19,2281.072,1,1,
nussinov,wasm-jit,20,2312.539,1,1,
nussinov,wasm-jit,21,2288.633,1,1,
nussinov,wasm-jit,22,2297.053,1,1,
nussinov,wasm-jit,23,2348.706,1,1,
nussinov,wasm-jit,24,2288.366,1,1,
nussinov,wasm-jit,25,2264.427,1,1,
nussinov,wasm-jit,26,2266.0499999999997,1,1,
nussinov,wasm-jit,27,2312.5,1,1,
nussinov,wasm-jit,28,2232.701,1,1,
nussinov,wasm-jit,29,2236.116,1,1,
nussinov,wasm-jit,30,2272.346,1,1,
nussinov,wasm-aot,1,2297.687,1,1,
nussinov,wasm-aot,2,2256.875,1,1,
nussinov,wasm-aot,3,2238.866,1,1,
nussinov,wasm-aot,4,2380.02,1,1,
nussinov,wasm-aot,5,2276.206,1,1,
nussinov,wasm-aot,6,2311.262,1,1,
nussinov,wasm-aot,7,2397.5499999999997,1,1,
nussinov,wasm-aot,8,2493.991,1,1,
nussinov,wasm-aot,9,2299.1730000000002,1,1,
nussinov,wasm-aot,10,2305.497,1,1,
nussinov,wasm-aot,11,2312.4570000000003,1,1,
nussinov,wasm-aot,12,2380.535,1,1,
nussinov,wasm-aot,13,2271.482,1,1,
nussinov,wasm-aot,14,2297.5249999999996,1,1,
nussinov,wasm-aot,15,2369.796,1,1,
nussinov,wasm-aot,16,2245.782,1,1,
nussinov,wasm-aot,17,2361.6220000000003,1,1,
nussinov,wasm-aot,18,2314.509,1,1,
nussinov,wasm-aot,19,2274.664,1,1,
nussinov,wasm-aot,20,2301.285,1,1,
nussinov,wasm-aot,21,2322.266,1,1,
nussinov,wasm-aot,22,2325.8830000000003,1,1,
nussinov,wasm-aot,23,2355.703,1,1,
nussinov,wasm-aot,24,2302.2490000000003,1,1,
nussinov,wasm-aot,25,2310.0710000000004,1,1,
nussinov,wasm-aot,26,2345.025,1,1,
nussinov,wasm-aot,27,2256.274,1,1,
nussinov,wasm-aot,28,2293.2619999999997,1,1,
nussinov,wasm-aot,29,2353.413,1,1,
nussinov,wasm-aot,30,2317.11,1,1,
seidel-2d,native,1,10980.643,1,1,
seidel-2d,native,2,10802.963,1,1,
seidel-2d,native,3,10792.763,1,1,
seidel-2d,native,4,10856.182,1,1,
seidel-2d,native,5,10829.969000000001,1,1,
seidel-2d,native,6,10960.718,1,1,
seidel-2d,native,7,10892.502999999999,1,1,
seidel-2d,native,8,10799.595,1,1,
seidel-2d,native,9,10871.401,1,1,
seidel-2d,native,10,10858.297999999999,1,1,
seidel-2d,native,11,10761.676,1,1,
seidel-2d,native,12,10827.593,1,1,
seidel-2d,native,13,10795.769,1,1,
seidel-2d,native,14,10793.573,1,1,
seidel-2d,native,15,10935.916000000001,1,1,
seidel-2d,native,16,10850.126,1,1,
seidel-2d,native,17,10874.226,1,1,
seidel-2d,native,18,10807.708999999999,1,1,
seidel-2d,native,19,10793.958,1,1,
seidel-2d,native,20,10861.672999999999,1,1,
seidel-2d,native,21,10835.437,1,1,
seidel-2d,native,22,10798.122,1,1,
seidel-2d,native,23,10820.336,1,1,
seidel-2d,native,24,10771.516,1,1,
seidel-2d,native,25,10778.148,1,1,
seidel-2d,native,26,10978.281,1,1,
seidel-2d,native,27,10886.403,1,1,
seidel-2d,native,28,10879.932999999999,1,1,
seidel-2d,native,29,10935.912,1,1,
seidel-2d,native,30,10861.552,1,1,
seidel-2d,wasm-jit,1,10885.866,1,1,
seidel-2d,wasm-jit,2,10856.709,1,1,
seidel-2d,wasm-jit,3,10864.622000000001,1,1,
seidel-2d,wasm-jit,4,10818.001,1,1,
seidel-2d,wasm-jit,5,10938.506,1,1,
seidel-2d,wasm-jit,6,10849.331,1,1,
seidel-2d,wasm-jit,7,10827.707,1,1,
seidel-2d,wasm-jit,8,10850.74,1,1,
seidel-2d,wasm-jit,9,10786.22,1,1,
seidel-2d,wasm-jit,10,10811.669,1,1,
seidel-2d,wasm-jit,11,10836.966999999999,1,1,
seidel-2d,wasm-jit,12,10835.563,1,1,
seidel-2d,wasm-jit,13,10849.748,1,1,
seidel-2d,wasm-jit,14,10797.738000000001,1,1,
seidel-2d,wasm-jit,15,10779.083999999999,1,1,
seidel-2d,wasm-jit,16,10936.007,1,1,
seidel-2d,wasm-jit,17,10864.618,1,1,
seidel-2d,wasm-jit,18,10827.328,1,1,
seidel-2d,wasm-jit,19,10847.782000000001,1,1,
seidel-2d,wasm-jit,20,10809.882,1,1,
seidel-2d,wasm-jit,21,10790.012,1,1,
seidel-2d,wasm-jit,22,10893.21,1,1,
seidel-2d,wasm-jit,23,10790.603000000001,1,1,
seidel-2d,wasm-jit,24,10815.225,1,1,
seidel-2d,wasm-jit,25,10764.851,1,1,
seidel-2d,wasm-jit,26,10742.405,1,1,
seidel-2d,wasm-jit,27,10919.644999999999,1,1,
seidel-2d,wasm-jit,28,10904.467,1,1,
seidel-2d,wasm-jit,29,10854.476999999999,1,1,
seidel-2d,wasm-jit,30,10926.959,1,1,
seidel-2d,wasm-aot,1,10995.011999999999,1,1,
seidel-2d,wasm-aot,2,10874.169,1,1,
seidel-2d,wasm-aot,3,10841.182,1,1,
seidel-2d,wasm-aot,4,10823.34,1,1,
seidel-2d,wasm-aot,5,10796.98,1,1,
seidel-2d,wasm-aot,6,10940.543,1,1,
seidel-2d,wasm-aot,7,10863.758,1,1,
seidel-2d,wasm-aot,8,10814.389000000001,1,1,
seidel-2d,wasm-aot,9,10882.698,1,1,
seidel-2d,wasm-aot,10,10774.643,1,1,
seidel-2d,wasm-aot,11,10736.417,1,1,
seidel-2d,wasm-aot,12,10921.051,1,1,
seidel-2d,wasm-aot,13,10781.789,1,1,
seidel-2d,wasm-aot,14,10824.265000000001,1,1,
seidel-2d,wasm-aot,15,10847.55,1,1,
seidel-2d,wasm-aot,16,10717.813,1,1,
seidel-2d,wasm-aot,17,10879.567,1,1,
seidel-2d,wasm-aot,18,10874.96,1,1,
seidel-2d,wasm-aot,19,10802.934000000001,1,1,
seidel-2d,wasm-aot,20,10815.799,1,1,
seidel-2d,wasm-aot,21,10756.28,1,1,
seidel-2d,wasm-aot,22,10770.187,1,1,
seidel-2d,wasm-aot,23,10808.342,1,1,
seidel-2d,wasm-aot,24,10795.792000000001,1,1,
seidel-2d,wasm-aot,25,10771.82,1,1,
seidel-2d,wasm-aot,26,10796.853000000001,1,1,
seidel-2d,wasm-aot,27,10720.252,1,1,
seidel-2d,wasm-aot,28,10861.364,1,1,
seidel-2d,wasm-aot,29,10929.188,1,1,
seidel-2d,wasm-aot,30,10882.089,1,1,
symm,native,1,1030.6,1,1,
symm,native,2,1178.296,1,1,
symm,native,3,1014.621,1,1,
symm,native,4,972.726,1,1,
symm,native,5,1101.494,1,1,
symm,native,6,1140.486,1,1,
symm,native,7,1008.1089999999999,1,1,
symm,native,8,1065.696,1,1,
symm,native,9,988.9970000000001,1,1,
symm,native,10,1047.239,1,1,
symm,native,11,1051.759,1,1,
symm,native,12,1170.161,1,1,
symm,native,13,1055.8970000000002,1,1,
symm,native,14,1041.83,1,1,
symm,native,15,955.461,1,1,
symm,native,16,1079.84,1,1,
symm,native,17,1051.691,1,1,
symm,native,18,1024.0629999999999,1,1,
symm,native,19,1011.3870000000001,1,1,
symm,native,20,1219.424,1,1,
symm,native,21,1123.3999999999999,1,1,
symm,native,22,1072.325,1,1,
symm,native,23,1021.3239999999998,1,1,
symm,native,24,1096.203,1,1,
symm,native,25,966.8449999999999,1,1,
symm,native,26,986.582,1,1,
symm,native,27,994.078,1,1,
symm,native,28,1007.512,1,1,
symm,native,29,1005.5169999999999,1,1,
symm,native,30,1146.0410000000002,1,1,
symm,wasm-jit,1,1028.348,1,1,
symm,wasm-jit,2,1049.609,1,1,
symm,wasm-jit,3,1035.4969999999998,1,1,
symm,wasm-jit,4,1062.376,1,1,
symm,wasm-jit,5,1077.611,1,1,
symm,wasm-jit,6,1041.296,1,1,
symm,wasm-jit,7,1031.42,1,1,
symm,wasm-jit,8,1063.765,1,1,
symm,wasm-jit,9,1037.664,1,1,
symm,wasm-jit,10,1036.648,1,1,
symm,wasm-jit,11,1035.0520000000001,1,1,
symm,wasm-jit,12,1034.301,1,1,
symm,wasm-jit,13,1025.4840000000002,1,1,
symm,wasm-jit,14,1032.8870000000002,1,1,
symm,wasm-jit,15,1043.8890000000001,1,1,
symm,wasm-jit,16,1039.23,1,1,
symm,wasm-jit,17,1063.44,1,1,
symm,wasm-jit,18,1070.176,1,1,
symm,wasm-jit,19,1023.7560000000001,1,1,
symm,wasm-jit,20,1069.409,1,1,
symm,wasm-jit,21,1029.513,1,1,
symm,wasm-jit,22,1048.891,1,1,
symm,wasm-jit,23,1048.99,1,1,
symm,wasm-jit,24,1063.4650000000001,1,1,
symm,wasm-jit,25,1018.13,1,1,
symm,wasm-jit,26,1055.304,1,1,
symm,wasm-jit,27,1031.843,1,1,
symm,wasm-jit,28,1055.788,1,1,
symm,wasm-jit,29,1038.279,1,1,
symm,wasm-jit,30,1044.374,1,1,
symm,wasm-aot,1,1041.498,1,1,
symm,wasm-aot,2,1040.16,1,1,
symm,wasm-aot,3,1022.8340000000001,1,1,
symm,wasm-aot,4,1049.655,1,1,
symm,wasm-aot,5,1035.509,1,1,
symm,wasm-aot,6,1021.0500000000001,1,1,
symm,wasm-aot,7,1025.28,1,1,
symm,wasm-aot,8,1032.136,1,1,
symm,wasm-aot,9,1034.367,1,1,
symm,wasm-aot,10,1029.232,1,1,
symm,wasm-aot,11,1030.2359999999999,1,1,
symm,wasm-aot,12,1020.953,1,1,
symm,wasm-aot,13,1044.6599999999999,1,1,
symm,wasm-aot,14,1012.251,1,1,
symm,wasm-aot,15,1157.667,1,1,
symm,wasm-aot,16,1172.986,1,1,
symm,wasm-aot,17,1080.325,1,1,
symm,wasm-aot,18,1009.527,1,1,
symm,wasm-aot,19,1021.2509999999999,1,1,
symm,wasm-aot,20,1024.21,1,1,
symm,wasm-aot,21,1046.992,1,1,
symm,wasm-aot,22,1038.41,1,1,
symm,wasm-aot,23,1073.5600000000002,1,1,
symm,wasm-aot,24,1054.983,1,1,
symm,wasm-aot,25,1055.1770000000001,1,1,
symm,wasm-aot,26,1037.414,1,1,
symm,wasm-aot,27,1063.65,1,1,
symm,wasm-aot,28,1060.343,1,1,
symm,wasm-aot,29,1045.58,1,1,
symm,wasm-aot,30,1054.369,1,1,
syr2k,native,1,2076.711,1,1,
syr2k,native,2,2667.7909999999997,1,1,
syr2k,native,3,2486.607,1,1,
syr2k,native,4,2378.454,1,1,
syr2k,native,5,2728.107,1,1,
syr2k,native,6,2426.081,1,1,
syr2k,native,7,2771.9390000000003,1,1,
syr2k,native,8,2695.5429999999997,1,1,
syr2k,native,9,2752.649,1,1,
syr2k,native,10,2605.7610000000004,1,1,
syr2k,native,11,2575.2709999999997,1,1,
syr2k,native,12,2635.9629999999997,1,1,
syr2k,native,13,2710.806,1,1,
syr2k,native,14,2260.1800000000003,1,1,
syr2k,native,15,2306.422,1,1,
syr2k,native,16,2679.625,1,1,
syr2k,native,17,2367.1380000000004,1,1,
syr2k,native,18,2623.484,1,1,
syr2k,native,19,2564.07,1,1,
syr2k,native,20,2123.905,1,1,
syr2k,native,21,2765.4990000000003,1,1,
syr2k,native,22,2126.876,1,1,
syr2k,native,23,2224.626,1,1,
syr2k,native,24,2233.6969999999997,1,1,
syr2k,native,25,2158.732,1,1,
syr2k,native,26,2397.417,1,1,
syr2k,native,27,2679.194,1,1,
syr2k,native,28,2628.269,1,1,
syr2k,native,29,2660.666,1,1,
syr2k,native,30,2280.168,1,1,
syr2k,wasm-jit,1,2032.85,1,1,
syr2k,wasm-jit,2,2076.677,1,1,
syr2k,wasm-jit,3,2073.478,1,1,
syr2k,wasm-jit,4,2051.8269999999998,1,1,
syr2k,wasm-jit,5,2058.563,1,1,
syr2k,wasm-jit,6,2079.6899999999996,1,1,
syr2k,wasm-jit,7,2007.4040000000002,1,1,
syr2k,wasm-jit,8,1995.732,1,1,
syr2k,wasm-jit,9,2069.754,1,1,
syr2k,wasm-jit,10,2005.4630000000002,1,1,
syr2k,wasm-jit,11,2050.745,1,1,
syr2k,wasm-jit,12,2111.243,1,1,
syr2k,wasm-jit,13,2198.0029999999997,1,1,
syr2k,wasm-jit,14,2165.14,1,1,
syr2k,wasm-jit,15,2108.412,1,1,
syr2k,wasm-jit,16,2127.0,1,1,
syr2k,wasm-jit,17,2073.643,1,1,
syr2k,wasm-jit,18,2158.929,1,1,
syr2k,wasm-jit,19,2121.6400000000003,1,1,
syr2k,wasm-jit,20,2095.897,1,1,
syr2k,wasm-jit,21,2131.219,1,1,
syr2k,wasm-jit,22,2155.192,1,1,
syr2k,wasm-jit,23,2130.554,1,1,
syr2k,wasm-jit,24,2109.587,1,1,
syr2k,wasm-jit,25,2362.349,1,1,
syr2k,wasm-jit,26,2129.886,1,1,
syr2k,wasm-jit,27,2043.429,1,1,
syr2k,wasm-jit,28,2035.6260000000002,1,1,
syr2k,wasm-jit,29,2001.7779999999998,1,1,
syr2k,wasm-jit,30,2036.006,1,1,
syr2k,wasm-aot,1,2042.3300000000002,1,1,
syr2k,wasm-aot,2,2038.9599999999998,1,1,
syr2k,wasm-aot,3,2045.9809999999998,1,1,
syr2k,wasm-aot,4,2042.687,1,1,
syr2k,wasm-aot,5,2084.7540000000004,1,1,
syr2k,wasm-aot,6,2045.741,1,1,
syr2k,wasm-aot,7,2023.781,1,1,
syr2k,wasm-aot,8,2067.805,1,1,
syr2k,wasm-aot,9,2090.246,1,1,
syr2k,wasm-aot,10,2239.679,1,1,
syr2k,wasm-aot,11,2114.508,1,1,
syr2k,wasm-aot,12,2070.431,1,1,
syr2k,wasm-aot,13,2081.632,1,1,
syr2k,wasm-aot,14,2033.597,1,1,
syr2k,wasm-aot,15,2088.893,1,1,
syr2k,wasm-aot,16,2039.1249999999998,1,1,
syr2k,wasm-aot,17,2079.58,1,1,
syr2k,wasm-aot,18,2031.346,1,1,
syr2k,wasm-aot,19,2095.416,1,1,
syr2k,wasm-aot,20,2092.187,1,1,
syr2k,wasm-aot,21,2081.863,1,1,
syr2k,wasm-aot,22,2108.1279999999997,1,1,
syr2k,wasm-aot,23,2024.7039999999997,1,1,
syr2k,wasm-aot,24,2077.174,1,1,
syr2k,wasm-aot,25,2061.9649999999997,1,1,
syr2k,wasm-aot,26,2075.39,1,1,
syr2k,wasm-aot,27,2064.691,1,1,
syr2k,wasm-aot,28,2020.162,1,1,
syr2k,wasm-aot,29,2079.676,1,1,
syr2k,wasm-aot,30,2100.794,1,1,
syrk,native,1,303.459,1,1,
syrk,native,2,324.881,1,1,
syrk,native,3,306.955,1,1,
syrk,native,4,307.439,1,1,
syrk,native,5,308.459,1,1,
syrk,native,6,309.015,1,1,
syrk,native,7,338.901,1,1,
syrk,native,8,340.766,1,1,
syrk,native,9,318.77299999999997,1,1,
syrk,native,10,327.963,1,1,
syrk,native,11,304.497,1,1,
syrk,native,12,296.81600000000003,1,1,
syrk,native,13,299.656,1,1,
syrk,native,14,301.76599999999996,1,1,
syrk,native,15,300.933,1,1,
syrk,native,16,302.80400000000003,1,1,
syrk,native,17,331.099,1,1,
syrk,native,18,298.21999999999997,1,1,
syrk,native,19,324.934,1,1,
syrk,native,20,305.971,1,1,
syrk,native,21,320.601,1,1,
syrk,native,22,301.575,1,1,
syrk,native,23,299.83,1,1,
syrk,native,24,301.752,1,1,
syrk,native,25,303.882,1,1,
syrk,native,26,315.00600000000003,1,1,
syrk,native,27,309.998,1,1,
syrk,native,28,299.509,1,1,
syrk,native,29,297.533,1,1,
syrk,native,30,302.057,1,1,
syrk,wasm-jit,1,518.4490000000001,1,1,
syrk,wasm-jit,2,507.131,1,1,
syrk,wasm-jit,3,495.753,1,1,
syrk,wasm-jit,4,497.696,1,1,
syrk,wasm-jit,5,490.339,1,1,
syrk,wasm-jit,6,495.671,1,1,
syrk,wasm-jit,7,500.45799999999997,1,1,
syrk,wasm-jit,8,505.19599999999997,1,1,
syrk,wasm-jit,9,503.05699999999996,1,1,
syrk,wasm-jit,10,505.316,1,1,
syrk,wasm-jit,11,508.14400000000006,1,1,
syrk,wasm-jit,12,522.365,1,1,
syrk,wasm-jit,13,514.959,1,1,
syrk,wasm-jit,14,518.015,1,1,
syrk,wasm-jit,15,524.8779999999999,1,1,
syrk,wasm-jit,16,517.062,1,1,
syrk,wasm-jit,17,513.841,1,1,
syrk,wasm-jit,18,517.5640000000001,1,1,
syrk,wasm-jit,19,512.598,1,1,
syrk,wasm-jit,20,509.84399999999994,1,1,
syrk,wasm-jit,21,517.404,1,1,
syrk,wasm-jit,22,500.25299999999993,1,1,
syrk,wasm-jit,23,502.781,1,1,
syrk,wasm-jit,24,507.525,1,1,
syrk,wasm-jit,25,497.942,1,1,
syrk,wasm-jit,26,498.393,1,1,
syrk,wasm-jit,27,500.90299999999996,1,1,
syrk,wasm-jit,28,507.14899999999994,1,1,
syrk,wasm-jit,29,505.501,1,1,
syrk,wasm-jit,30,510.386,1,1,
syrk,wasm-aot,1,502.981,1,1,
syrk,wasm-aot,2,505.552,1,1,
syrk,wasm-aot,3,505.524,1,1,
syrk,wasm-aot,4,502.23799999999994,1,1,
syrk,wasm-aot,5,506.683,1,1,
syrk,wasm-aot,6,512.247,1,1,
syrk,wasm-aot,7,507.36099999999993,1,1,
syrk,wasm-aot,8,513.3109999999999,1,1,
syrk,wasm-aot,9,498.08000000000004,1,1,
syrk,wasm-aot,10,507.258,1,1,
syrk,wasm-aot,11,500.18600000000004,1,1,
syrk,wasm-aot,12,499.79200000000003,1,1,
syrk,wasm-aot,13,506.39199999999994,1,1,
syrk,wasm-aot,14,511.92,1,1,
syrk,wasm-aot,15,487.42600000000004,1,1,
syrk,wasm-aot,16,504.70599999999996,1,1,
syrk,wasm-aot,17,506.819,1,1,
syrk,wasm-aot,18,508.21799999999996,1,1,
syrk,wasm-aot,19,501.9479999999999,1,1,
syrk,wasm-aot,20,499.052,1,1,
syrk,wasm-aot,21,506.97700000000003,1,1,
syrk,wasm-aot,22,507.634,1,1,
syrk,wasm-aot,23,504.675,1,1,
syrk,wasm-aot,24,504.71500000000003,1,1,
syrk,wasm-aot,25,503.255,1,1,
syrk,wasm-aot,26,502.00800000000004,1,1,
syrk,wasm-aot,27,508.05400000000003,1,1,
syrk,wasm-aot,28,495.01800000000003,1,1,
syrk,wasm-aot,29,505.606,1,1,
syrk,wasm-aot,30,508.47200000000004,1,1,
trisolv,native,1,1.2329999999999999,1,1,
trisolv,native,2,1.238,1,1,
trisolv,native,3,1.251,1,1,
trisolv,native,4,1.299,1,1,
trisolv,native,5,1.317,1,1,
trisolv,native,6,1.22,1,1,
trisolv,native,7,1.246,1,1,
trisolv,native,8,1.262,1,1,
trisolv,native,9,1.3179999999999998,1,1,
trisolv,native,10,1.231,1,1,
trisolv,native,11,1.335,1,1,
trisolv,native,12,1.31,1,1,
trisolv,native,13,1.32,1,1,
trisolv,native,14,1.276,1,1,
trisolv,native,15,1.254,1,1,
trisolv,native,16,1.2550000000000001,1,1,
trisolv,native,17,1.27,1,1,
trisolv,native,18,1.325,1,1,
trisolv,native,19,1.259,1,1,
trisolv,native,20,1.214,1,1,
trisolv,native,21,1.266,1,1,
trisolv,native,22,1.222,1,1,
trisolv,native,23,1.2489999999999999,1,1,
trisolv,native,24,1.239,1,1,
trisolv,native,25,1.271,1,1,
trisolv,native,26,1.253,1,1,
trisolv,native,27,1.244,1,1,
trisolv,native,28,1.27,1,1,
trisolv,native,29,1.441,1,1,
trisolv,native,30,1.32,1,1,
trisolv,wasm-jit,1,1.33,1,1,
trisolv,wasm-jit,2,1.676,1,1,
trisolv,wasm-jit,3,1.322,1,1,
trisolv,wasm-jit,4,1.5250000000000001,1,1,
trisolv,wasm-jit,5,1.55,1,1,
trisolv,wasm-jit,6,1.524,1,1,
trisolv,wasm-jit,7,1.433,1,1,
trisolv,wasm-jit,8,1.479,1,1,
trisolv,wasm-jit,9,1.538,1,1,
trisolv,wasm-jit,10,1.546,1,1,
trisolv,wasm-jit,11,1.294,1,1,
trisolv,wasm-jit,12,1.236,1,1,
trisolv,wasm-jit,13,1.227,1,1,
trisolv,wasm-jit,14,1.183,1,1,
trisolv,wasm-jit,15,1.219,1,1,
trisolv,wasm-jit,16,1.196,1,1,
trisolv,wasm-jit,17,1.256,1,1,
trisolv,wasm-jit,18,1.6219999999999999,1,1,
trisolv,wasm-jit,19,1.464,1,1,
trisolv,wasm-jit,20,1.5939999999999999,1,1,
trisolv,wasm-jit,21,1.271,1,1,
trisolv,wasm-jit,22,1.375,1,1,
trisolv,wasm-jit,23,1.272,1,1,
trisolv,wasm-jit,24,1.2910000000000001,1,1,
trisolv,wasm-jit,25,1.251,1,1,
trisolv,wasm-jit,26,1.302,1,1,
trisolv,wasm-jit,27,1.2080000000000002,1,1,
trisolv,wasm-jit,28,1.216,1,1,
trisolv,wasm-jit,29,1.2830000000000001,1,1,
trisolv,wasm-jit,30,1.245,1,1,
trisolv,wasm-aot,1,1.358,1,1,
trisolv,wasm-aot,2,1.416,1,1,
trisolv,wasm-aot,3,1.5250000000000001,1,1,
trisolv,wasm-aot,4,1.3259999999999998,1,1,
trisolv,wasm-aot,5,1.312,1,1,
trisolv,wasm-aot,6,1.2349999999999999,1,1,
trisolv,wasm-aot,7,1.284,1,1,
trisolv,wasm-aot,8,1.389,1,1,
trisolv,wasm-aot,9,1.305,1,1,
trisolv,wasm-aot,10,1.27,1,1,
trisolv,wasm-aot,11,1.951,1,1,
trisolv,wasm-aot,12,1.485,1,1,
trisolv,wasm-aot,13,1.5070000000000001,1,1,
trisolv,wasm-aot,14,1.3699999999999999,1,1,
trisolv,wasm-aot,15,1.346,1,1,
trisolv,wasm-aot,16,1.55,1,1,
trisolv,wasm-aot,17,1.724,1,1,
trisolv,wasm-aot,18,1.518,1,1,
trisolv,wasm-aot,19,1.456,1,1,
trisolv,wasm-aot,20,1.286,1,1,
trisolv,wasm-aot,21,1.407,1,1,
trisolv,wasm-aot,22,1.373,1,1,
trisolv,wasm-aot,23,1.417,1,1,
trisolv,wasm-aot,24,1.349,1,1,
trisolv,wasm-aot,25,1.297,1,1,
trisolv,wasm-aot,26,1.254,1,1,
trisolv,wasm-aot,27,1.351,1,1,
trisolv,wasm-aot,28,1.219,1,1,
trisolv,wasm-aot,29,1.3,1,1,
trisolv,wasm-aot,30,1.2329999999999999,1,1,
trmm,native,1,1114.103,1,1,
trmm,native,2,1042.987,1,1,
trmm,native,3,1132.125,1,1,
trmm,native,4,1093.739,1,1,
trmm,native,5,1158.843,1,1,
trmm,native,6,1126.7640000000001,1,1,
trmm,native,7,1079.682,1,1,
trmm,native,8,1029.013,1,1,
trmm,native,9,1133.3709999999999,1,1,
trmm,native,10,1008.7090000000001,1,1,
trmm,native,11,1178.239,1,1,
trmm,native,12,1079.721,1,1,
trmm,native,13,1160.0490000000002,1,1,
trmm,native,14,1166.7540000000001,1,1,
trmm,native,15,1224.297,1,1,
trmm,native,16,1080.474,1,1,
trmm,native,17,1055.0159999999998,1,1,
trmm,native,18,1140.252,1,1,
trmm,native,19,1110.5620000000001,1,1,
trmm,native,20,1051.7350000000001,1,1,
trmm,native,21,1126.455,1,1,
trmm,native,22,1082.8739999999998,1,1,
trmm,native,23,1084.362,1,1,
trmm,native,24,1084.386,1,1,
trmm,native,25,1182.941,1,1,
trmm,native,26,1133.861,1,1,
trmm,native,27,1058.79,1,1,
trmm,native,28,1102.3590000000002,1,1,
trmm,native,29,1038.06,1,1,
trmm,native,30,1122.844,1,1,
trmm,wasm-jit,1,1142.952,1,1,
trmm,wasm-jit,2,1071.033,1,1,
trmm,wasm-jit,3,1056.222,1,1,
trmm,wasm-jit,4,1095.4440000000002,1,1,
trmm,wasm-jit,5,1070.442,1,1,
trmm,wasm-jit,6,1162.163,1,1,
trmm,wasm-jit,7,1140.051,1,1,
trmm,wasm-jit,8,1183.786,1,1,
trmm,wasm-jit,9,1031.659,1,1,
trmm,wasm-jit,10,1197.913,1,1,
trmm,wasm-jit,11,1121.3,1,1,
trmm,wasm-jit,12,1161.486,1,1,
trmm,wasm-jit,13,1140.284,1,1,
trmm,wasm-jit,14,1069.488,1,1,
trmm,wasm-jit,15,1169.928,1,1,
trmm,wasm-jit,16,1204.809,1,1,
trmm,wasm-jit,17,1034.018,1,1,
trmm,wasm-jit,18,1065.7620000000002,1,1,
trmm,wasm-jit,19,1127.8,1,1,
trmm,wasm-jit,20,1182.11,1,1,
trmm,wasm-jit,21,1121.537,1,1,
trmm,wasm-jit,22,1135.934,1,1,
trmm,wasm-jit,23,1091.489,1,1,
trmm,wasm-jit,24,1109.623,1,1,
trmm,wasm-jit,25,1030.5439999999999,1,1,
trmm,wasm-jit,26,1054.4199999999998,1,1,
trmm,wasm-jit,27,1104.568,1,1,
trmm,wasm-jit,28,1128.961,1,1,
trmm,wasm-jit,29,1173.2530000000002,1,1,
trmm,wasm-jit,30,1178.732,1,1,
trmm,wasm-aot,1,1107.428,1,1,
trmm,wasm-aot,2,1115.842,1,1,
trmm,wasm-aot,3,1138.0300000000002,1,1,
trmm,wasm-aot,4,1177.313,1,1,
trmm,wasm-aot,5,1107.412,1,1,
trmm,wasm-aot,6,1156.288,1,1,
trmm,wasm-aot,7,1119.921,1,1,
trmm,wasm-aot,8,1174.944,1,1,
trmm,wasm-aot,9,1137.327,1,1,
trmm,wasm-aot,10,1166.378,1,1,
trmm,wasm-aot,11,1198.7559999999999,1,1,
trmm,wasm-aot,12,1051.4650000000001,1,1,
trmm,wasm-aot,13,1120.812,1,1,
trmm,wasm-aot,14,1103.636,1,1,
trmm,wasm-aot,15,1139.624,1,1,
trmm,wasm-aot,16,1092.375,1,1,
trmm,wasm-aot,17,1100.3410000000001,1,1,
trmm,wasm-aot,18,1172.821,1,1,
trmm,wasm-aot,19,1071.856,1,1,
trmm,wasm-aot,20,1174.127,1,1,
trmm,wasm-aot,21,1099.3139999999999,1,1,
trmm,wasm-aot,22,1102.828,1,1,
trmm,wasm-aot,23,1115.033,1,1,
trmm,wasm-aot,24,1157.656,1,1,
trmm,wasm-aot,25,1083.594,1,1,
trmm,wasm-aot,26,1125.484,1,1,
trmm,wasm-aot,27,1118.703,1,1,
trmm,wasm-aot,28,1130.4019999999998,1,1,
trmm,wasm-aot,29,1020.227,1,1,
trmm,wasm-aot,30,1053.297,1,1,
