rank,x_feature,y_metric,spearman_rho,p_value,n,plot_path
1,basic_block_count,ratio_all_stores_retired_over_native,-0.5818579806884322,6.0630801352817774e-06,52,/home/luomz/wasm/assets/4.29后/figures_top_scatter/01_basic_block_count__ratio_all_stores_retired_over_native.png
2,branch_instr_count,ratio_all_stores_retired_over_native,-0.579981889335414,6.6020646604379245e-06,52,/home/luomz/wasm/assets/4.29后/figures_top_scatter/02_branch_instr_count__ratio_all_stores_retired_over_native.png
3,branch_density,ratio_all_stores_retired_over_native,-0.5535387177115316,2.077472728199552e-05,52,/home/luomz/wasm/assets/4.29后/figures_top_scatter/03_branch_density__ratio_all_stores_retired_over_native.png
4,memory_access_density,ratio_branches_retired_over_native,-0.5430391452900137,3.18945185544707e-05,52,/home/luomz/wasm/assets/4.29后/figures_top_scatter/04_memory_access_density__ratio_branches_retired_over_native.png
5,branch_instr_count,ratio_all_loads_retired_over_native,-0.5429580790878102,3.1998483520543226e-05,52,/home/luomz/wasm/assets/4.29后/figures_top_scatter/05_branch_instr_count__ratio_all_loads_retired_over_native.png
6,basic_block_count,ratio_all_loads_retired_over_native,-0.540284374597145,3.5607413373477436e-05,52,/home/luomz/wasm/assets/4.29后/figures_top_scatter/06_basic_block_count__ratio_all_loads_retired_over_native.png
7,memory_access_density,ratio_instructions_retired_over_native,-0.5292837484379539,5.475333898963504e-05,52,/home/luomz/wasm/assets/4.29后/figures_top_scatter/07_memory_access_density__ratio_instructions_retired_over_native.png
8,branch_density,ratio_all_loads_retired_over_native,-0.5209072686118703,7.523583709626863e-05,52,/home/luomz/wasm/assets/4.29后/figures_top_scatter/08_branch_density__ratio_all_loads_retired_over_native.png
9,avg_bb_size,ratio_L1_icache_load_misses_over_native,-0.47529157798564226,0.000369945030181756,52,/home/luomz/wasm/assets/4.29后/figures_top_scatter/09_avg_bb_size__ratio_L1_icache_load_misses_over_native.png
