timestamp,program,mode,run_index,event,value,status,stderr_note,runtime_engine,compiler
2026-06-03T13:21:21+0800,llvmss_benchmarkgame_puzzle,native,1,r81d0,4082695261,ok,,wasmer,cranelift
2026-06-03T13:21:21+0800,llvmss_benchmarkgame_puzzle,native,1,r82d0,1034205405,ok,,wasmer,cranelift
2026-06-03T13:21:21+0800,llvmss_benchmarkgame_puzzle,native,1,r00c4,1019466065,ok,,wasmer,cranelift
2026-06-03T13:21:21+0800,llvmss_benchmarkgame_puzzle,native,1,r01c4,2880129,ok,,wasmer,cranelift
2026-06-03T13:21:21+0800,llvmss_benchmarkgame_puzzle,native,1,r1c0,7696037980,ok,,wasmer,cranelift
2026-06-03T13:21:21+0800,llvmss_benchmarkgame_puzzle,native,1,cpu-cycles,2452901666,ok,,wasmer,cranelift
2026-06-03T13:21:21+0800,llvmss_benchmarkgame_puzzle,native,1,L1-icache-load-misses,160057,ok,,wasmer,cranelift
2026-06-03T13:21:21+0800,llvmss_benchmarkgame_puzzle,native,1,branch-misses,13195,ok,,wasmer,cranelift
2026-06-03T13:21:23+0800,llvmss_benchmarkgame_puzzle,wasm-aot,1,r81d0,3589281764,ok,,wasmer,cranelift
2026-06-03T13:21:23+0800,llvmss_benchmarkgame_puzzle,wasm-aot,1,r82d0,1034863167,ok,,wasmer,cranelift
2026-06-03T13:21:23+0800,llvmss_benchmarkgame_puzzle,wasm-aot,1,r00c4,1031418386,ok,,wasmer,cranelift
2026-06-03T13:21:23+0800,llvmss_benchmarkgame_puzzle,wasm-aot,1,r01c4,7012292,ok,,wasmer,cranelift
2026-06-03T13:21:23+0800,llvmss_benchmarkgame_puzzle,wasm-aot,1,r1c0,7772930834,ok,,wasmer,cranelift
2026-06-03T13:21:23+0800,llvmss_benchmarkgame_puzzle,wasm-aot,1,cpu-cycles,4014701961,ok,,wasmer,cranelift
2026-06-03T13:21:23+0800,llvmss_benchmarkgame_puzzle,wasm-aot,1,L1-icache-load-misses,1054315,ok,,wasmer,cranelift
2026-06-03T13:21:23+0800,llvmss_benchmarkgame_puzzle,wasm-aot,1,branch-misses,135537,ok,,wasmer,cranelift
2026-06-03T13:21:23+0800,llvmss_benchmarkgame_puzzle,native,2,r81d0,4082658325,ok,,wasmer,cranelift
2026-06-03T13:21:23+0800,llvmss_benchmarkgame_puzzle,native,2,r82d0,1034173563,ok,,wasmer,cranelift
2026-06-03T13:21:23+0800,llvmss_benchmarkgame_puzzle,native,2,r00c4,1019457545,ok,,wasmer,cranelift
2026-06-03T13:21:23+0800,llvmss_benchmarkgame_puzzle,native,2,r01c4,2877534,ok,,wasmer,cranelift
2026-06-03T13:21:23+0800,llvmss_benchmarkgame_puzzle,native,2,r1c0,7695939637,ok,,wasmer,cranelift
2026-06-03T13:21:23+0800,llvmss_benchmarkgame_puzzle,native,2,cpu-cycles,2508070888,ok,,wasmer,cranelift
2026-06-03T13:21:23+0800,llvmss_benchmarkgame_puzzle,native,2,L1-icache-load-misses,143839,ok,,wasmer,cranelift
2026-06-03T13:21:23+0800,llvmss_benchmarkgame_puzzle,native,2,branch-misses,12975,ok,,wasmer,cranelift
2026-06-03T13:21:24+0800,llvmss_benchmarkgame_puzzle,wasm-aot,2,r81d0,3589436754,ok,,wasmer,cranelift
2026-06-03T13:21:24+0800,llvmss_benchmarkgame_puzzle,wasm-aot,2,r82d0,1034966291,ok,,wasmer,cranelift
2026-06-03T13:21:24+0800,llvmss_benchmarkgame_puzzle,wasm-aot,2,r00c4,1031534021,ok,,wasmer,cranelift
2026-06-03T13:21:24+0800,llvmss_benchmarkgame_puzzle,wasm-aot,2,r01c4,7034276,ok,,wasmer,cranelift
2026-06-03T13:21:24+0800,llvmss_benchmarkgame_puzzle,wasm-aot,2,r1c0,7773595885,ok,,wasmer,cranelift
2026-06-03T13:21:24+0800,llvmss_benchmarkgame_puzzle,wasm-aot,2,cpu-cycles,4013336601,ok,,wasmer,cranelift
2026-06-03T13:21:24+0800,llvmss_benchmarkgame_puzzle,wasm-aot,2,L1-icache-load-misses,1098992,ok,,wasmer,cranelift
2026-06-03T13:21:24+0800,llvmss_benchmarkgame_puzzle,wasm-aot,2,branch-misses,140113,ok,,wasmer,cranelift
2026-06-03T13:21:25+0800,llvmss_benchmarkgame_puzzle,native,3,r81d0,4082683165,ok,,wasmer,cranelift
2026-06-03T13:21:25+0800,llvmss_benchmarkgame_puzzle,native,3,r82d0,1034199052,ok,,wasmer,cranelift
2026-06-03T13:21:25+0800,llvmss_benchmarkgame_puzzle,native,3,r00c4,1019459358,ok,,wasmer,cranelift
2026-06-03T13:21:25+0800,llvmss_benchmarkgame_puzzle,native,3,r01c4,2877961,ok,,wasmer,cranelift
2026-06-03T13:21:25+0800,llvmss_benchmarkgame_puzzle,native,3,r1c0,7695989117,ok,,wasmer,cranelift
2026-06-03T13:21:25+0800,llvmss_benchmarkgame_puzzle,native,3,cpu-cycles,2461323752,ok,,wasmer,cranelift
2026-06-03T13:21:25+0800,llvmss_benchmarkgame_puzzle,native,3,L1-icache-load-misses,154527,ok,,wasmer,cranelift
2026-06-03T13:21:25+0800,llvmss_benchmarkgame_puzzle,native,3,branch-misses,12342,ok,,wasmer,cranelift
2026-06-03T13:21:26+0800,llvmss_benchmarkgame_puzzle,wasm-aot,3,r81d0,3589387439,ok,,wasmer,cranelift
2026-06-03T13:21:26+0800,llvmss_benchmarkgame_puzzle,wasm-aot,3,r82d0,1034938803,ok,,wasmer,cranelift
2026-06-03T13:21:26+0800,llvmss_benchmarkgame_puzzle,wasm-aot,3,r00c4,1031498841,ok,,wasmer,cranelift
2026-06-03T13:21:26+0800,llvmss_benchmarkgame_puzzle,wasm-aot,3,r01c4,7030029,ok,,wasmer,cranelift
2026-06-03T13:21:26+0800,llvmss_benchmarkgame_puzzle,wasm-aot,3,r1c0,7773388431,ok,,wasmer,cranelift
2026-06-03T13:21:26+0800,llvmss_benchmarkgame_puzzle,wasm-aot,3,cpu-cycles,4015589534,ok,,wasmer,cranelift
2026-06-03T13:21:26+0800,llvmss_benchmarkgame_puzzle,wasm-aot,3,L1-icache-load-misses,1097047,ok,,wasmer,cranelift
2026-06-03T13:21:26+0800,llvmss_benchmarkgame_puzzle,wasm-aot,3,branch-misses,140602,ok,,wasmer,cranelift
2026-06-03T13:21:36+0800,llvmss_misc_matmul_f64_4x4,native,1,r81d0,18106172494,ok,,wasmer,cranelift
2026-06-03T13:21:36+0800,llvmss_misc_matmul_f64_4x4,native,1,r82d0,3003904747,ok,,wasmer,cranelift
2026-06-03T13:21:36+0800,llvmss_misc_matmul_f64_4x4,native,1,r00c4,1954239469,ok,,wasmer,cranelift
2026-06-03T13:21:36+0800,llvmss_misc_matmul_f64_4x4,native,1,r01c4,50765184,ok,,wasmer,cranelift
2026-06-03T13:21:36+0800,llvmss_misc_matmul_f64_4x4,native,1,r1c0,28974668812,ok,,wasmer,cranelift
2026-06-03T13:21:36+0800,llvmss_misc_matmul_f64_4x4,native,1,cpu-cycles,11940915994,ok,,wasmer,cranelift
2026-06-03T13:21:36+0800,llvmss_misc_matmul_f64_4x4,native,1,L1-icache-load-misses,523519,ok,,wasmer,cranelift
2026-06-03T13:21:36+0800,llvmss_misc_matmul_f64_4x4,native,1,branch-misses,26740,ok,,wasmer,cranelift
2026-06-03T13:21:39+0800,llvmss_misc_matmul_f64_4x4,wasm-aot,1,r81d0,13014105498,ok,,wasmer,cranelift
2026-06-03T13:21:39+0800,llvmss_misc_matmul_f64_4x4,wasm-aot,1,r82d0,3358844861,ok,,wasmer,cranelift
2026-06-03T13:21:39+0800,llvmss_misc_matmul_f64_4x4,wasm-aot,1,r00c4,1960456980,ok,,wasmer,cranelift
2026-06-03T13:21:39+0800,llvmss_misc_matmul_f64_4x4,wasm-aot,1,r01c4,52268978,ok,,wasmer,cranelift
2026-06-03T13:21:39+0800,llvmss_misc_matmul_f64_4x4,wasm-aot,1,r1c0,30357125401,ok,,wasmer,cranelift
2026-06-03T13:21:39+0800,llvmss_misc_matmul_f64_4x4,wasm-aot,1,cpu-cycles,10189612764,ok,,wasmer,cranelift
2026-06-03T13:21:39+0800,llvmss_misc_matmul_f64_4x4,wasm-aot,1,L1-icache-load-misses,1260540,ok,,wasmer,cranelift
2026-06-03T13:21:39+0800,llvmss_misc_matmul_f64_4x4,wasm-aot,1,branch-misses,142777,ok,,wasmer,cranelift
2026-06-03T13:21:42+0800,llvmss_misc_matmul_f64_4x4,native,2,r81d0,18106233135,ok,,wasmer,cranelift
2026-06-03T13:21:42+0800,llvmss_misc_matmul_f64_4x4,native,2,r82d0,3003943437,ok,,wasmer,cranelift
2026-06-03T13:21:42+0800,llvmss_misc_matmul_f64_4x4,native,2,r00c4,1954287776,ok,,wasmer,cranelift
2026-06-03T13:21:42+0800,llvmss_misc_matmul_f64_4x4,native,2,r01c4,50771411,ok,,wasmer,cranelift
2026-06-03T13:21:42+0800,llvmss_misc_matmul_f64_4x4,native,2,r1c0,28974962261,ok,,wasmer,cranelift
2026-06-03T13:21:42+0800,llvmss_misc_matmul_f64_4x4,native,2,cpu-cycles,11993714743,ok,,wasmer,cranelift
2026-06-03T13:21:42+0800,llvmss_misc_matmul_f64_4x4,native,2,L1-icache-load-misses,547607,ok,,wasmer,cranelift
2026-06-03T13:21:42+0800,llvmss_misc_matmul_f64_4x4,native,2,branch-misses,25315,ok,,wasmer,cranelift
2026-06-03T13:21:45+0800,llvmss_misc_matmul_f64_4x4,wasm-aot,2,r81d0,13014291644,ok,,wasmer,cranelift
2026-06-03T13:21:45+0800,llvmss_misc_matmul_f64_4x4,wasm-aot,2,r82d0,3358949281,ok,,wasmer,cranelift
2026-06-03T13:21:45+0800,llvmss_misc_matmul_f64_4x4,wasm-aot,2,r00c4,1960599919,ok,,wasmer,cranelift
2026-06-03T13:21:45+0800,llvmss_misc_matmul_f64_4x4,wasm-aot,2,r01c4,52300327,ok,,wasmer,cranelift
2026-06-03T13:21:45+0800,llvmss_misc_matmul_f64_4x4,wasm-aot,2,r1c0,30357866065,ok,,wasmer,cranelift
2026-06-03T13:21:45+0800,llvmss_misc_matmul_f64_4x4,wasm-aot,2,cpu-cycles,10193288668,ok,,wasmer,cranelift
2026-06-03T13:21:45+0800,llvmss_misc_matmul_f64_4x4,wasm-aot,2,L1-icache-load-misses,1426219,ok,,wasmer,cranelift
2026-06-03T13:21:45+0800,llvmss_misc_matmul_f64_4x4,wasm-aot,2,branch-misses,150937,ok,,wasmer,cranelift
2026-06-03T13:21:48+0800,llvmss_misc_matmul_f64_4x4,native,3,r81d0,18106208770,ok,,wasmer,cranelift
2026-06-03T13:21:48+0800,llvmss_misc_matmul_f64_4x4,native,3,r82d0,3003930655,ok,,wasmer,cranelift
2026-06-03T13:21:48+0800,llvmss_misc_matmul_f64_4x4,native,3,r00c4,1954269358,ok,,wasmer,cranelift
2026-06-03T13:21:48+0800,llvmss_misc_matmul_f64_4x4,native,3,r01c4,50769925,ok,,wasmer,cranelift
2026-06-03T13:21:48+0800,llvmss_misc_matmul_f64_4x4,native,3,r1c0,28974865111,ok,,wasmer,cranelift
2026-06-03T13:21:48+0800,llvmss_misc_matmul_f64_4x4,native,3,cpu-cycles,11908062387,ok,,wasmer,cranelift
2026-06-03T13:21:48+0800,llvmss_misc_matmul_f64_4x4,native,3,L1-icache-load-misses,519540,ok,,wasmer,cranelift
2026-06-03T13:21:48+0800,llvmss_misc_matmul_f64_4x4,native,3,branch-misses,26080,ok,,wasmer,cranelift
2026-06-03T13:21:51+0800,llvmss_misc_matmul_f64_4x4,wasm-aot,3,r81d0,13014209944,ok,,wasmer,cranelift
2026-06-03T13:21:51+0800,llvmss_misc_matmul_f64_4x4,wasm-aot,3,r82d0,3358905012,ok,,wasmer,cranelift
2026-06-03T13:21:51+0800,llvmss_misc_matmul_f64_4x4,wasm-aot,3,r00c4,1960535766,ok,,wasmer,cranelift
2026-06-03T13:21:51+0800,llvmss_misc_matmul_f64_4x4,wasm-aot,3,r01c4,52283391,ok,,wasmer,cranelift
2026-06-03T13:21:51+0800,llvmss_misc_matmul_f64_4x4,wasm-aot,3,r1c0,30357526412,ok,,wasmer,cranelift
2026-06-03T13:21:51+0800,llvmss_misc_matmul_f64_4x4,wasm-aot,3,cpu-cycles,10187483863,ok,,wasmer,cranelift
2026-06-03T13:21:51+0800,llvmss_misc_matmul_f64_4x4,wasm-aot,3,L1-icache-load-misses,1278463,ok,,wasmer,cranelift
2026-06-03T13:21:51+0800,llvmss_misc_matmul_f64_4x4,wasm-aot,3,branch-misses,144851,ok,,wasmer,cranelift
2026-06-03T13:21:55+0800,llvmss_misc_richards_benchmark,native,1,r81d0,3558406544,ok,,wasmer,cranelift
2026-06-03T13:21:55+0800,llvmss_misc_richards_benchmark,native,1,r82d0,1895073454,ok,,wasmer,cranelift
2026-06-03T13:21:55+0800,llvmss_misc_richards_benchmark,native,1,r00c4,1549533999,ok,,wasmer,cranelift
2026-06-03T13:21:55+0800,llvmss_misc_richards_benchmark,native,1,r01c4,377229623,ok,,wasmer,cranelift
2026-06-03T13:21:55+0800,llvmss_misc_richards_benchmark,native,1,r1c0,7764505027,ok,,wasmer,cranelift
2026-06-03T13:21:55+0800,llvmss_misc_richards_benchmark,native,1,cpu-cycles,3398213117,ok,,wasmer,cranelift
2026-06-03T13:21:55+0800,llvmss_misc_richards_benchmark,native,1,L1-icache-load-misses,175095,ok,,wasmer,cranelift
2026-06-03T13:21:55+0800,llvmss_misc_richards_benchmark,native,1,branch-misses,8878289,ok,,wasmer,cranelift
2026-06-03T13:21:57+0800,llvmss_misc_richards_benchmark,wasm-aot,1,r81d0,5233837609,ok,,wasmer,cranelift
2026-06-03T13:21:57+0800,llvmss_misc_richards_benchmark,wasm-aot,1,r82d0,2456653572,ok,,wasmer,cranelift
2026-06-03T13:21:57+0800,llvmss_misc_richards_benchmark,wasm-aot,1,r00c4,1564324738,ok,,wasmer,cranelift
2026-06-03T13:21:57+0800,llvmss_misc_richards_benchmark,wasm-aot,1,r01c4,379026360,ok,,wasmer,cranelift
2026-06-03T13:21:57+0800,llvmss_misc_richards_benchmark,wasm-aot,1,r1c0,11818160385,ok,,wasmer,cranelift
2026-06-03T13:21:57+0800,llvmss_misc_richards_benchmark,wasm-aot,1,cpu-cycles,6278774159,ok,,wasmer,cranelift
2026-06-03T13:21:57+0800,llvmss_misc_richards_benchmark,wasm-aot,1,L1-icache-load-misses,1180600,ok,,wasmer,cranelift
2026-06-03T13:21:57+0800,llvmss_misc_richards_benchmark,wasm-aot,1,branch-misses,8902423,ok,,wasmer,cranelift
2026-06-03T13:21:58+0800,llvmss_misc_richards_benchmark,native,2,r81d0,3558541440,ok,,wasmer,cranelift
2026-06-03T13:21:58+0800,llvmss_misc_richards_benchmark,native,2,r82d0,1895165508,ok,,wasmer,cranelift
2026-06-03T13:21:58+0800,llvmss_misc_richards_benchmark,native,2,r00c4,1549615983,ok,,wasmer,cranelift
2026-06-03T13:21:58+0800,llvmss_misc_richards_benchmark,native,2,r01c4,377247889,ok,,wasmer,cranelift
2026-06-03T13:21:58+0800,llvmss_misc_richards_benchmark,native,2,r1c0,7765048247,ok,,wasmer,cranelift
2026-06-03T13:21:58+0800,llvmss_misc_richards_benchmark,native,2,cpu-cycles,3407052396,ok,,wasmer,cranelift
2026-06-03T13:21:58+0800,llvmss_misc_richards_benchmark,native,2,L1-icache-load-misses,221944,ok,,wasmer,cranelift
2026-06-03T13:21:58+0800,llvmss_misc_richards_benchmark,native,2,branch-misses,8863851,ok,,wasmer,cranelift
2026-06-03T13:21:59+0800,llvmss_misc_richards_benchmark,wasm-aot,2,r81d0,5233973767,ok,,wasmer,cranelift
2026-06-03T13:21:59+0800,llvmss_misc_richards_benchmark,wasm-aot,2,r82d0,2456739965,ok,,wasmer,cranelift
2026-06-03T13:21:59+0800,llvmss_misc_richards_benchmark,wasm-aot,2,r00c4,1564417728,ok,,wasmer,cranelift
2026-06-03T13:21:59+0800,llvmss_misc_richards_benchmark,wasm-aot,2,r01c4,379045414,ok,,wasmer,cranelift
2026-06-03T13:21:59+0800,llvmss_misc_richards_benchmark,wasm-aot,2,r1c0,11818751619,ok,,wasmer,cranelift
2026-06-03T13:21:59+0800,llvmss_misc_richards_benchmark,wasm-aot,2,cpu-cycles,6300143404,ok,,wasmer,cranelift
2026-06-03T13:21:59+0800,llvmss_misc_richards_benchmark,wasm-aot,2,L1-icache-load-misses,1226867,ok,,wasmer,cranelift
2026-06-03T13:21:59+0800,llvmss_misc_richards_benchmark,wasm-aot,2,branch-misses,8902197,ok,,wasmer,cranelift
2026-06-03T13:22:00+0800,llvmss_misc_richards_benchmark,native,3,r81d0,3558531935,ok,,wasmer,cranelift
2026-06-03T13:22:00+0800,llvmss_misc_richards_benchmark,native,3,r82d0,1895158409,ok,,wasmer,cranelift
2026-06-03T13:22:00+0800,llvmss_misc_richards_benchmark,native,3,r00c4,1549612680,ok,,wasmer,cranelift
2026-06-03T13:22:00+0800,llvmss_misc_richards_benchmark,native,3,r01c4,377243790,ok,,wasmer,cranelift
2026-06-03T13:22:00+0800,llvmss_misc_richards_benchmark,native,3,r1c0,7764989745,ok,,wasmer,cranelift
2026-06-03T13:22:00+0800,llvmss_misc_richards_benchmark,native,3,cpu-cycles,3419945056,ok,,wasmer,cranelift
2026-06-03T13:22:00+0800,llvmss_misc_richards_benchmark,native,3,L1-icache-load-misses,189741,ok,,wasmer,cranelift
2026-06-03T13:22:00+0800,llvmss_misc_richards_benchmark,native,3,branch-misses,8883397,ok,,wasmer,cranelift
2026-06-03T13:22:02+0800,llvmss_misc_richards_benchmark,wasm-aot,3,r81d0,5234063836,ok,,wasmer,cranelift
2026-06-03T13:22:02+0800,llvmss_misc_richards_benchmark,wasm-aot,3,r82d0,2456789038,ok,,wasmer,cranelift
2026-06-03T13:22:02+0800,llvmss_misc_richards_benchmark,wasm-aot,3,r00c4,1564491320,ok,,wasmer,cranelift
2026-06-03T13:22:02+0800,llvmss_misc_richards_benchmark,wasm-aot,3,r01c4,379062520,ok,,wasmer,cranelift
2026-06-03T13:22:02+0800,llvmss_misc_richards_benchmark,wasm-aot,3,r1c0,11819117325,ok,,wasmer,cranelift
2026-06-03T13:22:02+0800,llvmss_misc_richards_benchmark,wasm-aot,3,cpu-cycles,6296130975,ok,,wasmer,cranelift
2026-06-03T13:22:02+0800,llvmss_misc_richards_benchmark,wasm-aot,3,L1-icache-load-misses,1258850,ok,,wasmer,cranelift
2026-06-03T13:22:02+0800,llvmss_misc_richards_benchmark,wasm-aot,3,branch-misses,8887929,ok,,wasmer,cranelift
2026-06-03T13:22:35+0800,llvmss_misc_salsa20,native,1,r81d0,67597627440,ok,,wasmer,cranelift
2026-06-03T13:22:35+0800,llvmss_misc_salsa20,native,1,r82d0,15680537091,ok,,wasmer,cranelift
2026-06-03T13:22:35+0800,llvmss_misc_salsa20,native,1,r00c4,5696460832,ok,,wasmer,cranelift
2026-06-03T13:22:35+0800,llvmss_misc_salsa20,native,1,r01c4,607753437,ok,,wasmer,cranelift
2026-06-03T13:22:35+0800,llvmss_misc_salsa20,native,1,r1c0,124916729460,ok,,wasmer,cranelift
2026-06-03T13:22:35+0800,llvmss_misc_salsa20,native,1,cpu-cycles,43202791493,ok,,wasmer,cranelift
2026-06-03T13:22:35+0800,llvmss_misc_salsa20,native,1,L1-icache-load-misses,1486363,ok,,wasmer,cranelift
2026-06-03T13:22:35+0800,llvmss_misc_salsa20,native,1,branch-misses,519781,ok,,wasmer,cranelift
2026-06-03T13:22:43+0800,llvmss_misc_salsa20,wasm-aot,1,r81d0,38686728975,ok,,wasmer,cranelift
2026-06-03T13:22:43+0800,llvmss_misc_salsa20,wasm-aot,1,r82d0,16219795041,ok,,wasmer,cranelift
2026-06-03T13:22:43+0800,llvmss_misc_salsa20,wasm-aot,1,r00c4,6203121569,ok,,wasmer,cranelift
2026-06-03T13:22:43+0800,llvmss_misc_salsa20,wasm-aot,1,r01c4,137913036,ok,,wasmer,cranelift
2026-06-03T13:22:43+0800,llvmss_misc_salsa20,wasm-aot,1,r1c0,96383276708,ok,,wasmer,cranelift
2026-06-03T13:22:43+0800,llvmss_misc_salsa20,wasm-aot,1,cpu-cycles,29953541282,ok,,wasmer,cranelift
2026-06-03T13:22:43+0800,llvmss_misc_salsa20,wasm-aot,1,L1-icache-load-misses,1902835,ok,,wasmer,cranelift
2026-06-03T13:22:43+0800,llvmss_misc_salsa20,wasm-aot,1,branch-misses,175556,ok,,wasmer,cranelift
2026-06-03T13:22:55+0800,llvmss_misc_salsa20,native,2,r81d0,67597608960,ok,,wasmer,cranelift
2026-06-03T13:22:55+0800,llvmss_misc_salsa20,native,2,r82d0,15680519850,ok,,wasmer,cranelift
2026-06-03T13:22:55+0800,llvmss_misc_salsa20,native,2,r00c4,5696437650,ok,,wasmer,cranelift
2026-06-03T13:22:55+0800,llvmss_misc_salsa20,native,2,r01c4,607756712,ok,,wasmer,cranelift
2026-06-03T13:22:55+0800,llvmss_misc_salsa20,native,2,r1c0,124916647088,ok,,wasmer,cranelift
2026-06-03T13:22:55+0800,llvmss_misc_salsa20,native,2,cpu-cycles,43182404908,ok,,wasmer,cranelift
2026-06-03T13:22:55+0800,llvmss_misc_salsa20,native,2,L1-icache-load-misses,1495156,ok,,wasmer,cranelift
2026-06-03T13:22:55+0800,llvmss_misc_salsa20,native,2,branch-misses,550705,ok,,wasmer,cranelift
2026-06-03T13:23:03+0800,llvmss_misc_salsa20,wasm-aot,2,r81d0,38686852056,ok,,wasmer,cranelift
2026-06-03T13:23:03+0800,llvmss_misc_salsa20,wasm-aot,2,r82d0,16219870066,ok,,wasmer,cranelift
2026-06-03T13:23:03+0800,llvmss_misc_salsa20,wasm-aot,2,r00c4,6203183023,ok,,wasmer,cranelift
2026-06-03T13:23:03+0800,llvmss_misc_salsa20,wasm-aot,2,r01c4,137916042,ok,,wasmer,cranelift
2026-06-03T13:23:03+0800,llvmss_misc_salsa20,wasm-aot,2,r1c0,96383639731,ok,,wasmer,cranelift
2026-06-03T13:23:03+0800,llvmss_misc_salsa20,wasm-aot,2,cpu-cycles,29951962137,ok,,wasmer,cranelift
2026-06-03T13:23:03+0800,llvmss_misc_salsa20,wasm-aot,2,L1-icache-load-misses,1899680,ok,,wasmer,cranelift
2026-06-03T13:23:03+0800,llvmss_misc_salsa20,wasm-aot,2,branch-misses,171587,ok,,wasmer,cranelift
2026-06-03T13:23:15+0800,llvmss_misc_salsa20,native,3,r81d0,67597549140,ok,,wasmer,cranelift
2026-06-03T13:23:15+0800,llvmss_misc_salsa20,native,3,r82d0,15680471871,ok,,wasmer,cranelift
2026-06-03T13:23:15+0800,llvmss_misc_salsa20,native,3,r00c4,5696387328,ok,,wasmer,cranelift
2026-06-03T13:23:15+0800,llvmss_misc_salsa20,native,3,r01c4,607746353,ok,,wasmer,cranelift
2026-06-03T13:23:15+0800,llvmss_misc_salsa20,native,3,r1c0,124916352476,ok,,wasmer,cranelift
2026-06-03T13:23:15+0800,llvmss_misc_salsa20,native,3,cpu-cycles,43175184291,ok,,wasmer,cranelift
2026-06-03T13:23:15+0800,llvmss_misc_salsa20,native,3,L1-icache-load-misses,1549967,ok,,wasmer,cranelift
2026-06-03T13:23:15+0800,llvmss_misc_salsa20,native,3,branch-misses,429459,ok,,wasmer,cranelift
2026-06-03T13:23:24+0800,llvmss_misc_salsa20,wasm-aot,3,r81d0,38686934063,ok,,wasmer,cranelift
2026-06-03T13:23:24+0800,llvmss_misc_salsa20,wasm-aot,3,r82d0,16219925782,ok,,wasmer,cranelift
2026-06-03T13:23:24+0800,llvmss_misc_salsa20,wasm-aot,3,r00c4,6203275500,ok,,wasmer,cranelift
2026-06-03T13:23:24+0800,llvmss_misc_salsa20,wasm-aot,3,r01c4,137939694,ok,,wasmer,cranelift
2026-06-03T13:23:24+0800,llvmss_misc_salsa20,wasm-aot,3,r1c0,96384116488,ok,,wasmer,cranelift
2026-06-03T13:23:24+0800,llvmss_misc_salsa20,wasm-aot,3,cpu-cycles,29956723725,ok,,wasmer,cranelift
2026-06-03T13:23:24+0800,llvmss_misc_salsa20,wasm-aot,3,L1-icache-load-misses,1921057,ok,,wasmer,cranelift
2026-06-03T13:23:24+0800,llvmss_misc_salsa20,wasm-aot,3,branch-misses,171843,ok,,wasmer,cranelift
2026-06-03T13:23:26+0800,llvmss_misc_evalloop,native,1,r81d0,1844151536,ok,,wasmer,cranelift
2026-06-03T13:23:26+0800,llvmss_misc_evalloop,native,1,r82d0,1434257378,ok,,wasmer,cranelift
2026-06-03T13:23:26+0800,llvmss_misc_evalloop,native,1,r00c4,820140062,ok,,wasmer,cranelift
2026-06-03T13:23:26+0800,llvmss_misc_evalloop,native,1,r01c4,138305,ok,,wasmer,cranelift
2026-06-03T13:23:26+0800,llvmss_misc_evalloop,native,1,r1c0,4510535487,ok,,wasmer,cranelift
2026-06-03T13:23:26+0800,llvmss_misc_evalloop,native,1,cpu-cycles,1639636845,ok,,wasmer,cranelift
2026-06-03T13:23:26+0800,llvmss_misc_evalloop,native,1,L1-icache-load-misses,115505,ok,,wasmer,cranelift
2026-06-03T13:23:26+0800,llvmss_misc_evalloop,native,1,branch-misses,110473,ok,,wasmer,cranelift
2026-06-03T13:23:27+0800,llvmss_misc_evalloop,wasm-aot,1,r81d0,3254772204,ok,,wasmer,cranelift
2026-06-03T13:23:27+0800,llvmss_misc_evalloop,wasm-aot,1,r82d0,1238882285,ok,,wasmer,cranelift
2026-06-03T13:23:27+0800,llvmss_misc_evalloop,wasm-aot,1,r00c4,1236852591,ok,,wasmer,cranelift
2026-06-03T13:23:27+0800,llvmss_misc_evalloop,wasm-aot,1,r01c4,1878996,ok,,wasmer,cranelift
2026-06-03T13:23:27+0800,llvmss_misc_evalloop,wasm-aot,1,r1c0,9543289045,ok,,wasmer,cranelift
2026-06-03T13:23:27+0800,llvmss_misc_evalloop,wasm-aot,1,cpu-cycles,3571227263,ok,,wasmer,cranelift
2026-06-03T13:23:27+0800,llvmss_misc_evalloop,wasm-aot,1,L1-icache-load-misses,1098072,ok,,wasmer,cranelift
2026-06-03T13:23:27+0800,llvmss_misc_evalloop,wasm-aot,1,branch-misses,238743,ok,,wasmer,cranelift
2026-06-03T13:23:27+0800,llvmss_misc_evalloop,native,2,r81d0,1844190101,ok,,wasmer,cranelift
2026-06-03T13:23:27+0800,llvmss_misc_evalloop,native,2,r82d0,1434282140,ok,,wasmer,cranelift
2026-06-03T13:23:27+0800,llvmss_misc_evalloop,native,2,r00c4,820168553,ok,,wasmer,cranelift
2026-06-03T13:23:27+0800,llvmss_misc_evalloop,native,2,r01c4,143757,ok,,wasmer,cranelift
2026-06-03T13:23:27+0800,llvmss_misc_evalloop,native,2,r1c0,4510695917,ok,,wasmer,cranelift
2026-06-03T13:23:27+0800,llvmss_misc_evalloop,native,2,cpu-cycles,1639272050,ok,,wasmer,cranelift
2026-06-03T13:23:27+0800,llvmss_misc_evalloop,native,2,L1-icache-load-misses,123206,ok,,wasmer,cranelift
2026-06-03T13:23:27+0800,llvmss_misc_evalloop,native,2,branch-misses,110086,ok,,wasmer,cranelift
2026-06-03T13:23:28+0800,llvmss_misc_evalloop,wasm-aot,2,r81d0,3254720489,ok,,wasmer,cranelift
2026-06-03T13:23:28+0800,llvmss_misc_evalloop,wasm-aot,2,r82d0,1238860577,ok,,wasmer,cranelift
2026-06-03T13:23:28+0800,llvmss_misc_evalloop,wasm-aot,2,r00c4,1236806226,ok,,wasmer,cranelift
2026-06-03T13:23:28+0800,llvmss_misc_evalloop,wasm-aot,2,r01c4,1867503,ok,,wasmer,cranelift
2026-06-03T13:23:28+0800,llvmss_misc_evalloop,wasm-aot,2,r1c0,9543088010,ok,,wasmer,cranelift
2026-06-03T13:23:28+0800,llvmss_misc_evalloop,wasm-aot,2,cpu-cycles,3572406321,ok,,wasmer,cranelift
2026-06-03T13:23:28+0800,llvmss_misc_evalloop,wasm-aot,2,L1-icache-load-misses,1117305,ok,,wasmer,cranelift
2026-06-03T13:23:28+0800,llvmss_misc_evalloop,wasm-aot,2,branch-misses,238892,ok,,wasmer,cranelift
2026-06-03T13:23:29+0800,llvmss_misc_evalloop,native,3,r81d0,1844150115,ok,,wasmer,cranelift
2026-06-03T13:23:29+0800,llvmss_misc_evalloop,native,3,r82d0,1434257142,ok,,wasmer,cranelift
2026-06-03T13:23:29+0800,llvmss_misc_evalloop,native,3,r00c4,820138902,ok,,wasmer,cranelift
2026-06-03T13:23:29+0800,llvmss_misc_evalloop,native,3,r01c4,139102,ok,,wasmer,cranelift
2026-06-03T13:23:29+0800,llvmss_misc_evalloop,native,3,r1c0,4510531959,ok,,wasmer,cranelift
2026-06-03T13:23:29+0800,llvmss_misc_evalloop,native,3,cpu-cycles,1639384870,ok,,wasmer,cranelift
2026-06-03T13:23:29+0800,llvmss_misc_evalloop,native,3,L1-icache-load-misses,112862,ok,,wasmer,cranelift
2026-06-03T13:23:29+0800,llvmss_misc_evalloop,native,3,branch-misses,110666,ok,,wasmer,cranelift
2026-06-03T13:23:30+0800,llvmss_misc_evalloop,wasm-aot,3,r81d0,3254722266,ok,,wasmer,cranelift
2026-06-03T13:23:30+0800,llvmss_misc_evalloop,wasm-aot,3,r82d0,1238860284,ok,,wasmer,cranelift
2026-06-03T13:23:30+0800,llvmss_misc_evalloop,wasm-aot,3,r00c4,1236811494,ok,,wasmer,cranelift
2026-06-03T13:23:30+0800,llvmss_misc_evalloop,wasm-aot,3,r01c4,1870784,ok,,wasmer,cranelift
2026-06-03T13:23:30+0800,llvmss_misc_evalloop,wasm-aot,3,r1c0,9543113726,ok,,wasmer,cranelift
2026-06-03T13:23:30+0800,llvmss_misc_evalloop,wasm-aot,3,cpu-cycles,3569549143,ok,,wasmer,cranelift
2026-06-03T13:23:30+0800,llvmss_misc_evalloop,wasm-aot,3,L1-icache-load-misses,1063281,ok,,wasmer,cranelift
2026-06-03T13:23:30+0800,llvmss_misc_evalloop,wasm-aot,3,branch-misses,235741,ok,,wasmer,cranelift
2026-06-03T13:23:57+0800,llvmss_misc_flops,native,1,r81d0,23293784048,ok,,wasmer,cranelift
2026-06-03T13:23:57+0800,llvmss_misc_flops,native,1,r82d0,4706226092,ok,,wasmer,cranelift
2026-06-03T13:23:57+0800,llvmss_misc_flops,native,1,r00c4,2811121055,ok,,wasmer,cranelift
2026-06-03T13:23:57+0800,llvmss_misc_flops,native,1,r01c4,2241004,ok,,wasmer,cranelift
2026-06-03T13:23:57+0800,llvmss_misc_flops,native,1,r1c0,49229681166,ok,,wasmer,cranelift
2026-06-03T13:23:57+0800,llvmss_misc_flops,native,1,cpu-cycles,36840391257,ok,,wasmer,cranelift
2026-06-03T13:23:57+0800,llvmss_misc_flops,native,1,L1-icache-load-misses,1243319,ok,,wasmer,cranelift
2026-06-03T13:23:57+0800,llvmss_misc_flops,native,1,branch-misses,58724,ok,,wasmer,cranelift
2026-06-03T13:24:03+0800,llvmss_misc_flops,wasm-aot,1,r81d0,22543881936,ok,,wasmer,cranelift
2026-06-03T13:24:03+0800,llvmss_misc_flops,wasm-aot,1,r82d0,7011729886,ok,,wasmer,cranelift
2026-06-03T13:24:03+0800,llvmss_misc_flops,wasm-aot,1,r00c4,4093686045,ok,,wasmer,cranelift
2026-06-03T13:24:03+0800,llvmss_misc_flops,wasm-aot,1,r01c4,3112274,ok,,wasmer,cranelift
2026-06-03T13:24:03+0800,llvmss_misc_flops,wasm-aot,1,r1c0,56396039847,ok,,wasmer,cranelift
2026-06-03T13:24:03+0800,llvmss_misc_flops,wasm-aot,1,cpu-cycles,23061627402,ok,,wasmer,cranelift
2026-06-03T13:24:03+0800,llvmss_misc_flops,wasm-aot,1,L1-icache-load-misses,1826731,ok,,wasmer,cranelift
2026-06-03T13:24:03+0800,llvmss_misc_flops,wasm-aot,1,branch-misses,161511,ok,,wasmer,cranelift
2026-06-03T13:24:13+0800,llvmss_misc_flops,native,2,r81d0,23293650015,ok,,wasmer,cranelift
2026-06-03T13:24:13+0800,llvmss_misc_flops,native,2,r82d0,4706140102,ok,,wasmer,cranelift
2026-06-03T13:24:13+0800,llvmss_misc_flops,native,2,r00c4,2811029038,ok,,wasmer,cranelift
2026-06-03T13:24:13+0800,llvmss_misc_flops,native,2,r01c4,2216619,ok,,wasmer,cranelift
2026-06-03T13:24:13+0800,llvmss_misc_flops,native,2,r1c0,49229201941,ok,,wasmer,cranelift
2026-06-03T13:24:13+0800,llvmss_misc_flops,native,2,cpu-cycles,36828782607,ok,,wasmer,cranelift
2026-06-03T13:24:13+0800,llvmss_misc_flops,native,2,L1-icache-load-misses,1200250,ok,,wasmer,cranelift
2026-06-03T13:24:13+0800,llvmss_misc_flops,native,2,branch-misses,48735,ok,,wasmer,cranelift
2026-06-03T13:24:20+0800,llvmss_misc_flops,wasm-aot,2,r81d0,22543655343,ok,,wasmer,cranelift
2026-06-03T13:24:20+0800,llvmss_misc_flops,wasm-aot,2,r82d0,7011588903,ok,,wasmer,cranelift
2026-06-03T13:24:20+0800,llvmss_misc_flops,wasm-aot,2,r00c4,4093504608,ok,,wasmer,cranelift
2026-06-03T13:24:20+0800,llvmss_misc_flops,wasm-aot,2,r01c4,3055423,ok,,wasmer,cranelift
2026-06-03T13:24:20+0800,llvmss_misc_flops,wasm-aot,2,r1c0,56395110134,ok,,wasmer,cranelift
2026-06-03T13:24:20+0800,llvmss_misc_flops,wasm-aot,2,cpu-cycles,23017234777,ok,,wasmer,cranelift
2026-06-03T13:24:20+0800,llvmss_misc_flops,wasm-aot,2,L1-icache-load-misses,1721594,ok,,wasmer,cranelift
2026-06-03T13:24:20+0800,llvmss_misc_flops,wasm-aot,2,branch-misses,153777,ok,,wasmer,cranelift
2026-06-03T13:24:30+0800,llvmss_misc_flops,native,3,r81d0,23293910618,ok,,wasmer,cranelift
2026-06-03T13:24:30+0800,llvmss_misc_flops,native,3,r82d0,4706301224,ok,,wasmer,cranelift
2026-06-03T13:24:30+0800,llvmss_misc_flops,native,3,r00c4,2811222570,ok,,wasmer,cranelift
2026-06-03T13:24:30+0800,llvmss_misc_flops,native,3,r01c4,2238699,ok,,wasmer,cranelift
2026-06-03T13:24:30+0800,llvmss_misc_flops,native,3,r1c0,49230223242,ok,,wasmer,cranelift
2026-06-03T13:24:30+0800,llvmss_misc_flops,native,3,cpu-cycles,36823923091,ok,,wasmer,cranelift
2026-06-03T13:24:30+0800,llvmss_misc_flops,native,3,L1-icache-load-misses,1300720,ok,,wasmer,cranelift
2026-06-03T13:24:30+0800,llvmss_misc_flops,native,3,branch-misses,55400,ok,,wasmer,cranelift
2026-06-03T13:24:37+0800,llvmss_misc_flops,wasm-aot,3,r81d0,22543737202,ok,,wasmer,cranelift
2026-06-03T13:24:37+0800,llvmss_misc_flops,wasm-aot,3,r82d0,7011641885,ok,,wasmer,cranelift
2026-06-03T13:24:37+0800,llvmss_misc_flops,wasm-aot,3,r00c4,4093551330,ok,,wasmer,cranelift
2026-06-03T13:24:37+0800,llvmss_misc_flops,wasm-aot,3,r01c4,3082438,ok,,wasmer,cranelift
2026-06-03T13:24:37+0800,llvmss_misc_flops,wasm-aot,3,r1c0,56395310743,ok,,wasmer,cranelift
2026-06-03T13:24:37+0800,llvmss_misc_flops,wasm-aot,3,cpu-cycles,23057204514,ok,,wasmer,cranelift
2026-06-03T13:24:37+0800,llvmss_misc_flops,wasm-aot,3,L1-icache-load-misses,1768977,ok,,wasmer,cranelift
2026-06-03T13:24:37+0800,llvmss_misc_flops,wasm-aot,3,branch-misses,156990,ok,,wasmer,cranelift
2026-06-03T13:24:40+0800,llvmss_misc_flops-1,native,1,r81d0,6252570359,ok,,wasmer,cranelift
2026-06-03T13:24:40+0800,llvmss_misc_flops-1,native,1,r82d0,1251622587,ok,,wasmer,cranelift
2026-06-03T13:24:40+0800,llvmss_misc_flops-1,native,1,r00c4,626775733,ok,,wasmer,cranelift
2026-06-03T13:24:40+0800,llvmss_misc_flops-1,native,1,r01c4,321905,ok,,wasmer,cranelift
2026-06-03T13:24:40+0800,llvmss_misc_flops-1,native,1,r1c0,12822776681,ok,,wasmer,cranelift
2026-06-03T13:24:40+0800,llvmss_misc_flops-1,native,1,cpu-cycles,4744970180,ok,,wasmer,cranelift
2026-06-03T13:24:40+0800,llvmss_misc_flops-1,native,1,L1-icache-load-misses,217992,ok,,wasmer,cranelift
2026-06-03T13:24:40+0800,llvmss_misc_flops-1,native,1,branch-misses,12710,ok,,wasmer,cranelift
2026-06-03T13:24:41+0800,llvmss_misc_flops-1,wasm-aot,1,r81d0,4073321056,ok,,wasmer,cranelift
2026-06-03T13:24:41+0800,llvmss_misc_flops-1,wasm-aot,1,r82d0,1256765174,ok,,wasmer,cranelift
2026-06-03T13:24:41+0800,llvmss_misc_flops-1,wasm-aot,1,r00c4,633214512,ok,,wasmer,cranelift
2026-06-03T13:24:41+0800,llvmss_misc_flops-1,wasm-aot,1,r01c4,1871521,ok,,wasmer,cranelift
2026-06-03T13:24:41+0800,llvmss_misc_flops-1,wasm-aot,1,r1c0,10356476188,ok,,wasmer,cranelift
2026-06-03T13:24:41+0800,llvmss_misc_flops-1,wasm-aot,1,cpu-cycles,3353849403,ok,,wasmer,cranelift
2026-06-03T13:24:41+0800,llvmss_misc_flops-1,wasm-aot,1,L1-icache-load-misses,1038654,ok,,wasmer,cranelift
2026-06-03T13:24:41+0800,llvmss_misc_flops-1,wasm-aot,1,branch-misses,132165,ok,,wasmer,cranelift
2026-06-03T13:24:42+0800,llvmss_misc_flops-1,native,2,r81d0,6252616871,ok,,wasmer,cranelift
2026-06-03T13:24:42+0800,llvmss_misc_flops-1,native,2,r82d0,1251650017,ok,,wasmer,cranelift
2026-06-03T13:24:42+0800,llvmss_misc_flops-1,native,2,r00c4,626810686,ok,,wasmer,cranelift
2026-06-03T13:24:42+0800,llvmss_misc_flops-1,native,2,r01c4,328158,ok,,wasmer,cranelift
2026-06-03T13:24:42+0800,llvmss_misc_flops-1,native,2,r1c0,12822982076,ok,,wasmer,cranelift
2026-06-03T13:24:42+0800,llvmss_misc_flops-1,native,2,cpu-cycles,4745420706,ok,,wasmer,cranelift
2026-06-03T13:24:42+0800,llvmss_misc_flops-1,native,2,L1-icache-load-misses,214253,ok,,wasmer,cranelift
2026-06-03T13:24:42+0800,llvmss_misc_flops-1,native,2,branch-misses,13777,ok,,wasmer,cranelift
2026-06-03T13:24:43+0800,llvmss_misc_flops-1,wasm-aot,2,r81d0,4073340105,ok,,wasmer,cranelift
2026-06-03T13:24:43+0800,llvmss_misc_flops-1,wasm-aot,2,r82d0,1256781503,ok,,wasmer,cranelift
2026-06-03T13:24:43+0800,llvmss_misc_flops-1,wasm-aot,2,r00c4,633234783,ok,,wasmer,cranelift
2026-06-03T13:24:43+0800,llvmss_misc_flops-1,wasm-aot,2,r01c4,1876798,ok,,wasmer,cranelift
2026-06-03T13:24:43+0800,llvmss_misc_flops-1,wasm-aot,2,r1c0,10356587737,ok,,wasmer,cranelift
2026-06-03T13:24:43+0800,llvmss_misc_flops-1,wasm-aot,2,cpu-cycles,3353188100,ok,,wasmer,cranelift
2026-06-03T13:24:43+0800,llvmss_misc_flops-1,wasm-aot,2,L1-icache-load-misses,1048466,ok,,wasmer,cranelift
2026-06-03T13:24:43+0800,llvmss_misc_flops-1,wasm-aot,2,branch-misses,133787,ok,,wasmer,cranelift
2026-06-03T13:24:45+0800,llvmss_misc_flops-1,native,3,r81d0,6252587185,ok,,wasmer,cranelift
2026-06-03T13:24:45+0800,llvmss_misc_flops-1,native,3,r82d0,1251633213,ok,,wasmer,cranelift
2026-06-03T13:24:45+0800,llvmss_misc_flops-1,native,3,r00c4,626789121,ok,,wasmer,cranelift
2026-06-03T13:24:45+0800,llvmss_misc_flops-1,native,3,r01c4,325103,ok,,wasmer,cranelift
2026-06-03T13:24:45+0800,llvmss_misc_flops-1,native,3,r1c0,12822866895,ok,,wasmer,cranelift
2026-06-03T13:24:45+0800,llvmss_misc_flops-1,native,3,cpu-cycles,4745104594,ok,,wasmer,cranelift
2026-06-03T13:24:45+0800,llvmss_misc_flops-1,native,3,L1-icache-load-misses,201320,ok,,wasmer,cranelift
2026-06-03T13:24:45+0800,llvmss_misc_flops-1,native,3,branch-misses,13366,ok,,wasmer,cranelift
2026-06-03T13:24:46+0800,llvmss_misc_flops-1,wasm-aot,3,r81d0,4073318908,ok,,wasmer,cranelift
2026-06-03T13:24:46+0800,llvmss_misc_flops-1,wasm-aot,3,r82d0,1256753285,ok,,wasmer,cranelift
2026-06-03T13:24:46+0800,llvmss_misc_flops-1,wasm-aot,3,r00c4,633228165,ok,,wasmer,cranelift
2026-06-03T13:24:46+0800,llvmss_misc_flops-1,wasm-aot,3,r01c4,1874441,ok,,wasmer,cranelift
2026-06-03T13:24:46+0800,llvmss_misc_flops-1,wasm-aot,3,r1c0,10356490297,ok,,wasmer,cranelift
2026-06-03T13:24:46+0800,llvmss_misc_flops-1,wasm-aot,3,cpu-cycles,3353855299,ok,,wasmer,cranelift
2026-06-03T13:24:46+0800,llvmss_misc_flops-1,wasm-aot,3,L1-icache-load-misses,1042923,ok,,wasmer,cranelift
2026-06-03T13:24:46+0800,llvmss_misc_flops-1,wasm-aot,3,branch-misses,133807,ok,,wasmer,cranelift
2026-06-03T13:24:48+0800,llvmss_stanford_floatmm,native,1,r81d0,4451719718,ok,,wasmer,cranelift
2026-06-03T13:24:48+0800,llvmss_stanford_floatmm,native,1,r82d0,834442449,ok,,wasmer,cranelift
2026-06-03T13:24:48+0800,llvmss_stanford_floatmm,native,1,r00c4,747760136,ok,,wasmer,cranelift
2026-06-03T13:24:48+0800,llvmss_stanford_floatmm,native,1,r01c4,8860731,ok,,wasmer,cranelift
2026-06-03T13:24:48+0800,llvmss_stanford_floatmm,native,1,r1c0,8549682585,ok,,wasmer,cranelift
2026-06-03T13:24:48+0800,llvmss_stanford_floatmm,native,1,cpu-cycles,3092253359,ok,,wasmer,cranelift
2026-06-03T13:24:48+0800,llvmss_stanford_floatmm,native,1,L1-icache-load-misses,170570,ok,,wasmer,cranelift
2026-06-03T13:24:48+0800,llvmss_stanford_floatmm,native,1,branch-misses,8236265,ok,,wasmer,cranelift
2026-06-03T13:24:49+0800,llvmss_stanford_floatmm,wasm-aot,1,r81d0,3855946696,ok,,wasmer,cranelift
2026-06-03T13:24:49+0800,llvmss_stanford_floatmm,wasm-aot,1,r82d0,824576593,ok,,wasmer,cranelift
2026-06-03T13:24:49+0800,llvmss_stanford_floatmm,wasm-aot,1,r00c4,754628538,ok,,wasmer,cranelift
2026-06-03T13:24:49+0800,llvmss_stanford_floatmm,wasm-aot,1,r01c4,10609776,ok,,wasmer,cranelift
2026-06-03T13:24:49+0800,llvmss_stanford_floatmm,wasm-aot,1,r1c0,8407799073,ok,,wasmer,cranelift
2026-06-03T13:24:49+0800,llvmss_stanford_floatmm,wasm-aot,1,cpu-cycles,3389089034,ok,,wasmer,cranelift
2026-06-03T13:24:49+0800,llvmss_stanford_floatmm,wasm-aot,1,L1-icache-load-misses,1223232,ok,,wasmer,cranelift
2026-06-03T13:24:49+0800,llvmss_stanford_floatmm,wasm-aot,1,branch-misses,8360051,ok,,wasmer,cranelift
2026-06-03T13:24:50+0800,llvmss_stanford_floatmm,native,2,r81d0,4451701941,ok,,wasmer,cranelift
2026-06-03T13:24:50+0800,llvmss_stanford_floatmm,native,2,r82d0,834431939,ok,,wasmer,cranelift
2026-06-03T13:24:50+0800,llvmss_stanford_floatmm,native,2,r00c4,747747304,ok,,wasmer,cranelift
2026-06-03T13:24:50+0800,llvmss_stanford_floatmm,native,2,r01c4,8857213,ok,,wasmer,cranelift
2026-06-03T13:24:50+0800,llvmss_stanford_floatmm,native,2,r1c0,8549601478,ok,,wasmer,cranelift
2026-06-03T13:24:50+0800,llvmss_stanford_floatmm,native,2,cpu-cycles,3096020616,ok,,wasmer,cranelift
2026-06-03T13:24:50+0800,llvmss_stanford_floatmm,native,2,L1-icache-load-misses,157848,ok,,wasmer,cranelift
2026-06-03T13:24:50+0800,llvmss_stanford_floatmm,native,2,branch-misses,8236233,ok,,wasmer,cranelift
2026-06-03T13:24:51+0800,llvmss_stanford_floatmm,wasm-aot,2,r81d0,3855796081,ok,,wasmer,cranelift
2026-06-03T13:24:51+0800,llvmss_stanford_floatmm,wasm-aot,2,r82d0,824471303,ok,,wasmer,cranelift
2026-06-03T13:24:51+0800,llvmss_stanford_floatmm,wasm-aot,2,r00c4,754511296,ok,,wasmer,cranelift
2026-06-03T13:24:51+0800,llvmss_stanford_floatmm,wasm-aot,2,r01c4,10587706,ok,,wasmer,cranelift
2026-06-03T13:24:51+0800,llvmss_stanford_floatmm,wasm-aot,2,r1c0,8407173331,ok,,wasmer,cranelift
2026-06-03T13:24:51+0800,llvmss_stanford_floatmm,wasm-aot,2,cpu-cycles,3384955710,ok,,wasmer,cranelift
2026-06-03T13:24:51+0800,llvmss_stanford_floatmm,wasm-aot,2,L1-icache-load-misses,1186696,ok,,wasmer,cranelift
2026-06-03T13:24:51+0800,llvmss_stanford_floatmm,wasm-aot,2,branch-misses,8354653,ok,,wasmer,cranelift
2026-06-03T13:24:52+0800,llvmss_stanford_floatmm,native,3,r81d0,4451668312,ok,,wasmer,cranelift
2026-06-03T13:24:52+0800,llvmss_stanford_floatmm,native,3,r82d0,834410760,ok,,wasmer,cranelift
2026-06-03T13:24:52+0800,llvmss_stanford_floatmm,native,3,r00c4,747722957,ok,,wasmer,cranelift
2026-06-03T13:24:52+0800,llvmss_stanford_floatmm,native,3,r01c4,8854657,ok,,wasmer,cranelift
2026-06-03T13:24:52+0800,llvmss_stanford_floatmm,native,3,r1c0,8549466177,ok,,wasmer,cranelift
2026-06-03T13:24:52+0800,llvmss_stanford_floatmm,native,3,cpu-cycles,3095729143,ok,,wasmer,cranelift
2026-06-03T13:24:52+0800,llvmss_stanford_floatmm,native,3,L1-icache-load-misses,157335,ok,,wasmer,cranelift
2026-06-03T13:24:52+0800,llvmss_stanford_floatmm,native,3,branch-misses,8233833,ok,,wasmer,cranelift
2026-06-03T13:24:53+0800,llvmss_stanford_floatmm,wasm-aot,3,r81d0,3855971238,ok,,wasmer,cranelift
2026-06-03T13:24:53+0800,llvmss_stanford_floatmm,wasm-aot,3,r82d0,824593373,ok,,wasmer,cranelift
2026-06-03T13:24:53+0800,llvmss_stanford_floatmm,wasm-aot,3,r00c4,754630041,ok,,wasmer,cranelift
2026-06-03T13:24:53+0800,llvmss_stanford_floatmm,wasm-aot,3,r01c4,10606988,ok,,wasmer,cranelift
2026-06-03T13:24:53+0800,llvmss_stanford_floatmm,wasm-aot,3,r1c0,8407885251,ok,,wasmer,cranelift
2026-06-03T13:24:53+0800,llvmss_stanford_floatmm,wasm-aot,3,cpu-cycles,3382560177,ok,,wasmer,cranelift
2026-06-03T13:24:53+0800,llvmss_stanford_floatmm,wasm-aot,3,L1-icache-load-misses,1229005,ok,,wasmer,cranelift
2026-06-03T13:24:53+0800,llvmss_stanford_floatmm,wasm-aot,3,branch-misses,8355441,ok,,wasmer,cranelift
2026-06-03T13:24:54+0800,llvmss_stanford_puzzle,native,1,r81d0,591580069,ok,,wasmer,cranelift
2026-06-03T13:24:54+0800,llvmss_stanford_puzzle,native,1,r82d0,96974018,ok,,wasmer,cranelift
2026-06-03T13:24:54+0800,llvmss_stanford_puzzle,native,1,r00c4,341823431,ok,,wasmer,cranelift
2026-06-03T13:24:54+0800,llvmss_stanford_puzzle,native,1,r01c4,77909455,ok,,wasmer,cranelift
2026-06-03T13:24:54+0800,llvmss_stanford_puzzle,native,1,r1c0,1443052170,ok,,wasmer,cranelift
2026-06-03T13:24:54+0800,llvmss_stanford_puzzle,native,1,cpu-cycles,642282895,ok,,wasmer,cranelift
2026-06-03T13:24:54+0800,llvmss_stanford_puzzle,native,1,L1-icache-load-misses,96612,ok,,wasmer,cranelift
2026-06-03T13:24:54+0800,llvmss_stanford_puzzle,native,1,branch-misses,2469772,ok,,wasmer,cranelift
2026-06-03T13:24:54+0800,llvmss_stanford_puzzle,wasm-aot,1,r81d0,620602300,ok,,wasmer,cranelift
2026-06-03T13:24:54+0800,llvmss_stanford_puzzle,wasm-aot,1,r82d0,105771734,ok,,wasmer,cranelift
2026-06-03T13:24:54+0800,llvmss_stanford_puzzle,wasm-aot,1,r00c4,266495674,ok,,wasmer,cranelift
2026-06-03T13:24:54+0800,llvmss_stanford_puzzle,wasm-aot,1,r01c4,79880767,ok,,wasmer,cranelift
2026-06-03T13:24:54+0800,llvmss_stanford_puzzle,wasm-aot,1,r1c0,1450434153,ok,,wasmer,cranelift
2026-06-03T13:24:54+0800,llvmss_stanford_puzzle,wasm-aot,1,cpu-cycles,779306950,ok,,wasmer,cranelift
2026-06-03T13:24:54+0800,llvmss_stanford_puzzle,wasm-aot,1,L1-icache-load-misses,1961698,ok,,wasmer,cranelift
2026-06-03T13:24:54+0800,llvmss_stanford_puzzle,wasm-aot,1,branch-misses,2295593,ok,,wasmer,cranelift
2026-06-03T13:24:54+0800,llvmss_stanford_puzzle,native,2,r81d0,591581297,ok,,wasmer,cranelift
2026-06-03T13:24:54+0800,llvmss_stanford_puzzle,native,2,r82d0,96972379,ok,,wasmer,cranelift
2026-06-03T13:24:54+0800,llvmss_stanford_puzzle,native,2,r00c4,341828110,ok,,wasmer,cranelift
2026-06-03T13:24:54+0800,llvmss_stanford_puzzle,native,2,r01c4,77910572,ok,,wasmer,cranelift
2026-06-03T13:24:54+0800,llvmss_stanford_puzzle,native,2,r1c0,1443083174,ok,,wasmer,cranelift
2026-06-03T13:24:54+0800,llvmss_stanford_puzzle,native,2,cpu-cycles,642023881,ok,,wasmer,cranelift
2026-06-03T13:24:54+0800,llvmss_stanford_puzzle,native,2,L1-icache-load-misses,86904,ok,,wasmer,cranelift
2026-06-03T13:24:54+0800,llvmss_stanford_puzzle,native,2,branch-misses,2468256,ok,,wasmer,cranelift
2026-06-03T13:24:54+0800,llvmss_stanford_puzzle,wasm-aot,2,r81d0,620727706,ok,,wasmer,cranelift
2026-06-03T13:24:54+0800,llvmss_stanford_puzzle,wasm-aot,2,r82d0,105880008,ok,,wasmer,cranelift
2026-06-03T13:24:54+0800,llvmss_stanford_puzzle,wasm-aot,2,r00c4,266596734,ok,,wasmer,cranelift
2026-06-03T13:24:54+0800,llvmss_stanford_puzzle,wasm-aot,2,r01c4,79907445,ok,,wasmer,cranelift
2026-06-03T13:24:54+0800,llvmss_stanford_puzzle,wasm-aot,2,r1c0,1451011568,ok,,wasmer,cranelift
2026-06-03T13:24:54+0800,llvmss_stanford_puzzle,wasm-aot,2,cpu-cycles,787282847,ok,,wasmer,cranelift
2026-06-03T13:24:54+0800,llvmss_stanford_puzzle,wasm-aot,2,L1-icache-load-misses,2356478,ok,,wasmer,cranelift
2026-06-03T13:24:54+0800,llvmss_stanford_puzzle,wasm-aot,2,branch-misses,2429116,ok,,wasmer,cranelift
2026-06-03T13:24:55+0800,llvmss_stanford_puzzle,native,3,r81d0,591608722,ok,,wasmer,cranelift
2026-06-03T13:24:55+0800,llvmss_stanford_puzzle,native,3,r82d0,96992511,ok,,wasmer,cranelift
2026-06-03T13:24:55+0800,llvmss_stanford_puzzle,native,3,r00c4,341843399,ok,,wasmer,cranelift
2026-06-03T13:24:55+0800,llvmss_stanford_puzzle,native,3,r01c4,77913211,ok,,wasmer,cranelift
2026-06-03T13:24:55+0800,llvmss_stanford_puzzle,native,3,r1c0,1443191394,ok,,wasmer,cranelift
2026-06-03T13:24:55+0800,llvmss_stanford_puzzle,native,3,cpu-cycles,641643109,ok,,wasmer,cranelift
2026-06-03T13:24:55+0800,llvmss_stanford_puzzle,native,3,L1-icache-load-misses,95525,ok,,wasmer,cranelift
2026-06-03T13:24:55+0800,llvmss_stanford_puzzle,native,3,branch-misses,2461714,ok,,wasmer,cranelift
2026-06-03T13:24:55+0800,llvmss_stanford_puzzle,wasm-aot,3,r81d0,620668029,ok,,wasmer,cranelift
2026-06-03T13:24:55+0800,llvmss_stanford_puzzle,wasm-aot,3,r82d0,105802098,ok,,wasmer,cranelift
2026-06-03T13:24:55+0800,llvmss_stanford_puzzle,wasm-aot,3,r00c4,266548877,ok,,wasmer,cranelift
2026-06-03T13:24:55+0800,llvmss_stanford_puzzle,wasm-aot,3,r01c4,79893879,ok,,wasmer,cranelift
2026-06-03T13:24:55+0800,llvmss_stanford_puzzle,wasm-aot,3,r1c0,1450700799,ok,,wasmer,cranelift
2026-06-03T13:24:55+0800,llvmss_stanford_puzzle,wasm-aot,3,cpu-cycles,782214895,ok,,wasmer,cranelift
2026-06-03T13:24:55+0800,llvmss_stanford_puzzle,wasm-aot,3,L1-icache-load-misses,1998319,ok,,wasmer,cranelift
2026-06-03T13:24:55+0800,llvmss_stanford_puzzle,wasm-aot,3,branch-misses,2344846,ok,,wasmer,cranelift
2026-06-03T13:24:55+0800,llvmss_stanford_perm,native,1,r81d0,86010423,ok,,wasmer,cranelift
2026-06-03T13:24:55+0800,llvmss_stanford_perm,native,1,r82d0,57090404,ok,,wasmer,cranelift
2026-06-03T13:24:55+0800,llvmss_stanford_perm,native,1,r00c4,31937717,ok,,wasmer,cranelift
2026-06-03T13:24:55+0800,llvmss_stanford_perm,native,1,r01c4,4376167,ok,,wasmer,cranelift
2026-06-03T13:24:55+0800,llvmss_stanford_perm,native,1,r1c0,218011222,ok,,wasmer,cranelift
2026-06-03T13:24:55+0800,llvmss_stanford_perm,native,1,cpu-cycles,60515745,ok,,wasmer,cranelift
2026-06-03T13:24:55+0800,llvmss_stanford_perm,native,1,L1-icache-load-misses,53230,ok,,wasmer,cranelift
2026-06-03T13:24:55+0800,llvmss_stanford_perm,native,1,branch-misses,35866,ok,,wasmer,cranelift
2026-06-03T13:24:55+0800,llvmss_stanford_perm,wasm-aot,1,r81d0,156455855,ok,,wasmer,cranelift
2026-06-03T13:24:55+0800,llvmss_stanford_perm,wasm-aot,1,r82d0,85411107,ok,,wasmer,cranelift
2026-06-03T13:24:55+0800,llvmss_stanford_perm,wasm-aot,1,r00c4,40828302,ok,,wasmer,cranelift
2026-06-03T13:24:55+0800,llvmss_stanford_perm,wasm-aot,1,r01c4,5568362,ok,,wasmer,cranelift
2026-06-03T13:24:55+0800,llvmss_stanford_perm,wasm-aot,1,r1c0,375744536,ok,,wasmer,cranelift
2026-06-03T13:24:55+0800,llvmss_stanford_perm,wasm-aot,1,cpu-cycles,172110421,ok,,wasmer,cranelift
2026-06-03T13:24:55+0800,llvmss_stanford_perm,wasm-aot,1,L1-icache-load-misses,1410638,ok,,wasmer,cranelift
2026-06-03T13:24:55+0800,llvmss_stanford_perm,wasm-aot,1,branch-misses,166276,ok,,wasmer,cranelift
2026-06-03T13:24:55+0800,llvmss_stanford_perm,native,2,r81d0,86039433,ok,,wasmer,cranelift
2026-06-03T13:24:55+0800,llvmss_stanford_perm,native,2,r82d0,57109062,ok,,wasmer,cranelift
2026-06-03T13:24:55+0800,llvmss_stanford_perm,native,2,r00c4,31959316,ok,,wasmer,cranelift
2026-06-03T13:24:55+0800,llvmss_stanford_perm,native,2,r01c4,4380367,ok,,wasmer,cranelift
2026-06-03T13:24:55+0800,llvmss_stanford_perm,native,2,r1c0,218132123,ok,,wasmer,cranelift
2026-06-03T13:24:55+0800,llvmss_stanford_perm,native,2,cpu-cycles,61409562,ok,,wasmer,cranelift
2026-06-03T13:24:55+0800,llvmss_stanford_perm,native,2,L1-icache-load-misses,61569,ok,,wasmer,cranelift
2026-06-03T13:24:55+0800,llvmss_stanford_perm,native,2,branch-misses,36486,ok,,wasmer,cranelift
2026-06-03T13:24:55+0800,llvmss_stanford_perm,wasm-aot,2,r81d0,156523697,ok,,wasmer,cranelift
2026-06-03T13:24:55+0800,llvmss_stanford_perm,wasm-aot,2,r82d0,85456982,ok,,wasmer,cranelift
2026-06-03T13:24:55+0800,llvmss_stanford_perm,wasm-aot,2,r00c4,40869686,ok,,wasmer,cranelift
2026-06-03T13:24:55+0800,llvmss_stanford_perm,wasm-aot,2,r01c4,5576145,ok,,wasmer,cranelift
2026-06-03T13:24:55+0800,llvmss_stanford_perm,wasm-aot,2,r1c0,375998082,ok,,wasmer,cranelift
2026-06-03T13:24:55+0800,llvmss_stanford_perm,wasm-aot,2,cpu-cycles,167241239,ok,,wasmer,cranelift
2026-06-03T13:24:55+0800,llvmss_stanford_perm,wasm-aot,2,L1-icache-load-misses,1413286,ok,,wasmer,cranelift
2026-06-03T13:24:55+0800,llvmss_stanford_perm,wasm-aot,2,branch-misses,167670,ok,,wasmer,cranelift
2026-06-03T13:24:55+0800,llvmss_stanford_perm,native,3,r81d0,86011211,ok,,wasmer,cranelift
2026-06-03T13:24:55+0800,llvmss_stanford_perm,native,3,r82d0,57090471,ok,,wasmer,cranelift
2026-06-03T13:24:55+0800,llvmss_stanford_perm,native,3,r00c4,31937899,ok,,wasmer,cranelift
2026-06-03T13:24:55+0800,llvmss_stanford_perm,native,3,r01c4,4376387,ok,,wasmer,cranelift
2026-06-03T13:24:55+0800,llvmss_stanford_perm,native,3,r1c0,218014198,ok,,wasmer,cranelift
2026-06-03T13:24:55+0800,llvmss_stanford_perm,native,3,cpu-cycles,60562778,ok,,wasmer,cranelift
2026-06-03T13:24:55+0800,llvmss_stanford_perm,native,3,L1-icache-load-misses,56791,ok,,wasmer,cranelift
2026-06-03T13:24:55+0800,llvmss_stanford_perm,native,3,branch-misses,38864,ok,,wasmer,cranelift
2026-06-03T13:24:55+0800,llvmss_stanford_perm,wasm-aot,3,r81d0,156503038,ok,,wasmer,cranelift
2026-06-03T13:24:55+0800,llvmss_stanford_perm,wasm-aot,3,r82d0,85441634,ok,,wasmer,cranelift
2026-06-03T13:24:55+0800,llvmss_stanford_perm,wasm-aot,3,r00c4,40865548,ok,,wasmer,cranelift
2026-06-03T13:24:55+0800,llvmss_stanford_perm,wasm-aot,3,r01c4,5578851,ok,,wasmer,cranelift
2026-06-03T13:24:55+0800,llvmss_stanford_perm,wasm-aot,3,r1c0,375930739,ok,,wasmer,cranelift
2026-06-03T13:24:55+0800,llvmss_stanford_perm,wasm-aot,3,cpu-cycles,178851336,ok,,wasmer,cranelift
2026-06-03T13:24:55+0800,llvmss_stanford_perm,wasm-aot,3,L1-icache-load-misses,1429251,ok,,wasmer,cranelift
2026-06-03T13:24:55+0800,llvmss_stanford_perm,wasm-aot,3,branch-misses,167928,ok,,wasmer,cranelift
2026-06-03T13:24:55+0800,llvmss_stanford_towers,native,1,r81d0,91962582,ok,,wasmer,cranelift
2026-06-03T13:24:55+0800,llvmss_stanford_towers,native,1,r82d0,55079182,ok,,wasmer,cranelift
2026-06-03T13:24:55+0800,llvmss_stanford_towers,native,1,r00c4,32130107,ok,,wasmer,cranelift
2026-06-03T13:24:55+0800,llvmss_stanford_towers,native,1,r01c4,2506835,ok,,wasmer,cranelift
2026-06-03T13:24:55+0800,llvmss_stanford_towers,native,1,r1c0,221397891,ok,,wasmer,cranelift
2026-06-03T13:24:55+0800,llvmss_stanford_towers,native,1,cpu-cycles,79196902,ok,,wasmer,cranelift
2026-06-03T13:24:55+0800,llvmss_stanford_towers,native,1,L1-icache-load-misses,59649,ok,,wasmer,cranelift
2026-06-03T13:24:55+0800,llvmss_stanford_towers,native,1,branch-misses,17082,ok,,wasmer,cranelift
2026-06-03T13:24:55+0800,llvmss_stanford_towers,wasm-aot,1,r81d0,157433200,ok,,wasmer,cranelift
2026-06-03T13:24:55+0800,llvmss_stanford_towers,wasm-aot,1,r82d0,102665140,ok,,wasmer,cranelift
2026-06-03T13:24:55+0800,llvmss_stanford_towers,wasm-aot,1,r00c4,40260846,ok,,wasmer,cranelift
2026-06-03T13:24:55+0800,llvmss_stanford_towers,wasm-aot,1,r01c4,4362778,ok,,wasmer,cranelift
2026-06-03T13:24:55+0800,llvmss_stanford_towers,wasm-aot,1,r1c0,433783825,ok,,wasmer,cranelift
2026-06-03T13:24:55+0800,llvmss_stanford_towers,wasm-aot,1,cpu-cycles,168203133,ok,,wasmer,cranelift
2026-06-03T13:24:55+0800,llvmss_stanford_towers,wasm-aot,1,L1-icache-load-misses,1403978,ok,,wasmer,cranelift
2026-06-03T13:24:55+0800,llvmss_stanford_towers,wasm-aot,1,branch-misses,149525,ok,,wasmer,cranelift
2026-06-03T13:24:56+0800,llvmss_stanford_towers,native,2,r81d0,91961185,ok,,wasmer,cranelift
2026-06-03T13:24:56+0800,llvmss_stanford_towers,native,2,r82d0,55077835,ok,,wasmer,cranelift
2026-06-03T13:24:56+0800,llvmss_stanford_towers,native,2,r00c4,32129435,ok,,wasmer,cranelift
2026-06-03T13:24:56+0800,llvmss_stanford_towers,native,2,r01c4,2506549,ok,,wasmer,cranelift
2026-06-03T13:24:56+0800,llvmss_stanford_towers,native,2,r1c0,221391586,ok,,wasmer,cranelift
2026-06-03T13:24:56+0800,llvmss_stanford_towers,native,2,cpu-cycles,69324763,ok,,wasmer,cranelift
2026-06-03T13:24:56+0800,llvmss_stanford_towers,native,2,L1-icache-load-misses,53856,ok,,wasmer,cranelift
2026-06-03T13:24:56+0800,llvmss_stanford_towers,native,2,branch-misses,16294,ok,,wasmer,cranelift
2026-06-03T13:24:56+0800,llvmss_stanford_towers,wasm-aot,2,r81d0,157370107,ok,,wasmer,cranelift
2026-06-03T13:24:56+0800,llvmss_stanford_towers,wasm-aot,2,r82d0,102621327,ok,,wasmer,cranelift
2026-06-03T13:24:56+0800,llvmss_stanford_towers,wasm-aot,2,r00c4,40213982,ok,,wasmer,cranelift
2026-06-03T13:24:56+0800,llvmss_stanford_towers,wasm-aot,2,r01c4,4353357,ok,,wasmer,cranelift
2026-06-03T13:24:56+0800,llvmss_stanford_towers,wasm-aot,2,r1c0,433519131,ok,,wasmer,cranelift
2026-06-03T13:24:56+0800,llvmss_stanford_towers,wasm-aot,2,cpu-cycles,170405756,ok,,wasmer,cranelift
2026-06-03T13:24:56+0800,llvmss_stanford_towers,wasm-aot,2,L1-icache-load-misses,1388714,ok,,wasmer,cranelift
2026-06-03T13:24:56+0800,llvmss_stanford_towers,wasm-aot,2,branch-misses,149014,ok,,wasmer,cranelift
2026-06-03T13:24:56+0800,llvmss_stanford_towers,native,3,r81d0,91987240,ok,,wasmer,cranelift
2026-06-03T13:24:56+0800,llvmss_stanford_towers,native,3,r82d0,55093794,ok,,wasmer,cranelift
2026-06-03T13:24:56+0800,llvmss_stanford_towers,native,3,r00c4,32148890,ok,,wasmer,cranelift
2026-06-03T13:24:56+0800,llvmss_stanford_towers,native,3,r01c4,2510545,ok,,wasmer,cranelift
2026-06-03T13:24:56+0800,llvmss_stanford_towers,native,3,r1c0,221499906,ok,,wasmer,cranelift
2026-06-03T13:24:56+0800,llvmss_stanford_towers,native,3,cpu-cycles,68815278,ok,,wasmer,cranelift
2026-06-03T13:24:56+0800,llvmss_stanford_towers,native,3,L1-icache-load-misses,61005,ok,,wasmer,cranelift
2026-06-03T13:24:56+0800,llvmss_stanford_towers,native,3,branch-misses,18104,ok,,wasmer,cranelift
2026-06-03T13:24:56+0800,llvmss_stanford_towers,wasm-aot,3,r81d0,157525862,ok,,wasmer,cranelift
2026-06-03T13:24:56+0800,llvmss_stanford_towers,wasm-aot,3,r82d0,102746991,ok,,wasmer,cranelift
2026-06-03T13:24:56+0800,llvmss_stanford_towers,wasm-aot,3,r00c4,40337834,ok,,wasmer,cranelift
2026-06-03T13:24:56+0800,llvmss_stanford_towers,wasm-aot,3,r01c4,4387250,ok,,wasmer,cranelift
2026-06-03T13:24:56+0800,llvmss_stanford_towers,wasm-aot,3,r1c0,434200959,ok,,wasmer,cranelift
2026-06-03T13:24:56+0800,llvmss_stanford_towers,wasm-aot,3,cpu-cycles,172073859,ok,,wasmer,cranelift
2026-06-03T13:24:56+0800,llvmss_stanford_towers,wasm-aot,3,L1-icache-load-misses,1429263,ok,,wasmer,cranelift
2026-06-03T13:24:56+0800,llvmss_stanford_towers,wasm-aot,3,branch-misses,151891,ok,,wasmer,cranelift
2026-06-03T13:24:56+0800,llvmss_stanford_queens,native,1,r81d0,71472315,ok,,wasmer,cranelift
2026-06-03T13:24:56+0800,llvmss_stanford_queens,native,1,r82d0,28585911,ok,,wasmer,cranelift
2026-06-03T13:24:56+0800,llvmss_stanford_queens,native,1,r00c4,26382760,ok,,wasmer,cranelift
2026-06-03T13:24:56+0800,llvmss_stanford_queens,native,1,r01c4,8499829,ok,,wasmer,cranelift
2026-06-03T13:24:56+0800,llvmss_stanford_queens,native,1,r1c0,154841212,ok,,wasmer,cranelift
2026-06-03T13:24:56+0800,llvmss_stanford_queens,native,1,cpu-cycles,54490618,ok,,wasmer,cranelift
2026-06-03T13:24:56+0800,llvmss_stanford_queens,native,1,L1-icache-load-misses,53518,ok,,wasmer,cranelift
2026-06-03T13:24:56+0800,llvmss_stanford_queens,native,1,branch-misses,14549,ok,,wasmer,cranelift
2026-06-03T13:24:56+0800,llvmss_stanford_queens,wasm-aot,1,r81d0,100275193,ok,,wasmer,cranelift
2026-06-03T13:24:56+0800,llvmss_stanford_queens,wasm-aot,1,r82d0,28785038,ok,,wasmer,cranelift
2026-06-03T13:24:56+0800,llvmss_stanford_queens,wasm-aot,1,r00c4,28958000,ok,,wasmer,cranelift
2026-06-03T13:24:56+0800,llvmss_stanford_queens,wasm-aot,1,r01c4,6571368,ok,,wasmer,cranelift
2026-06-03T13:24:56+0800,llvmss_stanford_queens,wasm-aot,1,r1c0,243797434,ok,,wasmer,cranelift
2026-06-03T13:24:56+0800,llvmss_stanford_queens,wasm-aot,1,cpu-cycles,115567211,ok,,wasmer,cranelift
2026-06-03T13:24:56+0800,llvmss_stanford_queens,wasm-aot,1,L1-icache-load-misses,1388149,ok,,wasmer,cranelift
2026-06-03T13:24:56+0800,llvmss_stanford_queens,wasm-aot,1,branch-misses,146632,ok,,wasmer,cranelift
2026-06-03T13:24:56+0800,llvmss_stanford_queens,native,2,r81d0,71494910,ok,,wasmer,cranelift
2026-06-03T13:24:56+0800,llvmss_stanford_queens,native,2,r82d0,28599682,ok,,wasmer,cranelift
2026-06-03T13:24:56+0800,llvmss_stanford_queens,native,2,r00c4,26399313,ok,,wasmer,cranelift
2026-06-03T13:24:56+0800,llvmss_stanford_queens,native,2,r01c4,8503116,ok,,wasmer,cranelift
2026-06-03T13:24:56+0800,llvmss_stanford_queens,native,2,r1c0,154935751,ok,,wasmer,cranelift
2026-06-03T13:24:56+0800,llvmss_stanford_queens,native,2,cpu-cycles,54273258,ok,,wasmer,cranelift
2026-06-03T13:24:56+0800,llvmss_stanford_queens,native,2,L1-icache-load-misses,53469,ok,,wasmer,cranelift
2026-06-03T13:24:56+0800,llvmss_stanford_queens,native,2,branch-misses,11118,ok,,wasmer,cranelift
2026-06-03T13:24:56+0800,llvmss_stanford_queens,wasm-aot,2,r81d0,100320052,ok,,wasmer,cranelift
2026-06-03T13:24:56+0800,llvmss_stanford_queens,wasm-aot,2,r82d0,28802839,ok,,wasmer,cranelift
2026-06-03T13:24:56+0800,llvmss_stanford_queens,wasm-aot,2,r00c4,28995409,ok,,wasmer,cranelift
2026-06-03T13:24:56+0800,llvmss_stanford_queens,wasm-aot,2,r01c4,6580795,ok,,wasmer,cranelift
2026-06-03T13:24:56+0800,llvmss_stanford_queens,wasm-aot,2,r1c0,243951409,ok,,wasmer,cranelift
2026-06-03T13:24:56+0800,llvmss_stanford_queens,wasm-aot,2,cpu-cycles,111645981,ok,,wasmer,cranelift
2026-06-03T13:24:56+0800,llvmss_stanford_queens,wasm-aot,2,L1-icache-load-misses,1437858,ok,,wasmer,cranelift
2026-06-03T13:24:56+0800,llvmss_stanford_queens,wasm-aot,2,branch-misses,153294,ok,,wasmer,cranelift
2026-06-03T13:24:56+0800,llvmss_stanford_queens,native,3,r81d0,71481819,ok,,wasmer,cranelift
2026-06-03T13:24:56+0800,llvmss_stanford_queens,native,3,r82d0,28591578,ok,,wasmer,cranelift
2026-06-03T13:24:56+0800,llvmss_stanford_queens,native,3,r00c4,26390332,ok,,wasmer,cranelift
2026-06-03T13:24:56+0800,llvmss_stanford_queens,native,3,r01c4,8501280,ok,,wasmer,cranelift
2026-06-03T13:24:56+0800,llvmss_stanford_queens,native,3,r1c0,154880162,ok,,wasmer,cranelift
2026-06-03T13:24:56+0800,llvmss_stanford_queens,native,3,cpu-cycles,54312827,ok,,wasmer,cranelift
2026-06-03T13:24:56+0800,llvmss_stanford_queens,native,3,L1-icache-load-misses,52467,ok,,wasmer,cranelift
2026-06-03T13:24:56+0800,llvmss_stanford_queens,native,3,branch-misses,8943,ok,,wasmer,cranelift
2026-06-03T13:24:56+0800,llvmss_stanford_queens,wasm-aot,3,r81d0,100258596,ok,,wasmer,cranelift
2026-06-03T13:24:56+0800,llvmss_stanford_queens,wasm-aot,3,r82d0,28771751,ok,,wasmer,cranelift
2026-06-03T13:24:56+0800,llvmss_stanford_queens,wasm-aot,3,r00c4,28946372,ok,,wasmer,cranelift
2026-06-03T13:24:56+0800,llvmss_stanford_queens,wasm-aot,3,r01c4,6571087,ok,,wasmer,cranelift
2026-06-03T13:24:56+0800,llvmss_stanford_queens,wasm-aot,3,r1c0,243712626,ok,,wasmer,cranelift
2026-06-03T13:24:56+0800,llvmss_stanford_queens,wasm-aot,3,cpu-cycles,112741026,ok,,wasmer,cranelift
2026-06-03T13:24:56+0800,llvmss_stanford_queens,wasm-aot,3,L1-icache-load-misses,1412954,ok,,wasmer,cranelift
2026-06-03T13:24:56+0800,llvmss_stanford_queens,wasm-aot,3,branch-misses,145467,ok,,wasmer,cranelift
