static_feature,perf_ratio,wasmtime_spearman_rho,wasmtime_p_value,wasmtime_fdr_q,wasmtime_fdr_sig_0.10,wasmer_spearman_rho,wasmer_p_value,wasmer_fdr_q,wasmer_fdr_sig_0.10,max_abs_rho
basic_block_count,ratio_all_stores_retired_over_native,-0.5818579806884322,6.0630801352817774e-06,0.0006073899487602,True,-0.6439596329409776,2.600638771992156e-07,3.167569761693924e-05,True,0.6439596329409776
branch_instr_count,ratio_all_stores_retired_over_native,-0.579981889335414,6.6020646604379245e-06,0.0006073899487602,True,-0.6353008376678994,4.207454727384221e-07,3.167569761693924e-05,True,0.6353008376678994
cfg_edge_count,ratio_all_stores_retired_over_native,-0.567249192422929,1.160799040243324e-05,0.0007119567446825,True,-0.6266538242544083,6.703842366842615e-07,3.167569761693924e-05,True,0.6266538242544083
avg_bb_size,ratio_L1_icache_load_misses_over_native,-0.4752915779856422,0.0003699450301817,0.0042476771796591,True,-0.626147963090359,6.886021221073748e-07,3.167569761693924e-05,True,0.626147963090359
function_count,ratio_all_stores_retired_over_native,-0.5276456147233948,5.830252481976811e-05,0.0010991292021428,True,-0.603323870221571,2.2008808814938308e-06,8.099241643897297e-05,True,0.603323870221571
function_count,ratio_L1_icache_load_misses_over_native,0.4437338453168522,0.0009843882757442,0.0069664401052672,True,0.597630482944509,2.900251964515384e-06,8.186893408381293e-05,True,0.597630482944509
function_count,ratio_cpu_cycles_over_native,0.5201128254029744,7.750455256624245e-05,0.001188403139349,True,0.5961414431951236,3.1145790140581006e-06,8.186893408381293e-05,True,0.5961414431951236
branch_density,ratio_all_stores_retired_over_native,-0.5535387177115316,2.077472728199552e-05,0.0009359662943885,True,-0.5820698800133296,6.0048386246032365e-06,0.0001381112883658,True,0.5820698800133296
call_to_bb_ratio,ratio_L1_icache_load_misses_over_native,-0.3757530146295595,0.0060490158225562,0.0241960632902248,True,-0.5719169349545864,9.464512980616362e-06,0.0001934967098259,True,0.5719169349545864
loop_count,ratio_L1_icache_load_misses_over_native,0.4277738913221394,0.0015599829781495,0.0092592538057906,True,0.5647762119182023,1.291768865792221e-05,0.0002376854713057,True,0.5647762119182023
store_count,ratio_all_stores_retired_over_native,-0.4939664635681217,0.0001979979567985,0.0028024326193022,True,-0.5586895326939239,1.674487047365908e-05,0.0002569213354263,True,0.5586895326939239
memory_access_density,ratio_instructions_retired_over_native,-0.5292837484379539,5.475333898963504e-05,0.0010991292021428,True,-0.5586741615876966,1.6755739266935433e-05,0.0002569213354263,True,0.5586741615876966
memory_access_density,ratio_branches_retired_over_native,-0.5430391452900137,3.18945185544707e-05,0.0009359662943885,True,-0.4722971043365632,0.0004076080789459,0.0023502081820345,True,0.5430391452900137
branch_instr_count,ratio_all_loads_retired_over_native,-0.5429580790878102,3.1998483520543226e-05,0.0009359662943885,True,-0.5228420978759974,6.996276104003436e-05,0.0008045717519603,True,0.5429580790878102
basic_block_count,ratio_all_loads_retired_over_native,-0.540284374597145,3.560741337347744e-05,0.0009359662943885,True,-0.5276915395570454,5.820021319074085e-05,0.0007281827737416,True,0.540284374597145
ir_instruction_count,ratio_all_stores_retired_over_native,-0.4732369140593747,0.0003954298324127,0.0042476771796591,True,-0.5304798699033505,5.228833965934783e-05,0.0007281827737416,True,0.5304798699033505
basic_block_count,ratio_L1_icache_load_misses_over_native,0.3089557199564133,0.025841434817704,0.0594353000807192,True,0.5271740257882742,5.936272612023954e-05,0.0007281827737416,True,0.5271740257882742
cfg_edge_count,ratio_all_loads_retired_over_native,-0.5270101425399999,5.973528272515406e-05,0.0010991292021428,True,-0.51382838481973,9.778493049598218e-05,0.0009761541955357,True,0.5270101425399999
branch_density,ratio_all_loads_retired_over_native,-0.5209072686118703,7.523583709626863e-05,0.001188403139349,True,-0.4611114194763654,0.0005809928574229,0.0029695190490504,True,0.5209072686118703
loop_count,ratio_instructions_retired_over_native,0.4618290020853966,0.0005681362931263,0.0049535753924452,True,0.5139541716209944,9.733539550306577e-05,0.0009761541955357,True,0.5139541716209944
loop_count,ratio_cpu_cycles_over_native,0.4503614647875651,0.0008077014532754,0.0064616116262034,True,0.5129985435128418,0.0001007985310607,0.0009761541955357,True,0.5129985435128418
call_to_bb_ratio,ratio_all_stores_retired_over_native,0.4735786630494881,0.000391083729504,0.0042476771796591,True,0.5083516227935151,0.0001193017297903,0.001097575914071,True,0.5083516227935151
ir_instruction_count,ratio_all_loads_retired_over_native,-0.4716990436038649,0.0004155336371405,0.0042476771796591,True,-0.503823448674514,0.000140268755476,0.0011100993511369,True,0.503823448674514
branch_density,ratio_branch_misses_over_native,-0.4722163628872449,0.000408670019893,0.0042476771796591,True,-0.5022851327382416,0.0001481237541908,0.0011100993511369,True,0.5022851327382416
branch_density,ratio_L1_icache_load_misses_over_native,0.2132149134888862,0.1291025863217716,0.2013125074847965,False,0.5021142874549973,0.0001490204494584,0.0011100993511369,True,0.5021142874549973
cfg_edge_count,ratio_L1_icache_load_misses_over_native,0.283667957256597,0.0415594776161258,0.0840323503446939,True,0.5019474584534341,0.0001499008421292,0.0011100993511369,True,0.5019474584534341
avg_bb_size,ratio_conditional_branches_over_native,-0.4445394270016682,0.0009612035137631,0.0069664401052672,True,-0.5017725968885087,0.000150828716187,0.0011100993511369,True,0.5017725968885087
ir_instruction_count,ratio_cpu_cycles_over_native,0.4416251324738956,0.0010474720176636,0.0070934208372657,True,0.4980991530901164,0.0001715736662838,0.0012142136383163,True,0.4980991530901164
branch_instr_count,ratio_L1_icache_load_misses_over_native,0.2764213280312901,0.0472910055590316,0.0915952107669664,True,0.4952693305253229,0.0001892926954903,0.0012899946655641,True,0.4952693305253229
compute_instr_count,ratio_cpu_cycles_over_native,0.4604934041062609,0.0005922753186619,0.0049535753924452,True,0.4790396306636215,0.0003272578030363,0.002150551277096,True,0.4790396306636215
avg_bb_size,ratio_cpu_cycles_over_native,-0.359458475946007,0.0088655490889905,0.0294892122360778,True,-0.4771708761013296,0.0003479484716571,0.0022076730615486,True,0.4771708761013296
hostcall_count,ratio_instructions_retired_over_native,-0.4465445286107992,0.0009056104631764,0.0069430135510192,True,-0.4749801471779962,0.000373709560187,0.0022920853024804,True,0.4749801471779962
hostcall_density,ratio_instructions_retired_over_native,-0.4353027761567999,0.0012589178404278,0.0079876166427148,True,-0.4722116670890349,0.0004087318577451,0.0023502081820345,True,0.4722116670890349
function_count,ratio_instructions_retired_over_native,0.4221865642375105,0.0018233485435469,0.0104842541253947,True,0.4687847493359244,0.0004561868640339,0.0025435873630984,True,0.4687847493359244
max_loop_depth,ratio_L1_icache_load_misses_over_native,0.3290356356743106,0.0172296755518353,0.0446515535427845,True,0.4677356516286592,0.0004716799142601,0.0025526207124666,True,0.4677356516286592
function_count,ratio_all_loads_retired_over_native,-0.4672081190130458,0.0004796488928186,0.0046450208567705,True,-0.4593249673986525,0.0006141478553266,0.0030541406859487,True,0.4672081190130458
alloc_call_count,ratio_all_stores_retired_over_native,-0.4158712347948304,0.0021681092503684,0.0117332971196409,True,-0.4660466687486109,0.0004976245184565,0.0026160831827429,True,0.4660466687486109
compute_density,ratio_branches_retired_over_native,0.4653825515574729,0.0005081744434062,0.0046752048793377,True,0.3379319702572251,0.0142784976355614,0.0324351057400408,True,0.4653825515574729
load_store_ratio,ratio_conditional_branches_over_native,-0.3139403799145359,0.0234232429248887,0.0556497481728028,True,-0.4543243951159705,0.0007162217163537,0.0034680209423446,True,0.4543243951159705
memory_access_density,ratio_cpu_cycles_over_native,-0.4405998855035558,0.0010794336056708,0.0070934208372657,True,-0.4483746750286331,0.0008574079666716,0.0040452068171174,True,0.4483746750286331
basic_block_count,ratio_cpu_cycles_over_native,0.3415590873889996,0.0132057737557416,0.0368160965311585,True,0.4460968686807843,0.0009177654245418,0.0042217209528925,True,0.4460968686807843
call_to_bb_ratio,ratio_branch_misses_over_native,0.3837841158972218,0.0049747514779679,0.020991196081591,True,0.444102812652217,0.0009737077604002,0.004369810436918,True,0.444102812652217
ir_instruction_count,ratio_instructions_retired_over_native,0.4301765413051005,0.0014575797725994,0.0089398226052763,True,0.4404290110084991,0.0010848447256084,0.0047526530836179,True,0.4404290110084991
avg_bb_size,ratio_all_stores_retired_over_native,0.3934566873116226,0.0039058186828513,0.0195635105561445,True,0.4395849137875836,0.0011119333642131,0.0047580404422144,True,0.4395849137875836
call_to_bb_ratio,ratio_conditional_branches_over_native,-0.3758384518770878,0.0060365982238244,0.0241960632902248,True,-0.4372678328499512,0.0011894360116167,0.0049740051394883,True,0.4372678328499512
compute_instr_count,ratio_all_stores_retired_over_native,-0.3575062934997197,0.0092692859878457,0.0299219056449757,True,-0.4350243925205769,0.0012690494050077,0.0051890020115873,True,0.4350243925205769
avg_bb_size,ratio_instructions_retired_over_native,-0.3444240910205085,0.0124079963774322,0.0362089851976146,True,-0.4318968760415901,0.0013879913174763,0.0055519652699054,True,0.4318968760415901
memory_instr_count,ratio_all_loads_retired_over_native,-0.3859083883005317,0.0047202198467063,0.020991196081591,True,-0.4240460220656629,0.001731608056244,0.0067790613265722,True,0.4240460220656629
basic_block_count,ratio_instructions_retired_over_native,0.3670897666483794,0.0074298696586563,0.0267473514969947,True,0.4167710884504157,0.0021156901472274,0.0081101455643718,True,0.4167710884504157
compute_to_memory_ratio,ratio_branches_retired_over_native,0.4159939582153991,0.0021608929516844,0.0117332971196409,True,0.2925371355369741,0.0353335818685067,0.0656704955939923,True,0.4159939582153991
call_to_bb_ratio,ratio_instructions_retired_over_native,-0.3503781521136479,0.0108815184800368,0.0339355830563861,True,-0.4101842253834732,0.0025269176934056,0.0094888337874825,True,0.4101842253834732
compute_instr_count,ratio_instructions_retired_over_native,0.3921202186413373,0.0040402902235516,0.0195635105561445,True,0.4061367216616466,0.002813419713315,0.0100741532536862,True,0.4061367216616466
branch_instr_count,ratio_cpu_cycles_over_native,0.2988783932634433,0.0313726385236872,0.0666979423143266,True,0.4057011900434149,0.0028458999046302,0.0100741532536862,True,0.4057011900434149
cfg_edge_count,ratio_cpu_cycles_over_native,0.3065625890865393,0.0270747693589079,0.0607531410004764,True,0.4056859382593581,0.0028470433108243,0.0100741532536862,True,0.4056859382593581
branch_instr_count,ratio_branch_misses_over_native,-0.3704115161071742,0.006871017843507,0.0257279112519323,True,-0.4040537605476199,0.0029717806437228,0.0103171252536793,True,0.4040537605476199
cfg_edge_count,ratio_instructions_retired_over_native,0.3562543468083461,0.0095364935350175,0.0302537036283315,True,0.4020436104682309,0.003132029564263,0.0106721007374888,True,0.4020436104682309
call_to_bb_ratio,ratio_all_loads_retired_over_native,0.4009570026504144,0.0032217946091685,0.016937434516772,True,0.3454227917570052,0.0121398047845843,0.0290094036410846,True,0.4009570026504144
hostcall_density,ratio_cpu_cycles_over_native,-0.3372208159942863,0.014497337029694,0.0392280884332898,True,-0.3998463184325463,0.0033158897490612,0.0110931584332231,True,0.3998463184325463
call_to_bb_ratio,ratio_cpu_cycles_over_native,-0.3096245850426384,0.0255052708921506,0.0594046815715914,True,-0.3971123265116399,0.0035579195840648,0.0116437798032195,True,0.3971123265116399
basic_block_count,ratio_branch_misses_over_native,-0.3696773354922354,0.0069912802315033,0.0257279112519323,True,-0.3962430422891577,0.0036380717841339,0.0116437798032195,True,0.3962430422891577
avg_bb_out_degree,ratio_L1_icache_load_misses_over_native,0.1447313506663488,0.3059749156643331,0.4050315430376784,False,0.3958980331099769,0.0036703218944931,0.0116437798032195,True,0.3958980331099769
cfg_edge_count,ratio_branch_misses_over_native,-0.3636257244808655,0.0080543528107997,0.027447513796505,True,-0.394151900254122,0.0038374390164891,0.0119676064243052,True,0.394151900254122
compute_instr_count,ratio_branches_retired_over_native,0.3922056851231684,0.0040315704870562,0.0195635105561445,True,0.1814453409275412,0.1979790298066103,0.2780774159115748,False,0.3922056851231684
memory_instr_count,ratio_all_stores_retired_over_native,-0.3865069610277871,0.0046505945093543,0.020991196081591,True,-0.3895853350536722,0.0043065724271046,0.0130874682147459,True,0.3895853350536722
loop_count,ratio_all_stores_retired_over_native,-0.3459373751512508,0.0120035731330704,0.0360019771304149,True,-0.3892881411483563,0.0043387802233668,0.0130874682147459,True,0.3892881411483563
load_count,ratio_all_loads_retired_over_native,-0.3698515204404737,0.0069625832874639,0.0257279112519323,True,-0.3878179371169714,0.004501244379354,0.01335853170647,True,0.3878179371169714
hostcall_count,ratio_branches_retired_over_native,-0.3860749570280867,0.0047007534945741,0.020991196081591,True,-0.3866015425571089,0.0046396757625395,0.0135507990524965,True,0.3866015425571089
branch_instr_count,ratio_instructions_retired_over_native,0.3344281876463884,0.0153846524136326,0.0410257397696869,True,0.3843713134136478,0.0049032172574775,0.0140967496152479,True,0.3843713134136478
loop_count,ratio_branches_retired_over_native,0.3838149983471186,0.0049709666152679,0.020991196081591,True,0.2533283239430053,0.0699778709565013,0.1139462677521792,False,0.3838149983471186
store_count,ratio_all_loads_retired_over_native,-0.3834194615012517,0.0050196338455978,0.020991196081591,True,-0.3826427846717421,0.0051164133437013,0.0143949925914012,True,0.3834194615012517
basic_block_count,ratio_conditional_branches_over_native,0.2397813795306613,0.0868722890460134,0.1480046405969118,False,0.382270170532335,0.0051634212556113,0.0143949925914012,True,0.382270170532335
function_count,ratio_conditional_branches_over_native,0.2145969050584856,0.1265814832749014,0.1990683155776227,False,0.381194175842665,0.0053012958806755,0.014558782717079,True,0.381194175842665
memory_access_density,ratio_L1_icache_load_misses_over_native,-0.3708830915204451,0.0067947253475507,0.0257279112519323,True,-0.3789141927881074,0.00560413918243,0.0151641413171635,True,0.3789141927881074
compute_instr_count,ratio_L1_icache_load_misses_over_native,0.2613565014396707,0.0612718680338606,0.1127402371823035,False,0.378189182102859,0.0057035595411767,0.0152094921098045,True,0.378189182102859
store_count,ratio_L1_icache_load_misses_over_native,0.2449120935720352,0.0801332698473818,0.137799267774937,False,0.3768608571631704,0.0058897182846073,0.0154815452052536,True,0.3768608571631704
store_count,ratio_cpu_cycles_over_native,0.2568211382911828,0.0660763926267227,0.1203767944882869,False,0.3717693090586073,0.0066533458790279,0.01724247382734,True,0.3717693090586073
cfg_edge_count,ratio_conditional_branches_over_native,0.2308542042852525,0.0996462165585615,0.1628929349495146,False,0.3708236579728549,0.0068042998112835,0.0173887661843911,True,0.3708236579728549
ir_instruction_count,ratio_L1_icache_load_misses_over_native,0.2305951310789407,0.1000375089635605,0.1628929349495146,False,0.3672947271242557,0.0073942772648564,0.0186376303662136,True,0.3672947271242557
loop_count,ratio_all_loads_retired_over_native,-0.3663530665526933,0.0075590341187158,0.0267473514969947,True,-0.3107528857147223,0.0249465141326975,0.0488314744725142,True,0.3663530665526933
memory_access_density,ratio_conditional_branches_over_native,-0.3636209254805378,0.0080552486141917,0.027447513796505,True,-0.3318382694000021,0.016248573396578,0.0360209337948235,True,0.3636209254805378
branch_instr_count,ratio_conditional_branches_over_native,0.2178075207072148,0.1208681496904349,0.191721892612414,False,0.3610471800258131,0.0085483121107915,0.021255262545752,True,0.3610471800258131
hostcall_density,ratio_all_loads_retired_over_native,0.3589218768664801,0.0089749776370671,0.0294892122360778,True,0.3425179253410423,0.0129340206762811,0.0297482475554465,True,0.3589218768664801
load_store_ratio,ratio_L1_icache_load_misses_over_native,-0.3324929568321433,0.0160263766887999,0.0421264758677026,True,-0.3583126721736983,0.0091006282184768,0.0223268745626632,True,0.3583126721736983
hostcall_density,ratio_branches_retired_over_native,-0.3492674678957798,0.0111533217984543,0.0342035201819267,True,-0.2800632973978391,0.0443347884633304,0.0784384718966616,True,0.3492674678957798
hostcall_count,ratio_cpu_cycles_over_native,-0.3135816825327015,0.0235906541167316,0.0556497481728028,True,-0.3477219776643055,0.0115412444976646,0.027941960362767,True,0.3477219776643055
compute_instr_count,ratio_all_loads_retired_over_native,-0.3454555195615268,0.0121311009895963,0.0360019771304149,True,-0.3373362037875672,0.014461635754417,0.0324504997416187,True,0.3454555195615268
hostcall_density,ratio_L1_icache_load_misses_over_native,-0.2229057788013917,0.1122006556473738,0.1795210490357981,False,-0.3438849213014954,0.0125548884178508,0.0296166598574944,True,0.3438849213014954
avg_bb_size,ratio_all_loads_retired_over_native,0.3437407098875314,0.0125944296339529,0.0362089851976146,True,0.279161192821186,0.0450525594078051,0.078949246962249,True,0.3437407098875314
max_loop_depth,ratio_cpu_cycles_over_native,0.3235705535239355,0.0192882025660564,0.0486168393445806,True,0.3428867921588822,0.0128307616973293,0.0297482475554465,True,0.3428867921588822
call_instr_count,ratio_conditional_branches_over_native,-0.3422394718948495,0.0130124410493805,0.0368160965311585,True,-0.2817939793568383,0.0429839432673063,0.0767868501085861,True,0.3422394718948495
max_loop_depth,ratio_branches_retired_over_native,0.3403427021923282,0.0135575510354868,0.0372326774705907,True,0.3108501036911658,0.024898854524834,0.0488314744725142,True,0.3403427021923282
avg_bb_out_degree,ratio_all_stores_retired_over_native,-0.2972254078642659,0.0323677260161851,0.0676779725792962,True,-0.3284487385801289,0.0174413844388704,0.0382049373422877,True,0.3284487385801289
memory_access_density,ratio_branch_misses_over_native,-0.3259430993205479,0.018370281452042,0.0469462748218851,True,-0.314836257141866,0.0230094806000296,0.0475701621393871,True,0.3259430993205479
hostcall_density,ratio_all_stores_retired_over_native,0.3162032531023191,0.0223900005106029,0.0549301345860126,True,0.3220129859342451,0.0199117075812226,0.043051172647329,True,0.3220129859342451
max_loop_depth,ratio_instructions_retired_over_native,0.2657160631734124,0.0569219859496533,0.1057943981286485,False,0.3214975913289656,0.0201217437373385,0.043051172647329,True,0.3214975913289656
avg_bb_size,ratio_branch_misses_over_native,0.3191389891003521,0.0211070079788809,0.05248229010965,True,0.315038702302489,0.0229168384150739,0.0475701621393871,True,0.3191389891003521
compute_to_memory_ratio,ratio_L1_icache_load_misses_over_native,0.1867658230969115,0.1849231628294713,0.2812054707489481,False,0.315092568884451,0.0228922411730724,0.0475701621393871,True,0.315092568884451
compute_density,ratio_branch_misses_over_native,0.3138427853197788,0.0234686929580572,0.0556497481728028,True,0.215948438020795,0.1241520629901388,0.1895845493850102,False,0.3138427853197788
compute_to_memory_ratio,ratio_instructions_retired_over_native,0.2986031801114849,0.0315365270725348,0.0666979423143266,True,0.3136401356764696,0.0235633044224121,0.0481738668191537,True,0.3136401356764696
function_count,ratio_branch_misses_over_native,-0.2778372991206189,0.0461231069464928,0.0902835284910072,True,-0.3126107567974429,0.0240488617921353,0.0482952548307491,True,0.3126107567974429
loop_count,ratio_conditional_branches_over_native,0.1737505651186594,0.2179972538308906,0.3158385409833376,False,0.3124035160833496,0.0241476274153745,0.0482952548307491,True,0.3124035160833496
alloc_call_count,ratio_branch_misses_over_native,-0.3072090986863366,0.0267368225312009,0.0607354980955675,True,-0.2850457168171821,0.0405371122762648,0.0731257711650268,True,0.3072090986863366
compute_density,ratio_cpu_cycles_over_native,0.3039337588916094,0.0284859672735272,0.0631496141967351,True,0.2590014493983586,0.0637304229097956,0.1085777575500222,False,0.3039337588916094
branch_density,ratio_conditional_branches_over_native,0.2461880531550361,0.0785230236374251,0.1374901357996157,False,0.303079532475388,0.0289575465714436,0.0560861954646908,True,0.303079532475388
compute_to_memory_ratio,ratio_cpu_cycles_over_native,0.3021061072601461,0.0295028545908723,0.064625300532387,True,0.2725448196153467,0.0506121836133993,0.0878551111779761,True,0.3021061072601461
memory_instr_count,ratio_cpu_cycles_over_native,0.2494338064862954,0.0745418773723073,0.131881783043313,False,0.299628405186143,0.0309296010417348,0.0592817353299917,True,0.299628405186143
load_count,ratio_all_stores_retired_over_native,-0.2988413973857448,0.0313946281511437,0.0666979423143266,True,-0.2885748735706032,0.0380122847883771,0.0699426040106139,True,0.2988413973857448
call_instr_count,ratio_L1_icache_load_misses_over_native,-0.2323774380739947,0.097369484715495,0.1614052719608205,False,-0.2954732987430926,0.0334509653604972,0.0634533775910462,True,0.2954732987430926
avg_bb_out_degree,ratio_instructions_retired_over_native,0.2735922790903805,0.0496966385839041,0.0952518906191496,True,0.2929127931245058,0.0350879337143887,0.0656704955939923,True,0.2929127931245058
ir_instruction_count,ratio_branches_retired_over_native,0.2908283905864076,0.0364689802137645,0.0753965433632884,True,0.0936392232910407,0.5090737262082004,0.616247142252032,False,0.2908283905864076
avg_bb_out_degree,ratio_branch_misses_over_native,-0.2860126095408896,0.039832047025112,0.0814344072513401,True,-0.2573768476688826,0.0654720095121798,0.1096417107802624,False,0.2860126095408896
load_store_ratio,ratio_all_stores_retired_over_native,0.1850982904452533,0.1889468182801098,0.2849689718322968,False,0.2851283134572379,0.0404764842500168,0.0731257711650268,True,0.2851283134572379
avg_bb_out_degree,ratio_all_loads_retired_over_native,-0.2816999948011295,0.0430564243269448,0.0861128486538897,True,-0.2327086913574548,0.0968797499791919,0.1510667287811128,False,0.2816999948011295
store_count,ratio_branch_misses_over_native,-0.2810707148569832,0.043544310383071,0.0861521839837104,True,-0.206250846947556,0.1423853174418797,0.2129991740593973,False,0.2810707148569832
function_count,ratio_branches_retired_over_native,0.2698665569327323,0.0530155721465181,0.1005656213913333,False,0.0704228210885805,0.6198251908005423,0.7130727014192944,False,0.2698665569327323
load_store_ratio,ratio_branch_misses_over_native,0.2685421387014045,0.0542377749978511,0.1018341897918838,False,0.202026448185743,0.1509235639301313,0.2221594861051533,False,0.2685421387014045
ir_instruction_count,ratio_conditional_branches_over_native,0.1126062922423282,0.4267246666051514,0.5234489243689857,False,0.2609253539514949,0.0617161774677574,0.1061287537763304,False,0.2609253539514949
compute_density,ratio_L1_icache_load_misses_over_native,0.178362475707049,0.2058365595589945,0.3054348948294758,False,0.2567804607161827,0.0661208075753534,0.1096417107802624,False,0.2567804607161827
alloc_call_count,ratio_all_loads_retired_over_native,-0.2234807671806416,0.1112537499847577,0.1795210490357981,False,-0.2567258399843735,0.0661804842600028,0.1096417107802624,False,0.2567258399843735
store_count,ratio_conditional_branches_over_native,0.0421994410700229,0.7664363607681359,0.8344632566943019,False,0.2562170563126753,0.0667384326488553,0.1096417107802624,False,0.2562170563126753
hostcall_count,ratio_L1_icache_load_misses_over_native,-0.255920567104774,0.0670653000205977,0.1209805412136273,False,-0.2217802719731701,0.1140719907642903,0.1763802210136926,False,0.255920567104774
compute_density,ratio_instructions_retired_over_native,0.2496049588199221,0.0743364699760378,0.131881783043313,False,0.2434545286231273,0.0820044076985082,0.130075957039013,False,0.2496049588199221
alloc_call_count,ratio_conditional_branches_over_native,-0.2456441490497962,0.0792062738845612,0.1374901357996157,False,-0.0363233202855588,0.7982224757715577,0.8539124159416663,False,0.2456441490497962
branch_density,ratio_cpu_cycles_over_native,0.1284756529997135,0.3640369887405428,0.4587863419743827,False,0.2444796003225931,0.0806849357203072,0.130075957039013,False,0.2444796003225931
branch_density,ratio_instructions_retired_over_native,0.1679409134291468,0.2340170060853472,0.3300534846046867,False,0.2437962191896159,0.0815627116168012,0.130075957039013,False,0.2437962191896159
compute_instr_count,ratio_conditional_branches_over_native,0.0566642774540555,0.6898933385626338,0.7740266725336867,False,0.2380241518997655,0.0892796633725888,0.1404056244491995,False,0.2380241518997655
compute_to_memory_ratio,ratio_branch_misses_over_native,0.2349524307028851,0.0936126518958501,0.1580250270535451,False,0.1639540780068496,0.2454674829093434,0.3296789551483152,False,0.2349524307028851
hostcall_count,ratio_branch_misses_over_native,-0.23389173914068,0.0951462744803784,0.159153768221724,False,-0.1078622691947075,0.4465837495007639,0.5589891830485753,False,0.23389173914068
store_count,ratio_instructions_retired_over_native,0.1942555048029074,0.1676082526902146,0.2569993207916625,False,0.2156572663271726,0.1246724482368817,0.1895845493850102,False,0.2156572663271726
avg_bb_out_degree,ratio_cpu_cycles_over_native,0.1335185523429725,0.345351054575493,0.4506708797297213,False,0.2078680304564366,0.1392137166045118,0.2099616709445096,False,0.2078680304564366
load_count,ratio_cpu_cycles_over_native,0.1662321314401666,0.2388789715881337,0.3329828088804288,False,0.2033627259049285,0.148182787018494,0.2198841355758298,False,0.2033627259049285
call_instr_count,ratio_branch_misses_over_native,0.14551375997128,0.3033396305957387,0.4050315430376784,False,0.1996325672931485,0.155926904957252,0.2277027818423363,False,0.1996325672931485
loop_count,ratio_branch_misses_over_native,-0.0723671103719216,0.6101703005848098,0.7061090270918554,False,-0.1967725149968817,0.1620632830192483,0.2348003470515094,False,0.1967725149968817
call_to_bb_ratio,ratio_branches_retired_over_native,-0.1965911065626686,0.1624583786341873,0.2511961484763904,False,-0.0563885833686924,0.6913265941149596,0.7651308648567196,False,0.1965911065626686
call_instr_count,ratio_instructions_retired_over_native,-0.152267923918243,0.2812003340166799,0.3832656404375489,False,-0.1922799331230368,0.1720562564790658,0.2473308686886571,False,0.1922799331230368
avg_bb_out_degree,ratio_conditional_branches_over_native,0.1511140204811937,0.284905302640647,0.385460115337346,False,0.1887200210119018,0.1802864782411387,0.2571528061734072,False,0.1887200210119018
load_store_ratio,ratio_instructions_retired_over_native,-0.1312359703618771,0.3537342359762879,0.4551545413960628,False,-0.1832173840296433,0.1935600007106524,0.2739618471596927,False,0.1832173840296433
avg_bb_out_degree,ratio_branches_retired_over_native,0.1828548649658281,0.1944582673783403,0.29089692030581,False,0.0748669918822352,0.5978526481663029,0.6962334636873401,False,0.1828548649658281
load_store_ratio,ratio_cpu_cycles_over_native,-0.1090070763592138,0.4417453234943392,0.5347443389668317,False,-0.1798830499292439,0.2019339408598581,0.281483675137984,False,0.1798830499292439
memory_access_density,ratio_all_loads_retired_over_native,-0.1634414545216796,0.2469669442610619,0.3416685544664316,False,-0.1776240376113811,0.2077508353565304,0.2874146895158015,False,0.1776240376113811
hostcall_count,ratio_conditional_branches_over_native,-0.1767572092417746,0.2100138731996087,0.3091404213498241,False,-0.1725445250095973,0.2212582612564013,0.2993494122880725,False,0.1767572092417746
alloc_call_count,ratio_L1_icache_load_misses_over_native,-0.1686879620041207,0.2319129539745045,0.3300534846046867,False,-0.1754601064641401,0.2134324560095921,0.2930714321325743,False,0.1754601064641401
basic_block_count,ratio_branches_retired_over_native,0.1742296354863079,0.2167112400441444,0.3158385409833376,False,-0.0158704222423171,0.9110864870357488,0.9471181560145636,False,0.1742296354863079
hostcall_density,ratio_conditional_branches_over_native,-0.1149985351731212,0.4169029762053956,0.5183118082553567,False,-0.1727541145022668,0.2206891330878095,0.2993494122880725,False,0.1727541145022668
cfg_edge_count,ratio_branches_retired_over_native,0.1683275772042356,0.2329263412305798,0.3300534846046867,False,-0.0040759382424518,0.9771217072260868,0.9836966690833298,False,0.1683275772042356
avg_bb_size,ratio_branches_retired_over_native,-0.1675992228626582,0.2349837308870324,0.3300534846046867,False,-0.0652628981993225,0.6457546908810906,0.7380053610069607,False,0.1675992228626582
branch_density,ratio_branches_retired_over_native,-0.0170845283244299,0.904315082128408,0.9308951927933428,False,-0.1551275171858243,0.2721559309687744,0.3628745746250326,False,0.1551275171858243
branch_instr_count,ratio_branches_retired_over_native,0.1545115453424589,0.274087634117697,0.3763591393854943,False,-0.0147401586465869,0.9173959220015602,0.9483193800465566,False,0.1545115453424589
memory_instr_count,ratio_L1_icache_load_misses_over_native,0.0991065415555764,0.4845405282534414,0.5823284443925452,False,0.1528070662293486,0.2794801674312536,0.3699593583262637,False,0.1528070662293486
load_store_ratio,ratio_branches_retired_over_native,0.0805369928865721,0.5703296603932038,0.6726965225150608,False,0.1511564792181099,0.2847684108934432,0.3742670543170968,False,0.1511564792181099
memory_instr_count,ratio_branch_misses_over_native,-0.1449401103854201,0.3052703430274512,0.4050315430376784,False,-0.113985349347354,0.4210468765042062,0.5320621951174627,False,0.1449401103854201
ir_instruction_count,ratio_branch_misses_over_native,-0.1314879239460873,0.3528028186735928,0.4551545413960628,False,-0.141227770164316,0.3179554683856582,0.4149206112266745,False,0.141227770164316
load_count,ratio_conditional_branches_over_native,-0.1396247238859248,0.3235351321023281,0.4252176021916312,False,-0.0135175896899363,0.9242263025381008,0.9500426797039696,False,0.1396247238859248
memory_access_density,ratio_all_stores_retired_over_native,-0.1294374300054076,0.3604267402588278,0.4587863419743827,False,-0.0636507494085997,0.6539442832404259,0.7427515315817182,False,0.1294374300054076
max_loop_depth,ratio_all_loads_retired_over_native,-0.1288063327510832,0.3627932418937324,0.4587863419743827,False,-0.0224256819274014,0.8746123829511798,0.9195924483600976,False,0.1288063327510832
memory_instr_count,ratio_instructions_retired_over_native,0.1271539493469733,0.3690339216071137,0.4619200107191082,False,0.1209972012952032,0.3928509336710079,0.5090462802497567,False,0.1271539493469733
hostcall_density,ratio_branch_misses_over_native,-0.004528174119001,0.9745840926374104,0.9852938079411184,False,0.118672336816839,0.4020742171229265,0.5173542374169126,False,0.118672336816839
compute_to_memory_ratio,ratio_all_stores_retired_over_native,-0.0727925348941302,0.6080664056348111,0.7061090270918554,False,-0.1149985351731212,0.4169029762053956,0.5320621951174627,False,0.1149985351731212
call_instr_count,ratio_all_loads_retired_over_native,-0.0581371073915807,0.6822548804599685,0.7701527484946883,False,-0.1137093423982387,0.4221797852562475,0.5320621951174627,False,0.1137093423982387
call_instr_count,ratio_branches_retired_over_native,-0.1133673594135824,0.4235859018219097,0.5230859458740361,False,-0.0973796548808977,0.4922216936121347,0.6049228952004388,False,0.1133673594135824
compute_density,ratio_conditional_branches_over_native,-0.1110494341087949,0.4331861858564594,0.5278560145535665,False,0.002904369815153,0.9836966690833298,0.9836966690833298,False,0.1110494341087949
alloc_call_count,ratio_branches_retired_over_native,0.0104660414382118,0.9412976168593568,0.9568992348183516,False,-0.09911956891483,0.4844828231849294,0.6023299963920744,False,0.09911956891483
max_loop_depth,ratio_all_stores_retired_over_native,-0.0984657042610694,0.4873835893285433,0.5823284443925452,False,-0.0575718136875726,0.6851829519768239,0.764082807052943,False,0.0984657042610694
alloc_call_count,ratio_cpu_cycles_over_native,0.0018469484890962,0.9896319599169832,0.9947241723339364,False,0.0966569709293684,0.4954548712967105,0.6049228952004388,False,0.0966569709293684
call_instr_count,ratio_cpu_cycles_over_native,-0.0641218096230669,0.6515470976795136,0.7492791623314407,False,-0.0964392016730927,0.4964312889960123,0.6049228952004388,False,0.0964392016730927
load_count,ratio_instructions_retired_over_native,0.0867521262379459,0.5408514596508412,0.6420430230693858,False,0.0751167325807855,0.5966281432308926,0.6962334636873401,False,0.0867521262379459
compute_density,ratio_all_loads_retired_over_native,0.023405803804469,0.8691791529764858,0.9035534697608666,False,0.0854226416221499,0.5470945933068552,0.6579438246304663,False,0.0854226416221499
compute_density,ratio_all_stores_retired_over_native,-0.0322897585331726,0.8202342236252446,0.8723878447806069,False,-0.0837141887897069,0.5551677486940096,0.6633173101279076,False,0.0837141887897069
store_count,ratio_branches_retired_over_native,0.0494484248121128,0.7277480434684935,0.8066604819168844,False,-0.0794799288864849,0.5754161494834235,0.6830746548706447,False,0.0794799288864849
memory_instr_count,ratio_conditional_branches_over_native,-0.0774724129847732,0.5851329028118194,0.6857608542507947,False,0.0540425662322038,0.7035658447270694,0.770572115653457,False,0.0774724129847732
load_count,ratio_branch_misses_over_native,-0.0325106587479481,0.8190250122441646,0.8723878447806069,False,-0.0749456238505331,0.5974669879627161,0.6962334636873401,False,0.0749456238505331
memory_instr_count,ratio_branches_retired_over_native,0.0343751766223828,0.8088354990132338,0.8703259170668715,False,-0.0703750506473161,0.6200632186254733,0.7130727014192944,False,0.0703750506473161
max_loop_depth,ratio_branch_misses_over_native,0.0616235125231956,0.6643000175486311,0.758441224551711,False,-0.0591736481109585,0.6768979327295678,0.7594464611112224,False,0.0616235125231956
call_instr_count,ratio_all_stores_retired_over_native,0.0530928583678994,0.7085419676968243,0.7901316488255495,False,0.0613859457458161,0.66551770526949,0.7512592501201604,False,0.0613859457458161
alloc_call_count,ratio_instructions_retired_over_native,0.0609493001401749,0.6677580346596587,0.758441224551711,False,-0.003078247481827,0.9827207714876616,0.9836966690833298,False,0.0609493001401749
compute_to_memory_ratio,ratio_conditional_branches_over_native,0.0311845953478374,0.8262900752187949,0.873778010576197,False,0.0557905226359941,0.694439426255827,0.7651308648567196,False,0.0557905226359941
max_loop_depth,ratio_conditional_branches_over_native,0.0446629127461693,0.7532198372988513,0.8274839843479127,False,0.0260062529914403,0.8547934085757376,0.9039194665398604,False,0.0446629127461693
load_count,ratio_branches_retired_over_native,0.0442316067702347,0.7555288552741811,0.8274839843479127,False,-0.0384994643067807,0.7864100512887512,0.8461956107434515,False,0.0442316067702347
hostcall_count,ratio_all_stores_retired_over_native,0.0288744398413822,0.8389808177640541,0.882128402677634,False,0.0416002567927513,0.7696611331564531,0.837974251483949,False,0.0416002567927513
compute_to_memory_ratio,ratio_all_loads_retired_over_native,-0.0009398097228115,0.9947241723339364,0.9947241723339364,False,0.039044822120443,0.7834571123515336,0.8461956107434515,False,0.039044822120443
compute_instr_count,ratio_branch_misses_over_native,0.0379471179330326,0.789403870357642,0.8544136008576831,False,-0.0263236764039956,0.8530405193335916,0.9039194665398604,False,0.0379471179330326
load_store_ratio,ratio_all_loads_retired_over_native,0.0264181855647035,0.8525187522938098,0.8912696046708011,False,0.0180396024406228,0.8989930831415539,0.9398564051025337,False,0.0264181855647035
load_count,ratio_L1_icache_load_misses_over_native,-0.0168542099298573,0.9055991277717844,0.9308951927933428,False,-0.0076143384962299,0.9572747598389848,0.978547532279851,False,0.0168542099298573
hostcall_count,ratio_all_loads_retired_over_native,0.0121992314223469,0.9315979100751236,0.9523000858545708,False,0.0042126842321773,0.9763543646467718,0.9836966690833298,False,0.0121992314223469
