program,mode,source_path,ir_path,ir_instruction_count,basic_block_count,avg_bb_size,cfg_edge_count,avg_bb_out_degree,loop_count,max_loop_depth,branch_instr_count,branch_density,compute_instr_count,compute_density,load_count,store_count,memory_instr_count,memory_access_density,compute_to_memory_ratio,load_store_ratio,call_instr_count,call_to_bb_ratio,hostcall_count,hostcall_density,alloc_call_count,function_count,opt_loop_ok,opt_loop_note,native_perf_L1_icache_load_misses_median,native_perf_all_loads_retired_median,native_perf_all_stores_retired_median,native_perf_branch_misses_median,native_perf_branches_retired_median,native_perf_conditional_branches_median,native_perf_cpu_cycles_median,native_perf_instructions_retired_median,perf_L1_icache_load_misses_median,perf_all_loads_retired_median,perf_all_stores_retired_median,perf_branch_misses_median,perf_branches_retired_median,perf_conditional_branches_median,perf_cpu_cycles_median,perf_instructions_retired_median,ratio_L1_icache_load_misses_over_native,ratio_all_loads_retired_over_native,ratio_all_stores_retired_over_native,ratio_branch_misses_over_native,ratio_branches_retired_over_native,ratio_conditional_branches_over_native,ratio_cpu_cycles_over_native,ratio_instructions_retired_over_native,y_time_internal_ratio
llvmss_benchmarkgame_puzzle,wasm-aot,/home/luomz/wasm/data/llvm-test-suite/SingleSource/Benchmarks/BenchmarkGame/puzzle.c,/home/luomz/wasm/data/build/llvm_direct/llvmss_benchmarkgame_puzzle.ll,335,39,8.58974358974359,51,1.3076923076923077,11,3,32,0.0955223880597015,216,0.6447761194029851,19,28,47,0.1402985074626865,4.595744680851063,0.6785714285714286,6,0.1538461538461538,1,0.0029850746268656,3,7,1,,81148.0,131553316.0,6610827.0,8745.0,35022248.0,34071454.0,237875860.0,926059242.0,993995.0,1025588797.0,14120544.0,133424.0,1023103602.0,4368504.0,1350791176.0,6690685975.0,12.24916202494208,7.79599350426104,2.1359723980070875,15.257175528873642,29.212962057718283,0.1282159546228934,5.678555091718849,7.224900601985461,5.543074
llvmss_benchmarkgame_puzzle,wasm-jit,/home/luomz/wasm/data/llvm-test-suite/SingleSource/Benchmarks/BenchmarkGame/puzzle.c,/home/luomz/wasm/data/build/llvm_direct/llvmss_benchmarkgame_puzzle.ll,335,39,8.58974358974359,51,1.3076923076923077,11,3,32,0.0955223880597015,216,0.6447761194029851,19,28,47,0.1402985074626865,4.595744680851063,0.6785714285714286,6,0.1538461538461538,1,0.0029850746268656,3,7,1,,81148.0,131553316.0,6610827.0,8745.0,35022248.0,34071454.0,237875860.0,926059242.0,1046188.0,1027152525.0,15168928.0,153517.0,1024075689.0,4552690.0,1353512797.0,6696038729.0,12.892344851382658,7.80788015256111,2.2945583056401264,17.554831332189824,29.2407183285322,0.133621828995029,5.689996441841555,7.2306807440727425,5.538461
llvmss_misc_evalloop,wasm-aot,/home/luomz/wasm/data/llvm-test-suite/SingleSource/Benchmarks/Misc/evalloop.c,/home/luomz/wasm/data/build/llvm_direct/llvmss_misc_evalloop.ll,189,41,4.609756097560975,71,1.7317073170731707,4,1,38,0.201058201058201,27,0.1428571428571428,5,11,16,0.0846560846560846,1.6875,0.4545454545454545,3,0.073170731707317,1,0.0052910052910052,0,3,1,,111848.0,820194662.0,410224045.0,111698.0,813401031.0,233158.0,1516574677.0,1841325998.0,978168.0,1641866809.0,620831575.0,232870.0,1018363612.0,8491121.0,1978357421.0,5914673348.0,8.7455117659681,2.0018013833403856,1.5133963563739907,2.0848179913695857,1.2519821996635754,36.41788400998465,1.3044906070260067,3.21218152267679,1.280142
llvmss_misc_evalloop,wasm-jit,/home/luomz/wasm/data/llvm-test-suite/SingleSource/Benchmarks/Misc/evalloop.c,/home/luomz/wasm/data/build/llvm_direct/llvmss_misc_evalloop.ll,189,41,4.609756097560975,71,1.7317073170731707,4,1,38,0.201058201058201,27,0.1428571428571428,5,11,16,0.0846560846560846,1.6875,0.4545454545454545,3,0.073170731707317,1,0.0052910052910052,0,3,1,,111848.0,820194662.0,410224045.0,111698.0,813401031.0,233158.0,1516574677.0,1841325998.0,1041039.0,1642968019.0,621589540.0,249266.0,1019056124.0,8631005.0,1982289804.0,5918453983.0,9.307622845290036,2.003144003636541,1.5152440418259734,2.231606653655392,1.2528335779795683,37.0178376894638,1.3070835442942057,3.214234735961188,1.280831
llvmss_misc_flops-1,wasm-aot,/home/luomz/wasm/data/llvm-test-suite/SingleSource/Benchmarks/Misc/flops-1.c,/home/luomz/wasm/data/build/llvm_direct/llvmss_misc_flops-1.ll,63,3,21.0,3,1.0,1,1,2,0.0317460317460317,19,0.3015873015873015,7,12,19,0.3015873015873015,1.0,0.5833333333333334,9,3.0,5,0.0793650793650793,0,1,1,,148892.0,1352072.0,852422.0,10709.0,313445657.0,312675691.0,2131973764.0,5942948069.0,1021335.0,10588074.0,6601249.0,131156.0,320572477.0,314350308.0,2729857752.0,5355571767.0,6.859569352282192,7.8309986450425715,7.744109138431434,12.24726865253525,1.022737019450871,1.0053557633298713,1.2804368412481084,0.9011641536859608,1.190099
llvmss_misc_flops-1,wasm-jit,/home/luomz/wasm/data/llvm-test-suite/SingleSource/Benchmarks/Misc/flops-1.c,/home/luomz/wasm/data/build/llvm_direct/llvmss_misc_flops-1.ll,63,3,21.0,3,1.0,1,1,2,0.0317460317460317,19,0.3015873015873015,7,12,19,0.3015873015873015,1.0,0.5833333333333334,9,3.0,5,0.0793650793650793,0,1,1,,148892.0,1352072.0,852422.0,10709.0,313445657.0,312675691.0,2131973764.0,5942948069.0,1101762.0,11797958.0,7435164.0,149812.0,321314937.0,314493326.0,2756577317.0,5359753002.0,7.399739408430271,8.725835606387825,8.722398061054266,13.989354748342516,1.025105723509833,1.0058131637742187,1.292969624461101,0.9018677161185202,1.176027
llvmss_misc_flops-2,wasm-aot,/home/luomz/wasm/data/llvm-test-suite/SingleSource/Benchmarks/Misc/flops-2.c,/home/luomz/wasm/data/build/llvm_direct/llvmss_misc_flops-2.ll,71,5,14.2,6,1.2,2,1,4,0.056338028169014,27,0.380281690140845,5,13,18,0.2535211267605634,1.5,0.3846153846153846,7,1.4,5,0.0704225352112676,0,1,1,,107084.0,964085.0,604390.0,9374.0,98336551.0,97785426.0,1437195539.0,1449209809.0,976094.0,9980755.0,6230426.0,128298.0,476389211.0,158024046.0,1503528299.0,3165598529.0,9.115217959732547,10.35256746033804,10.308618607190722,13.6865799018562,4.844477522910072,1.6160286094167038,1.0461543041291057,2.184361787603661,1.001529
llvmss_misc_flops-2,wasm-jit,/home/luomz/wasm/data/llvm-test-suite/SingleSource/Benchmarks/Misc/flops-2.c,/home/luomz/wasm/data/build/llvm_direct/llvmss_misc_flops-2.ll,71,5,14.2,6,1.2,2,1,4,0.056338028169014,27,0.380281690140845,5,13,18,0.2535211267605634,1.5,0.3846153846153846,7,1.4,5,0.0704225352112676,0,1,1,,107084.0,964085.0,604390.0,9374.0,98336551.0,97785426.0,1437195539.0,1449209809.0,1057587.0,11146345.0,7011754.0,148626.0,477127455.0,158169953.0,1506909278.0,3169644102.0,9.87623734638228,11.561579113874814,11.601373285461374,15.85513121399616,4.851984843356973,1.617520723384689,1.048506787773991,2.187153359241443,0.976092
llvmss_misc_flops-3,wasm-aot,/home/luomz/wasm/data/llvm-test-suite/SingleSource/Benchmarks/Misc/flops-3.c,/home/luomz/wasm/data/build/llvm_direct/llvmss_misc_flops-3.ll,62,3,20.666666666666668,3,1.0,1,1,2,0.032258064516129,14,0.2258064516129032,10,11,21,0.3387096774193548,0.6666666666666667,0.9090909090909092,19,6.333333333333333,5,0.0806451612903225,0,1,1,,195450.0,1934249.0,1222533.0,12542.0,313849901.0,312748459.0,3366175070.0,6882788745.0,1046004.0,10890202.0,6804515.0,133867.0,320759452.0,314383058.0,3298003133.0,6294225565.0,5.351772831926324,5.630196525886792,5.565915194109279,10.673497049912294,1.0220154633727283,1.0052265613241598,0.979747952622084,0.9144876877955084,1.007025
llvmss_misc_flops-3,wasm-jit,/home/luomz/wasm/data/llvm-test-suite/SingleSource/Benchmarks/Misc/flops-3.c,/home/luomz/wasm/data/build/llvm_direct/llvmss_misc_flops-3.ll,62,3,20.666666666666668,3,1.0,1,1,2,0.032258064516129,14,0.2258064516129032,10,11,21,0.3387096774193548,0.6666666666666667,0.9090909090909092,19,6.333333333333333,5,0.0806451612903225,0,1,1,,195450.0,1934249.0,1222533.0,12542.0,313849901.0,312748459.0,3366175070.0,6882788745.0,1129110.0,12084540.0,7611087.0,152541.0,321523717.0,314532820.0,3325142023.0,6298422868.0,5.776976208749041,6.247665114470784,6.225669981914598,12.162414287992346,1.0244505923868366,1.0057054189993626,0.9878101862955097,0.91509751371862,0.970371
llvmss_misc_flops-4,wasm-aot,/home/luomz/wasm/data/llvm-test-suite/SingleSource/Benchmarks/Misc/flops-4.c,/home/luomz/wasm/data/build/llvm_direct/llvmss_misc_flops-4.ll,77,3,25.666666666666668,3,1.0,1,1,2,0.0259740259740259,16,0.2077922077922078,17,13,30,0.3896103896103896,0.5333333333333333,1.3076923076923077,24,8.0,5,0.0649350649350649,0,1,1,,118076.0,1053826.0,662236.0,9627.0,156991979.0,156389401.0,1549031509.0,3285509173.0,967699.0,322505431.0,6228581.0,129935.0,163911333.0,158027338.0,1563263940.0,3165698416.0,8.195560486466343,306.03290391392886,9.405379653175,13.49693570167238,1.0440745702046346,1.0104734527373758,1.0091879544846625,0.9635335801267598,1.023393
llvmss_misc_flops-4,wasm-jit,/home/luomz/wasm/data/llvm-test-suite/SingleSource/Benchmarks/Misc/flops-4.c,/home/luomz/wasm/data/build/llvm_direct/llvmss_misc_flops-4.ll,77,3,25.666666666666668,3,1.0,1,1,2,0.0259740259740259,16,0.2077922077922078,17,13,30,0.3896103896103896,0.5333333333333333,1.3076923076923077,24,8.0,5,0.0649350649350649,0,1,1,,118076.0,1053826.0,662236.0,9627.0,156991979.0,156389401.0,1549031509.0,3285509173.0,1037314.0,323654558.0,7022664.0,146400.0,164626566.0,158160636.0,1565020255.0,3169703423.0,8.785138385446661,307.1233372492233,10.604473329749515,15.207229666562792,1.0486304271634157,1.011325799502231,1.0103217693811288,0.9647525713969448,0.995445
llvmss_misc_flops-5,wasm-aot,/home/luomz/wasm/data/llvm-test-suite/SingleSource/Benchmarks/Misc/flops-5.c,/home/luomz/wasm/data/build/llvm_direct/llvmss_misc_flops-5.ll,80,3,26.666666666666668,3,1.0,1,1,2,0.025,18,0.225,16,11,27,0.3375,0.6666666666666666,1.4545454545454546,30,10.0,5,0.0625,0,1,1,,163502.0,314235599.0,1095625.0,11280.0,157462132.0,156473424.0,2912348745.0,5788231553.0,1041122.0,948309529.0,162993203.0,131117.0,320710329.0,1874513.0,3096335491.0,6606426107.0,6.3676407628041245,3.017829717631706,148.76732732458643,11.623847517730496,2.0367457554810704,0.0119797531879918,1.0631746957900812,1.1413548415449857,1.05633
llvmss_misc_flops-5,wasm-jit,/home/luomz/wasm/data/llvm-test-suite/SingleSource/Benchmarks/Misc/flops-5.c,/home/luomz/wasm/data/build/llvm_direct/llvmss_misc_flops-5.ll,80,3,26.666666666666668,3,1.0,1,1,2,0.025,18,0.225,16,11,27,0.3375,0.6666666666666666,1.4545454545454546,30,10.0,5,0.0625,0,1,1,,163502.0,314235599.0,1095625.0,11280.0,157462132.0,156473424.0,2912348745.0,5788231553.0,1100297.0,949441365.0,163775780.0,147412.0,321412627.0,2009341.0,3127577408.0,6610335278.0,6.729562941126103,3.02143158834146,149.4816018254421,13.068439716312056,2.041205862753084,0.0128414202785004,1.073902091351357,1.142030206890032,0.995369
llvmss_misc_flops-6,wasm-aot,/home/luomz/wasm/data/llvm-test-suite/SingleSource/Benchmarks/Misc/flops-6.c,/home/luomz/wasm/data/build/llvm_direct/llvmss_misc_flops-6.ll,79,3,26.33333333333333,3,1.0,1,1,2,0.0253164556962025,16,0.2025316455696202,16,11,27,0.3417721518987341,0.5925925925925926,1.4545454545454546,31,10.333333333333334,5,0.0632911392405063,0,1,1,,169709.0,314263574.0,1113422.0,12428.0,157479436.0,156475405.0,2988250364.0,5788339872.0,1038621.0,948229905.0,162953874.0,132189.0,320653510.0,1865037.0,3017824058.0,6606099111.0,6.120011313483669,3.017307710628913,146.35409934418396,10.63638558094625,2.03616115312986,0.0119190424846639,1.009896658712496,1.1412769908269824,1.046469
llvmss_misc_flops-6,wasm-jit,/home/luomz/wasm/data/llvm-test-suite/SingleSource/Benchmarks/Misc/flops-6.c,/home/luomz/wasm/data/build/llvm_direct/llvmss_misc_flops-6.ll,79,3,26.33333333333333,3,1.0,1,1,2,0.0253164556962025,16,0.2025316455696202,16,11,27,0.3417721518987341,0.5925925925925926,1.4545454545454546,31,10.333333333333334,5,0.0632911392405063,0,1,1,,169709.0,314263574.0,1113422.0,12428.0,157479436.0,156475405.0,2988250364.0,5788339872.0,1101690.0,949448169.0,163775117.0,147702.0,321422176.0,2013258.0,3034682395.0,6610358762.0,6.4916415746955085,3.021184278264461,147.09168401558438,11.884615384615383,2.041042209472988,0.0128662903924102,1.0155381997303088,1.142012892846248,1.027745
llvmss_misc_flops-7,wasm-aot,/home/luomz/wasm/data/llvm-test-suite/SingleSource/Benchmarks/Misc/flops-7.c,/home/luomz/wasm/data/build/llvm_direct/llvmss_misc_flops-7.ll,55,3,18.33333333333333,3,1.0,1,1,2,0.0363636363636363,21,0.3818181818181818,2,10,12,0.2181818181818181,1.7500000000000002,0.2,7,2.333333333333333,5,0.0909090909090909,0,1,1,,128782.0,1220916.0,768720.0,10445.0,157105967.0,156409194.0,1922048630.0,3286170529.0,990921.0,322710028.0,6368883.0,129707.0,164040637.0,158052706.0,1917523366.0,2541507049.0,7.694561351741703,264.3179612684247,8.28504917265064,12.418094782192435,1.0441400803064342,1.0105077710457353,0.9976456037951548,0.7733947543414293,0.974102
llvmss_misc_flops-7,wasm-jit,/home/luomz/wasm/data/llvm-test-suite/SingleSource/Benchmarks/Misc/flops-7.c,/home/luomz/wasm/data/build/llvm_direct/llvmss_misc_flops-7.ll,55,3,18.33333333333333,3,1.0,1,1,2,0.0363636363636363,21,0.3818181818181818,2,10,12,0.2181818181818181,1.7500000000000002,0.2,7,2.333333333333333,5,0.0909090909090909,0,1,1,,128782.0,1220916.0,768720.0,10445.0,157105967.0,156409194.0,1922048630.0,3286170529.0,1073080.0,323869923.0,7152088.0,147588.0,164779789.0,158193965.0,1920991915.0,2545542473.0,8.332530943765432,265.2679815810424,9.303892184410447,14.130014360938247,1.0488448793291218,1.0114109084917349,0.9994502142227276,0.7746227563469211,0.974181
llvmss_misc_flops-8,wasm-aot,/home/luomz/wasm/data/llvm-test-suite/SingleSource/Benchmarks/Misc/flops-8.c,/home/luomz/wasm/data/build/llvm_direct/llvmss_misc_flops-8.ll,81,3,27.0,3,1.0,1,1,2,0.0246913580246913,18,0.2222222222222222,16,11,27,0.3333333333333333,0.6666666666666666,1.4545454545454546,31,10.333333333333334,5,0.0617283950617283,0,1,1,,184194.0,314300524.0,1134808.0,11726.0,157504720.0,156483196.0,3084766343.0,5944723109.0,1036885.0,1260787596.0,631739839.0,132942.0,320687901.0,1871930.0,3100347300.0,7543805586.0,5.629309315178562,4.011407871531261,556.6931489732184,11.337369947126044,2.036052640200243,0.0119624985164541,1.0050509358789383,1.2689919189977197,0.983008
llvmss_misc_flops-8,wasm-jit,/home/luomz/wasm/data/llvm-test-suite/SingleSource/Benchmarks/Misc/flops-8.c,/home/luomz/wasm/data/build/llvm_direct/llvmss_misc_flops-8.ll,81,3,27.0,3,1.0,1,1,2,0.0246913580246913,18,0.2222222222222222,16,11,27,0.3333333333333333,0.6666666666666666,1.4545454545454546,31,10.333333333333334,5,0.0617283950617283,0,1,1,,184194.0,314300524.0,1134808.0,11726.0,157504720.0,156483196.0,3084766343.0,5944723109.0,1131505.0,1261989582.0,632556571.0,153064.0,321457662.0,2020620.0,3103182124.0,7548035354.0,6.143006829755584,4.015232192231407,557.4128583866169,13.053385638751491,2.0409398651672155,0.0129126963894576,1.0059699111544669,1.2697034354001566,1.023394
llvmss_misc_mandel-2,wasm-aot,/home/luomz/wasm/data/llvm-test-suite/SingleSource/Benchmarks/Misc/mandel-2.c,/home/luomz/wasm/data/build/llvm_direct/llvmss_misc_mandel-2.ll,107,21,5.095238095238095,29,1.380952380952381,4,3,18,0.1682242990654205,51,0.4766355140186916,4,0,4,0.0373831775700934,12.75,4.0,4,0.1904761904761904,2,0.0186915887850467,0,4,1,,162646.0,1812023.0,1204943.0,15097.0,471801653.0,157070486.0,2123201024.0,3457728148.0,1632868.0,639735650.0,321556199.0,173206.0,950308524.0,2194377.0,2156101377.0,4284680642.0,10.039398448163496,353.0505131557381,266.8642408811039,11.472875405709743,2.0142119425766403,0.0139706513673103,1.0154956373080577,1.23916064496809,1.009767
llvmss_misc_mandel-2,wasm-jit,/home/luomz/wasm/data/llvm-test-suite/SingleSource/Benchmarks/Misc/mandel-2.c,/home/luomz/wasm/data/build/llvm_direct/llvmss_misc_mandel-2.ll,107,21,5.095238095238095,29,1.380952380952381,4,3,18,0.1682242990654205,51,0.4766355140186916,4,0,4,0.0373831775700934,12.75,4.0,4,0.1904761904761904,2,0.0186915887850467,0,4,1,,162646.0,1812023.0,1204943.0,15097.0,471801653.0,157070486.0,2123201024.0,3457728148.0,1682181.0,640955650.0,322379081.0,190802.0,951083190.0,2346544.0,2160817218.0,4288934243.0,10.3425906570097,353.7237937929044,267.54716281185085,12.638404981122076,2.0158538740855154,0.0149394329880662,1.0177167369339024,1.2403908171557043,1.010197
llvmss_misc_matmul_f64_4x4,wasm-aot,/home/luomz/wasm/data/llvm-test-suite/SingleSource/Benchmarks/Misc/matmul_f64_4x4.c,/home/luomz/wasm/data/build/llvm_direct/llvmss_misc_matmul_f64_4x4.ll,187,4,46.75,3,0.75,1,1,2,0.0106951871657754,54,0.2887700534759358,40,8,48,0.2566844919786096,1.1249999999999998,5.0,47,11.75,20,0.106951871657754,0,2,1,,114800.0,1651016429.0,750635548.0,10579.0,150720373.0,50137570.0,1456153836.0,6804117563.0,1067165.0,4160811839.0,1906752677.0,135241.0,158206057.0,51874444.0,3195212707.0,13293945132.0,9.295862369337978,2.5201516871156464,2.5401843572161864,12.783911522828245,1.0496660395074793,1.0346421655457174,2.1942823814392645,1.953808853081982,2.170499
llvmss_misc_matmul_f64_4x4,wasm-jit,/home/luomz/wasm/data/llvm-test-suite/SingleSource/Benchmarks/Misc/matmul_f64_4x4.c,/home/luomz/wasm/data/build/llvm_direct/llvmss_misc_matmul_f64_4x4.ll,187,4,46.75,3,0.75,1,1,2,0.0106951871657754,54,0.2887700534759358,40,8,48,0.2566844919786096,1.1249999999999998,5.0,47,11.75,20,0.106951871657754,0,2,1,,114800.0,1651016429.0,750635548.0,10579.0,150720373.0,50137570.0,1456153836.0,6804117563.0,1112686.0,4162005000.0,1907559623.0,151823.0,158951882.0,52016693.0,3195576033.0,13298033886.0,9.69238675958188,2.520874369809193,2.541259374249619,14.351356460913127,1.0546144415393663,1.0374793393457242,2.194531892164723,1.954409776561352,2.171207
llvmss_misc_richards_benchmark,wasm-aot,/home/luomz/wasm/data/llvm-test-suite/SingleSource/Benchmarks/Misc/richards_benchmark.c,/home/luomz/wasm/data/build/llvm_direct/llvmss_misc_richards_benchmark.ll,737,98,7.520408163265306,127,1.2959183673469388,8,1,98,0.1329715061058344,276,0.3744911804613297,133,158,291,0.3948439620081411,0.9484536082474228,0.8417721518987342,45,0.4591836734693877,22,0.0298507462686567,16,15,1,,136225.0,1346862162.0,885152933.0,7381808.0,961986314.0,237630346.0,1625242163.0,3944891315.0,1054043.0,2699795559.0,1190940989.0,7757994.0,1230738831.0,382828708.0,3014830755.0,7633109019.0,7.737515140392732,2.004507688441544,1.3454635290690495,1.0509612279268168,1.279372495313899,1.6110261776078043,1.855004025637009,1.9349351881954195,1.903721
llvmss_misc_richards_benchmark,wasm-jit,/home/luomz/wasm/data/llvm-test-suite/SingleSource/Benchmarks/Misc/richards_benchmark.c,/home/luomz/wasm/data/build/llvm_direct/llvmss_misc_richards_benchmark.ll,737,98,7.520408163265306,127,1.2959183673469388,8,1,98,0.1329715061058344,276,0.3744911804613297,133,158,291,0.3948439620081411,0.9484536082474228,0.8417721518987342,45,0.4591836734693877,22,0.0298507462686567,16,15,1,,136225.0,1346862162.0,885152933.0,7381808.0,961986314.0,237630346.0,1625242163.0,3944891315.0,1155891.0,2701417647.0,1192040321.0,7780624.0,1231741778.0,383020091.0,3008884399.0,7638650532.0,8.48516057992292,2.0057120343989587,1.346705497500735,1.0540268725493809,1.2804150745953335,1.6118315587521803,1.8513452748764307,1.9363399196715256,1.845339
llvmss_misc_salsa20,wasm-aot,/home/luomz/wasm/data/llvm-test-suite/SingleSource/Benchmarks/Misc/salsa20.c,/home/luomz/wasm/data/build/llvm_direct/llvmss_misc_salsa20.ll,265,13,20.384615384615383,15,1.1538461538461535,2,1,10,0.0377358490566037,132,0.4981132075471698,37,25,62,0.2339622641509434,2.129032258064516,1.48,37,2.8461538461538463,2,0.0075471698113207,0,3,1,,653561.0,4882046446.0,4341509865.0,35546.0,1517812493.0,807753678.0,13358794551.0,44104415282.0,1748073.0,11381484835.0,8718846285.0,33760446.0,2837151530.0,69978277.0,17158045616.0,63177152436.0,2.67468989122668,2.3312938459086507,2.0082520957256884,949.7677938445958,1.869237170654913,0.0866331889360954,1.2844007406877591,1.4324450745361998,1.282342
llvmss_misc_salsa20,wasm-jit,/home/luomz/wasm/data/llvm-test-suite/SingleSource/Benchmarks/Misc/salsa20.c,/home/luomz/wasm/data/build/llvm_direct/llvmss_misc_salsa20.ll,265,13,20.384615384615383,15,1.1538461538461535,2,1,10,0.0377358490566037,132,0.4981132075471698,37,25,62,0.2339622641509434,2.129032258064516,1.48,37,2.8461538461538463,2,0.0075471698113207,0,3,1,,653561.0,4882046446.0,4341509865.0,35546.0,1517812493.0,807753678.0,13358794551.0,44104415282.0,1821185.0,11382697583.0,8719663774.0,33768753.0,2837930547.0,70119004.0,17170002631.0,63181369276.0,2.7865570314018124,2.331542255671527,2.008440391739154,950.0014910257132,1.869750420482275,0.0868074091270185,1.2852958076007468,1.4325406849183586,1.282655
llvmss_shootout_hello,wasm-aot,/home/luomz/wasm/data/llvm-test-suite/SingleSource/Benchmarks/Shootout/hello.c,/home/luomz/wasm/data/build/llvm_direct/llvmss_shootout_hello.ll,2,1,2.0,0,0.0,0,0,0,0.0,0,0.0,0,0,0,0.0,0.0,0.0,1,1.0,1,0.5,0,1,1,,44081.0,200986.0,120500.0,5310.0,158734.0,37096.0,1018928.0,828884.0,861912.0,9133509.0,5682796.0,123037.0,7051216.0,1666725.0,38194503.0,37159767.0,19.552913953857672,45.44350850307982,47.16013278008299,23.17080979284369,44.4215857976237,44.93004636618503,37.48498716297913,44.83108251576819,8.460645
llvmss_shootout_hello,wasm-jit,/home/luomz/wasm/data/llvm-test-suite/SingleSource/Benchmarks/Shootout/hello.c,/home/luomz/wasm/data/build/llvm_direct/llvmss_shootout_hello.ll,2,1,2.0,0,0.0,0,0,0,0.0,0,0.0,0,0,0,0.0,0.0,0.0,1,1.0,1,0.5,0,1,1,,44081.0,200986.0,120500.0,5310.0,158734.0,37096.0,1018928.0,828884.0,941222.0,10212343.0,6426764.0,140978.0,7732488.0,1795682.0,37884038.0,40926831.0,21.35210181257231,50.81121570656663,53.33414107883817,26.54952919020716,48.71349553340809,48.406351089066206,37.180289480709135,49.37582460271884,5.164987
llvmss_stanford_bubblesort,wasm-aot,/home/luomz/wasm/data/llvm-test-suite/SingleSource/Benchmarks/Stanford/Bubblesort.c,/home/luomz/wasm/data/build/llvm_direct/llvmss_stanford_bubblesort.ll,113,26,4.346153846153846,33,1.2692307692307692,5,2,21,0.1858407079646017,38,0.336283185840708,8,15,23,0.2035398230088495,1.6521739130434785,0.5333333333333333,3,0.1153846153846153,2,0.0176991150442477,0,5,1,,53673.0,12773315.0,13046413.0,639744.0,31497785.0,6517095.0,41557768.0,101984574.0,1372757.0,23393648.0,19724437.0,954287.0,39671095.0,20887445.0,102223005.0,163967803.0,25.576304659698543,1.8314468875151049,1.5118666717050886,1.4916701055422168,1.2594884052958009,3.205023864160335,2.459780924711837,1.6077706320565697,1.642681
llvmss_stanford_bubblesort,wasm-jit,/home/luomz/wasm/data/llvm-test-suite/SingleSource/Benchmarks/Stanford/Bubblesort.c,/home/luomz/wasm/data/build/llvm_direct/llvmss_stanford_bubblesort.ll,113,26,4.346153846153846,33,1.2692307692307692,5,2,21,0.1858407079646017,38,0.336283185840708,8,15,23,0.2035398230088495,1.6521739130434785,0.5333333333333333,3,0.1153846153846153,2,0.0176991150442477,0,5,1,,53673.0,12773315.0,13046413.0,639744.0,31497785.0,6517095.0,41557768.0,101984574.0,1485050.0,24641365.0,20575803.0,977317.0,40469100.0,21041640.0,106536413.0,168362327.0,27.668473906806028,1.92912842124382,1.5771233824960162,1.5276688800520208,1.2848236788713874,3.228683945837831,2.563573986937893,1.650860717425755,1.640992
llvmss_stanford_floatmm,wasm-aot,/home/luomz/wasm/data/llvm-test-suite/SingleSource/Benchmarks/Stanford/FloatMM.c,/home/luomz/wasm/data/build/llvm_direct/llvmss_stanford_floatmm.ll,151,29,5.206896551724138,35,1.206896551724138,11,3,23,0.152317880794702,74,0.4900662251655629,11,11,22,0.1456953642384106,3.363636363636364,1.0,6,0.2068965517241379,1,0.0066225165562913,0,6,1,,83158.0,640614110.0,24391058.0,656404.0,185052504.0,176082974.0,675840870.0,1958745389.0,1119382.0,698402654.0,38530796.0,1067322.0,688540765.0,10456919.0,1012296786.0,4285651474.0,13.46090574568893,1.090208041156009,1.579709908442676,1.6260138573195777,3.720785993795577,0.0593863152265931,1.4978330416744403,2.1879574027678794,1.445177
llvmss_stanford_floatmm,wasm-jit,/home/luomz/wasm/data/llvm-test-suite/SingleSource/Benchmarks/Stanford/FloatMM.c,/home/luomz/wasm/data/build/llvm_direct/llvmss_stanford_floatmm.ll,151,29,5.206896551724138,35,1.206896551724138,11,3,23,0.152317880794702,74,0.4900662251655629,11,11,22,0.1456953642384106,3.363636363636364,1.0,6,0.2068965517241379,1,0.0066225165562913,0,6,1,,83158.0,640614110.0,24391058.0,656404.0,185052504.0,176082974.0,675840870.0,1958745389.0,1210052.0,699487766.0,39271056.0,1077605.0,689221928.0,10585739.0,1014982477.0,4289401625.0,14.551239808557204,1.0919019033158668,1.6100595554321588,1.641679514445372,3.724466911293456,0.0601179021431112,1.5018068927971169,2.189871970644369,1.443502
llvmss_stanford_intmm,wasm-aot,/home/luomz/wasm/data/llvm-test-suite/SingleSource/Benchmarks/Stanford/IntMM.c,/home/luomz/wasm/data/build/llvm_direct/llvmss_stanford_intmm.ll,232,27,8.592592592592593,33,1.2222222222222223,11,3,21,0.0905172413793103,131,0.5646551724137931,17,15,32,0.1379310344827586,4.09375,1.1333333333333333,13,0.4814814814814814,1,0.0043103448275862,0,6,1,,43611.0,1006756.0,173391.0,6456.0,357103.0,214085.0,1988351.0,4689321.0,926674.0,10621110.0,5840586.0,142611.0,8521845.0,1707251.0,38687520.0,46134508.0,21.24862993281512,10.549835312627886,33.68448189352389,22.08968401486989,23.86382920333909,7.974640913655791,19.45708780793733,9.83820642690061,3.067016
llvmss_stanford_intmm,wasm-jit,/home/luomz/wasm/data/llvm-test-suite/SingleSource/Benchmarks/Stanford/IntMM.c,/home/luomz/wasm/data/build/llvm_direct/llvmss_stanford_intmm.ll,232,27,8.592592592592593,33,1.2222222222222223,11,3,21,0.0905172413793103,131,0.5646551724137931,17,15,32,0.1379310344827586,4.09375,1.1333333333333333,13,0.4814814814814814,1,0.0043103448275862,0,6,1,,43611.0,1006756.0,173391.0,6456.0,357103.0,214085.0,1988351.0,4689321.0,983108.0,11736230.0,6597927.0,157924.0,9226717.0,1842499.0,41674841.0,49998498.0,22.542661255187912,11.657472118368304,38.05230375278994,24.461586121437424,25.837691086325236,8.606389985286219,20.95949910252264,10.662204186917466,2.928381
llvmss_stanford_oscar,wasm-aot,/home/luomz/wasm/data/llvm-test-suite/SingleSource/Benchmarks/Stanford/Oscar.c,/home/luomz/wasm/data/build/llvm_direct/llvmss_stanford_oscar.ll,642,47,13.659574468085106,62,1.319148936170213,15,3,38,0.0591900311526479,384,0.5981308411214953,41,27,68,0.1059190031152648,5.647058823529411,1.5185185185185186,52,1.1063829787234043,8,0.0124610591900311,0,10,1,,46117.0,2388515.0,1035480.0,7597.0,656120.0,391460.0,2625469.0,7695570.0,1308957.0,15587989.0,8583316.0,135060.0,9270180.0,2475805.0,45801979.0,59799204.0,28.383394409870547,6.526226127949793,8.28921466373083,17.778070290904303,14.128787416935928,6.32454146017473,17.44525606663038,7.770601008112459,5.737452
llvmss_stanford_oscar,wasm-jit,/home/luomz/wasm/data/llvm-test-suite/SingleSource/Benchmarks/Stanford/Oscar.c,/home/luomz/wasm/data/build/llvm_direct/llvmss_stanford_oscar.ll,642,47,13.659574468085106,62,1.319148936170213,15,3,38,0.0591900311526479,384,0.5981308411214953,41,27,68,0.1059190031152648,5.647058823529411,1.5185185185185186,52,1.1063829787234043,8,0.0124610591900311,0,10,1,,46117.0,2388515.0,1035480.0,7597.0,656120.0,391460.0,2625469.0,7695570.0,1400182.0,16822025.0,9420498.0,157148.0,10049757.0,2627137.0,48151193.0,64094215.0,30.361515276362297,7.042880199621941,9.097711206397031,20.68553376332763,15.316949643357924,6.711125019159046,18.34003486615153,8.328715741653964,5.487531
llvmss_stanford_perm,wasm-aot,/home/luomz/wasm/data/llvm-test-suite/SingleSource/Benchmarks/Stanford/Perm.c,/home/luomz/wasm/data/build/llvm_direct/llvmss_stanford_perm.ll,89,15,5.933333333333334,13,0.8666666666666667,2,1,8,0.0898876404494382,17,0.1910112359550561,10,34,44,0.4943820224719101,0.3863636363636363,0.2941176470588235,10,0.6666666666666666,2,0.0224719101123595,0,7,1,,51871.0,28025464.0,27935931.0,33961.0,17506386.0,3272537.0,30410958.0,93401725.0,1391037.0,74776648.0,55917891.0,163236.0,25740006.0,5188160.0,121372389.0,211036492.0,26.81723891962754,2.6681680631585616,2.0016476630043223,4.80657224463355,1.4703209445970171,1.5853632823708337,3.991074171356259,2.2594496193726616,2.900319
llvmss_stanford_perm,wasm-jit,/home/luomz/wasm/data/llvm-test-suite/SingleSource/Benchmarks/Stanford/Perm.c,/home/luomz/wasm/data/build/llvm_direct/llvmss_stanford_perm.ll,89,15,5.933333333333334,13,0.8666666666666667,2,1,8,0.0898876404494382,17,0.1910112359550561,10,34,44,0.4943820224719101,0.3863636363636363,0.2941176470588235,10,0.6666666666666666,2,0.0224719101123595,0,7,1,,51871.0,28025464.0,27935931.0,33961.0,17506386.0,3272537.0,30410958.0,93401725.0,1482498.0,75961982.0,56724779.0,180998.0,26490985.0,5331471.0,125549414.0,215177852.0,28.580478494727306,2.710462956117337,2.0305311822255003,5.329583934513118,1.5132183764256084,1.6291553006123385,4.12842679931359,2.303788843300271,2.888021
llvmss_stanford_puzzle,wasm-aot,/home/luomz/wasm/data/llvm-test-suite/SingleSource/Benchmarks/Stanford/Puzzle.c,/home/luomz/wasm/data/build/llvm_direct/llvmss_stanford_puzzle.ll,820,181,4.530386740331492,276,1.5248618784530388,17,2,185,0.2256097560975609,344,0.4195121951219512,62,165,227,0.2768292682926829,1.515418502202643,0.3757575757575757,8,0.0441988950276243,4,0.0048780487804878,0,8,1,,69408.0,78019671.0,5603291.0,2106755.0,155300451.0,77470813.0,187153230.0,455032259.0,1963912.0,185655096.0,18744904.0,2328594.0,184006278.0,152496992.0,303188015.0,904638378.0,28.295182111572156,2.3795934233047458,3.3453383020799743,1.105298907561629,1.1848405900637082,1.968444451460707,1.619998837316353,1.9880752630331644,1.47619
llvmss_stanford_puzzle,wasm-jit,/home/luomz/wasm/data/llvm-test-suite/SingleSource/Benchmarks/Stanford/Puzzle.c,/home/luomz/wasm/data/build/llvm_direct/llvmss_stanford_puzzle.ll,820,181,4.530386740331492,276,1.5248618784530388,17,2,185,0.2256097560975609,344,0.4195121951219512,62,165,227,0.2768292682926829,1.515418502202643,0.3757575757575757,8,0.0441988950276243,4,0.0048780487804878,0,8,1,,69408.0,78019671.0,5603291.0,2106755.0,155300451.0,77470813.0,187153230.0,455032259.0,2010814.0,186933262.0,19617078.0,2356948.0,184827182.0,152656864.0,304210353.0,909151098.0,28.9709255417243,2.395976035325758,3.500992184771414,1.1187575204520697,1.1901264987311595,1.9705080931576129,1.625461409348906,1.9979926258371057,1.479205
llvmss_stanford_queens,wasm-aot,/home/luomz/wasm/data/llvm-test-suite/SingleSource/Benchmarks/Stanford/Queens.c,/home/luomz/wasm/data/build/llvm_direct/llvmss_stanford_queens.ll,157,37,4.243243243243243,49,1.3243243243243243,5,2,31,0.197452229299363,52,0.3312101910828025,8,17,25,0.1592356687898089,2.08,0.4705882352941176,27,0.7297297297297297,3,0.019108280254777,0,6,1,,48216.0,15345349.0,15335665.0,7704.0,18350158.0,8397135.0,20045922.0,77101849.0,1414200.0,64844895.0,42948195.0,148609.0,34846090.0,6099551.0,97553527.0,219703234.0,29.33051269288203,4.225703501432258,2.8005433738934697,19.28984942886812,1.8989531316297112,0.7263847729017099,4.86650237389929,2.849519652894446,3.188724
llvmss_stanford_queens,wasm-jit,/home/luomz/wasm/data/llvm-test-suite/SingleSource/Benchmarks/Stanford/Queens.c,/home/luomz/wasm/data/build/llvm_direct/llvmss_stanford_queens.ll,157,37,4.243243243243243,49,1.3243243243243243,5,2,31,0.197452229299363,52,0.3312101910828025,8,17,25,0.1592356687898089,2.08,0.4705882352941176,27,0.7297297297297297,3,0.019108280254777,0,6,1,,48216.0,15345349.0,15335665.0,7704.0,18350158.0,8397135.0,20045922.0,77101849.0,1483609.0,66064639.0,43764588.0,167621.0,35611774.0,6247291.0,99799746.0,223931844.0,30.77005558320889,4.3051897353393525,2.8537783004519204,21.757658359293877,1.940679420852943,0.7439788689832901,4.9785560374823365,2.90436412231826,3.170823
llvmss_stanford_quicksort,wasm-aot,/home/luomz/wasm/data/llvm-test-suite/SingleSource/Benchmarks/Stanford/Quicksort.c,/home/luomz/wasm/data/build/llvm_direct/llvmss_stanford_quicksort.ll,140,33,4.242424242424242,42,1.2727272727272727,7,3,27,0.1928571428571428,53,0.3785714285714285,9,14,23,0.1642857142857142,2.3043478260869565,0.6428571428571429,5,0.1515151515151515,2,0.0142857142857142,0,6,1,,61526.0,10173593.0,5095992.0,3005992.0,17756561.0,6030516.0,93722898.0,92553216.0,1398671.0,26807933.0,12437253.0,3125466.0,28908609.0,8207403.0,143905515.0,142250682.0,22.73300718395475,2.6350506649912178,2.4405950794271263,1.0397452820899058,1.6280522450265005,1.3609785630284374,1.5354360361328137,1.5369609846944703,1.23231
llvmss_stanford_quicksort,wasm-jit,/home/luomz/wasm/data/llvm-test-suite/SingleSource/Benchmarks/Stanford/Quicksort.c,/home/luomz/wasm/data/build/llvm_direct/llvmss_stanford_quicksort.ll,140,33,4.242424242424242,42,1.2727272727272727,7,3,27,0.1928571428571428,53,0.3785714285714285,9,14,23,0.1642857142857142,2.3043478260869565,0.6428571428571429,5,0.1515151515151515,2,0.0142857142857142,0,6,1,,61526.0,10173593.0,5095992.0,3005992.0,17756561.0,6030516.0,93722898.0,92553216.0,1485325.0,27958347.0,13228189.0,3157124.0,29627309.0,8343181.0,147619518.0,146249171.0,24.141419887527224,2.748129102471467,2.595802544430996,1.050276913577947,1.6685274248769228,1.383493717618857,1.5750635239640156,1.580163038310846,1.232291
llvmss_stanford_realmm,wasm-aot,/home/luomz/wasm/data/llvm-test-suite/SingleSource/Benchmarks/Stanford/RealMM.c,/home/luomz/wasm/data/build/llvm_direct/llvmss_stanford_realmm.ll,151,25,6.04,29,1.16,10,3,19,0.1258278145695364,70,0.4635761589403973,11,11,22,0.1456953642384106,3.1818181818181817,1.0,15,0.6,1,0.0066225165562913,0,6,1,,47949.0,1501948.0,182856.0,7552.0,544587.0,392606.0,2434928.0,4831291.0,905218.0,10605171.0,5810726.0,129951.0,8492365.0,1703587.0,38861689.0,46054260.0,18.878767023295584,7.060944187148956,31.777606422540146,17.20749470338983,15.594138310315891,4.339177190363876,15.960097793446048,9.532495558640536,2.131422
llvmss_stanford_realmm,wasm-jit,/home/luomz/wasm/data/llvm-test-suite/SingleSource/Benchmarks/Stanford/RealMM.c,/home/luomz/wasm/data/build/llvm_direct/llvmss_stanford_realmm.ll,151,25,6.04,29,1.16,10,3,19,0.1258278145695364,70,0.4635761589403973,11,11,22,0.1456953642384106,3.1818181818181817,1.0,15,0.6,1,0.0066225165562913,0,6,1,,47949.0,1501948.0,182856.0,7552.0,544587.0,392606.0,2434928.0,4831291.0,993573.0,11795071.0,6616724.0,148769.0,9251794.0,1850507.0,40625671.0,50220433.0,20.72145404492273,7.853182000974734,36.18543553397209,19.69928495762712,16.988642769658476,4.713394599165576,16.684547140613603,10.394826765765092,2.008868
llvmss_stanford_towers,wasm-aot,/home/luomz/wasm/data/llvm-test-suite/SingleSource/Benchmarks/Stanford/Towers.c,/home/luomz/wasm/data/build/llvm_direct/llvmss_stanford_towers.ll,266,61,4.360655737704918,71,1.1639344262295082,4,1,49,0.1842105263157894,81,0.3045112781954887,34,51,85,0.3195488721804511,0.9529411764705884,0.6666666666666666,19,0.3114754098360656,14,0.0526315789473684,0,12,1,,50550.0,28070497.0,27187973.0,36849.0,16143094.0,889085.0,23824759.0,96404747.0,1385434.0,59260995.0,40484292.0,192868.0,25630029.0,4425032.0,82223678.0,205765818.0,27.407200791295747,2.1111487623464598,1.4890515008235443,5.23400906401802,1.5876776161992243,4.977062935489857,3.451186137916442,2.1343950832628606,2.01338
llvmss_stanford_towers,wasm-jit,/home/luomz/wasm/data/llvm-test-suite/SingleSource/Benchmarks/Stanford/Towers.c,/home/luomz/wasm/data/build/llvm_direct/llvmss_stanford_towers.ll,266,61,4.360655737704918,71,1.1639344262295082,4,1,49,0.1842105263157894,81,0.3045112781954887,34,51,85,0.3195488721804511,0.9529411764705884,0.6666666666666666,19,0.3114754098360656,14,0.0526315789473684,0,12,1,,50550.0,28070497.0,27187973.0,36849.0,16143094.0,889085.0,23824759.0,96404747.0,1466309.0,60340806.0,41226517.0,209429.0,26300965.0,4548546.0,83866514.0,209469425.0,29.0071018793274,2.149616588548468,1.516351255755624,5.683437813780564,1.6292394134606414,5.1159855356911885,3.5201411271358505,2.1728123512424133,1.951759
llvmss_stanford_treesort,wasm-aot,/home/luomz/wasm/data/llvm-test-suite/SingleSource/Benchmarks/Stanford/Treesort.c,/home/luomz/wasm/data/build/llvm_direct/llvmss_stanford_treesort.ll,199,48,4.145833333333333,61,1.2708333333333333,6,2,41,0.2060301507537688,64,0.321608040201005,18,22,40,0.2010050251256281,1.6,0.8181818181818182,16,0.3333333333333333,2,0.0100502512562814,6,8,1,,248840.0,41966777.0,15455362.0,3084616.0,48006322.0,13278187.0,171680912.0,185060343.0,1664828.0,63401985.0,21739445.0,2942437.0,41335922.0,16270040.0,204740915.0,207255850.0,6.690355248352355,1.5107661234028051,1.4065956526932206,0.953907066552206,0.8610516339910398,1.2253208965952955,1.1925665620881605,1.119936592790169,1.019378
llvmss_stanford_treesort,wasm-jit,/home/luomz/wasm/data/llvm-test-suite/SingleSource/Benchmarks/Stanford/Treesort.c,/home/luomz/wasm/data/build/llvm_direct/llvmss_stanford_treesort.ll,199,48,4.145833333333333,61,1.2708333333333333,6,2,41,0.2060301507537688,64,0.321608040201005,18,22,40,0.2010050251256281,1.6,0.8181818181818182,16,0.3333333333333333,2,0.0100502512562814,6,8,1,,248840.0,41966777.0,15455362.0,3084616.0,48006322.0,13278187.0,171680912.0,185060343.0,1749910.0,64923578.0,22766925.0,2979073.0,42270176.0,16448433.0,208052432.0,212441621.0,7.032269731554412,1.5470232083821924,1.4730761401771113,0.9657840716640256,0.8805126958070231,1.2387559385931226,1.2118553517469666,1.1479586471964984,0.999582
