program,mode,event,event_alias,repeat_count,median_value
llvmss_benchmarkgame_puzzle,native,L1-icache-load-misses,L1_icache_load_misses,5,81148.0
llvmss_benchmarkgame_puzzle,native,branch-misses,branch_misses,5,8745.0
llvmss_benchmarkgame_puzzle,native,cpu-cycles,cpu_cycles,5,237875860.0
llvmss_benchmarkgame_puzzle,native,r00c4,branches_retired,5,35022248.0
llvmss_benchmarkgame_puzzle,native,r01c4,conditional_branches,5,34071454.0
llvmss_benchmarkgame_puzzle,native,r1c0,instructions_retired,5,926059242.0
llvmss_benchmarkgame_puzzle,native,r81d0,all_loads_retired,5,131553316.0
llvmss_benchmarkgame_puzzle,native,r82d0,all_stores_retired,5,6610827.0
llvmss_benchmarkgame_puzzle,wasm-aot,L1-icache-load-misses,L1_icache_load_misses,5,993995.0
llvmss_benchmarkgame_puzzle,wasm-aot,branch-misses,branch_misses,5,133424.0
llvmss_benchmarkgame_puzzle,wasm-aot,cpu-cycles,cpu_cycles,5,1350791176.0
llvmss_benchmarkgame_puzzle,wasm-aot,r00c4,branches_retired,5,1023103602.0
llvmss_benchmarkgame_puzzle,wasm-aot,r01c4,conditional_branches,5,4368504.0
llvmss_benchmarkgame_puzzle,wasm-aot,r1c0,instructions_retired,5,6690685975.0
llvmss_benchmarkgame_puzzle,wasm-aot,r81d0,all_loads_retired,5,1025588797.0
llvmss_benchmarkgame_puzzle,wasm-aot,r82d0,all_stores_retired,5,14120544.0
llvmss_benchmarkgame_puzzle,wasm-jit,L1-icache-load-misses,L1_icache_load_misses,5,1046188.0
llvmss_benchmarkgame_puzzle,wasm-jit,branch-misses,branch_misses,5,153517.0
llvmss_benchmarkgame_puzzle,wasm-jit,cpu-cycles,cpu_cycles,5,1353512797.0
llvmss_benchmarkgame_puzzle,wasm-jit,r00c4,branches_retired,5,1024075689.0
llvmss_benchmarkgame_puzzle,wasm-jit,r01c4,conditional_branches,5,4552690.0
llvmss_benchmarkgame_puzzle,wasm-jit,r1c0,instructions_retired,5,6696038729.0
llvmss_benchmarkgame_puzzle,wasm-jit,r81d0,all_loads_retired,5,1027152525.0
llvmss_benchmarkgame_puzzle,wasm-jit,r82d0,all_stores_retired,5,15168928.0
llvmss_misc_evalloop,native,L1-icache-load-misses,L1_icache_load_misses,5,111848.0
llvmss_misc_evalloop,native,branch-misses,branch_misses,5,111698.0
llvmss_misc_evalloop,native,cpu-cycles,cpu_cycles,5,1516574677.0
llvmss_misc_evalloop,native,r00c4,branches_retired,5,813401031.0
llvmss_misc_evalloop,native,r01c4,conditional_branches,5,233158.0
llvmss_misc_evalloop,native,r1c0,instructions_retired,5,1841325998.0
llvmss_misc_evalloop,native,r81d0,all_loads_retired,5,820194662.0
llvmss_misc_evalloop,native,r82d0,all_stores_retired,5,410224045.0
llvmss_misc_evalloop,wasm-aot,L1-icache-load-misses,L1_icache_load_misses,5,978168.0
llvmss_misc_evalloop,wasm-aot,branch-misses,branch_misses,5,232870.0
llvmss_misc_evalloop,wasm-aot,cpu-cycles,cpu_cycles,5,1978357421.0
llvmss_misc_evalloop,wasm-aot,r00c4,branches_retired,5,1018363612.0
llvmss_misc_evalloop,wasm-aot,r01c4,conditional_branches,5,8491121.0
llvmss_misc_evalloop,wasm-aot,r1c0,instructions_retired,5,5914673348.0
llvmss_misc_evalloop,wasm-aot,r81d0,all_loads_retired,5,1641866809.0
llvmss_misc_evalloop,wasm-aot,r82d0,all_stores_retired,5,620831575.0
llvmss_misc_evalloop,wasm-jit,L1-icache-load-misses,L1_icache_load_misses,5,1041039.0
llvmss_misc_evalloop,wasm-jit,branch-misses,branch_misses,5,249266.0
llvmss_misc_evalloop,wasm-jit,cpu-cycles,cpu_cycles,5,1982289804.0
llvmss_misc_evalloop,wasm-jit,r00c4,branches_retired,5,1019056124.0
llvmss_misc_evalloop,wasm-jit,r01c4,conditional_branches,5,8631005.0
llvmss_misc_evalloop,wasm-jit,r1c0,instructions_retired,5,5918453983.0
llvmss_misc_evalloop,wasm-jit,r81d0,all_loads_retired,5,1642968019.0
llvmss_misc_evalloop,wasm-jit,r82d0,all_stores_retired,5,621589540.0
llvmss_misc_flops,native,L1-icache-load-misses,L1_icache_load_misses,5,605232.0
llvmss_misc_flops,native,branch-misses,branch_misses,5,28419.0
llvmss_misc_flops,native,cpu-cycles,cpu_cycles,5,13061399856.0
llvmss_misc_flops,native,r00c4,branches_retired,5,1445572345.0
llvmss_misc_flops,native,r01c4,conditional_branches,5,1441627593.0
llvmss_misc_flops,native,r1c0,instructions_retired,5,31641324710.0
llvmss_misc_flops,native,r81d0,all_loads_retired,5,384464796.0
llvmss_misc_flops,native,r82d0,all_stores_retired,5,4426643.0
llvmss_misc_flops,wasm-aot,L1-icache-load-misses,L1_icache_load_misses,5,1738016.0
llvmss_misc_flops,wasm-aot,branch-misses,branch_misses,5,161312.0
llvmss_misc_flops,wasm-aot,cpu-cycles,cpu_cycles,5,16546039891.0
llvmss_misc_flops,wasm-aot,r00c4,branches_retired,5,3067771611.0
llvmss_misc_flops,wasm-aot,r01c4,conditional_branches,5,2773622.0
llvmss_misc_flops,wasm-aot,r1c0,instructions_retired,5,38328714658.0
llvmss_misc_flops,wasm-aot,r81d0,all_loads_retired,5,4771294620.0
llvmss_misc_flops,wasm-aot,r82d0,all_stores_retired,5,3820897663.0
llvmss_misc_flops,wasm-jit,L1-icache-load-misses,L1_icache_load_misses,5,1795536.0
llvmss_misc_flops,wasm-jit,branch-misses,branch_misses,5,178473.0
llvmss_misc_flops,wasm-jit,cpu-cycles,cpu_cycles,5,16546324220.0
llvmss_misc_flops,wasm-jit,r00c4,branches_retired,5,3068669221.0
llvmss_misc_flops,wasm-jit,r01c4,conditional_branches,5,2937012.0
llvmss_misc_flops,wasm-jit,r1c0,instructions_retired,5,38333658810.0
llvmss_misc_flops,wasm-jit,r81d0,all_loads_retired,5,4772725034.0
llvmss_misc_flops,wasm-jit,r82d0,all_stores_retired,5,3821833285.0
llvmss_misc_flops-1,native,L1-icache-load-misses,L1_icache_load_misses,5,148892.0
llvmss_misc_flops-1,native,branch-misses,branch_misses,5,10709.0
llvmss_misc_flops-1,native,cpu-cycles,cpu_cycles,5,2131973764.0
llvmss_misc_flops-1,native,r00c4,branches_retired,5,313445657.0
llvmss_misc_flops-1,native,r01c4,conditional_branches,5,312675691.0
llvmss_misc_flops-1,native,r1c0,instructions_retired,5,5942948069.0
llvmss_misc_flops-1,native,r81d0,all_loads_retired,5,1352072.0
llvmss_misc_flops-1,native,r82d0,all_stores_retired,5,852422.0
llvmss_misc_flops-1,wasm-aot,L1-icache-load-misses,L1_icache_load_misses,5,1021335.0
llvmss_misc_flops-1,wasm-aot,branch-misses,branch_misses,5,131156.0
llvmss_misc_flops-1,wasm-aot,cpu-cycles,cpu_cycles,5,2729857752.0
llvmss_misc_flops-1,wasm-aot,r00c4,branches_retired,5,320572477.0
llvmss_misc_flops-1,wasm-aot,r01c4,conditional_branches,5,314350308.0
llvmss_misc_flops-1,wasm-aot,r1c0,instructions_retired,5,5355571767.0
llvmss_misc_flops-1,wasm-aot,r81d0,all_loads_retired,5,10588074.0
llvmss_misc_flops-1,wasm-aot,r82d0,all_stores_retired,5,6601249.0
llvmss_misc_flops-1,wasm-jit,L1-icache-load-misses,L1_icache_load_misses,5,1101762.0
llvmss_misc_flops-1,wasm-jit,branch-misses,branch_misses,5,149812.0
llvmss_misc_flops-1,wasm-jit,cpu-cycles,cpu_cycles,5,2756577317.0
llvmss_misc_flops-1,wasm-jit,r00c4,branches_retired,5,321314937.0
llvmss_misc_flops-1,wasm-jit,r01c4,conditional_branches,5,314493326.0
llvmss_misc_flops-1,wasm-jit,r1c0,instructions_retired,5,5359753002.0
llvmss_misc_flops-1,wasm-jit,r81d0,all_loads_retired,5,11797958.0
llvmss_misc_flops-1,wasm-jit,r82d0,all_stores_retired,5,7435164.0
llvmss_misc_flops-2,native,L1-icache-load-misses,L1_icache_load_misses,5,107084.0
llvmss_misc_flops-2,native,branch-misses,branch_misses,5,9374.0
llvmss_misc_flops-2,native,cpu-cycles,cpu_cycles,5,1437195539.0
llvmss_misc_flops-2,native,r00c4,branches_retired,5,98336551.0
llvmss_misc_flops-2,native,r01c4,conditional_branches,5,97785426.0
llvmss_misc_flops-2,native,r1c0,instructions_retired,5,1449209809.0
llvmss_misc_flops-2,native,r81d0,all_loads_retired,5,964085.0
llvmss_misc_flops-2,native,r82d0,all_stores_retired,5,604390.0
llvmss_misc_flops-2,wasm-aot,L1-icache-load-misses,L1_icache_load_misses,5,976094.0
llvmss_misc_flops-2,wasm-aot,branch-misses,branch_misses,5,128298.0
llvmss_misc_flops-2,wasm-aot,cpu-cycles,cpu_cycles,5,1503528299.0
llvmss_misc_flops-2,wasm-aot,r00c4,branches_retired,5,476389211.0
llvmss_misc_flops-2,wasm-aot,r01c4,conditional_branches,5,158024046.0
llvmss_misc_flops-2,wasm-aot,r1c0,instructions_retired,5,3165598529.0
llvmss_misc_flops-2,wasm-aot,r81d0,all_loads_retired,5,9980755.0
llvmss_misc_flops-2,wasm-aot,r82d0,all_stores_retired,5,6230426.0
llvmss_misc_flops-2,wasm-jit,L1-icache-load-misses,L1_icache_load_misses,5,1057587.0
llvmss_misc_flops-2,wasm-jit,branch-misses,branch_misses,5,148626.0
llvmss_misc_flops-2,wasm-jit,cpu-cycles,cpu_cycles,5,1506909278.0
llvmss_misc_flops-2,wasm-jit,r00c4,branches_retired,5,477127455.0
llvmss_misc_flops-2,wasm-jit,r01c4,conditional_branches,5,158169953.0
llvmss_misc_flops-2,wasm-jit,r1c0,instructions_retired,5,3169644102.0
llvmss_misc_flops-2,wasm-jit,r81d0,all_loads_retired,5,11146345.0
llvmss_misc_flops-2,wasm-jit,r82d0,all_stores_retired,5,7011754.0
llvmss_misc_flops-3,native,L1-icache-load-misses,L1_icache_load_misses,5,195450.0
llvmss_misc_flops-3,native,branch-misses,branch_misses,5,12542.0
llvmss_misc_flops-3,native,cpu-cycles,cpu_cycles,5,3366175070.0
llvmss_misc_flops-3,native,r00c4,branches_retired,5,313849901.0
llvmss_misc_flops-3,native,r01c4,conditional_branches,5,312748459.0
llvmss_misc_flops-3,native,r1c0,instructions_retired,5,6882788745.0
llvmss_misc_flops-3,native,r81d0,all_loads_retired,5,1934249.0
llvmss_misc_flops-3,native,r82d0,all_stores_retired,5,1222533.0
llvmss_misc_flops-3,wasm-aot,L1-icache-load-misses,L1_icache_load_misses,5,1046004.0
llvmss_misc_flops-3,wasm-aot,branch-misses,branch_misses,5,133867.0
llvmss_misc_flops-3,wasm-aot,cpu-cycles,cpu_cycles,5,3298003133.0
llvmss_misc_flops-3,wasm-aot,r00c4,branches_retired,5,320759452.0
llvmss_misc_flops-3,wasm-aot,r01c4,conditional_branches,5,314383058.0
llvmss_misc_flops-3,wasm-aot,r1c0,instructions_retired,5,6294225565.0
llvmss_misc_flops-3,wasm-aot,r81d0,all_loads_retired,5,10890202.0
llvmss_misc_flops-3,wasm-aot,r82d0,all_stores_retired,5,6804515.0
llvmss_misc_flops-3,wasm-jit,L1-icache-load-misses,L1_icache_load_misses,5,1129110.0
llvmss_misc_flops-3,wasm-jit,branch-misses,branch_misses,5,152541.0
llvmss_misc_flops-3,wasm-jit,cpu-cycles,cpu_cycles,5,3325142023.0
llvmss_misc_flops-3,wasm-jit,r00c4,branches_retired,5,321523717.0
llvmss_misc_flops-3,wasm-jit,r01c4,conditional_branches,5,314532820.0
llvmss_misc_flops-3,wasm-jit,r1c0,instructions_retired,5,6298422868.0
llvmss_misc_flops-3,wasm-jit,r81d0,all_loads_retired,5,12084540.0
llvmss_misc_flops-3,wasm-jit,r82d0,all_stores_retired,5,7611087.0
llvmss_misc_flops-4,native,L1-icache-load-misses,L1_icache_load_misses,5,118076.0
llvmss_misc_flops-4,native,branch-misses,branch_misses,5,9627.0
llvmss_misc_flops-4,native,cpu-cycles,cpu_cycles,5,1549031509.0
llvmss_misc_flops-4,native,r00c4,branches_retired,5,156991979.0
llvmss_misc_flops-4,native,r01c4,conditional_branches,5,156389401.0
llvmss_misc_flops-4,native,r1c0,instructions_retired,5,3285509173.0
llvmss_misc_flops-4,native,r81d0,all_loads_retired,5,1053826.0
llvmss_misc_flops-4,native,r82d0,all_stores_retired,5,662236.0
llvmss_misc_flops-4,wasm-aot,L1-icache-load-misses,L1_icache_load_misses,5,967699.0
llvmss_misc_flops-4,wasm-aot,branch-misses,branch_misses,5,129935.0
llvmss_misc_flops-4,wasm-aot,cpu-cycles,cpu_cycles,5,1563263940.0
llvmss_misc_flops-4,wasm-aot,r00c4,branches_retired,5,163911333.0
llvmss_misc_flops-4,wasm-aot,r01c4,conditional_branches,5,158027338.0
llvmss_misc_flops-4,wasm-aot,r1c0,instructions_retired,5,3165698416.0
llvmss_misc_flops-4,wasm-aot,r81d0,all_loads_retired,5,322505431.0
llvmss_misc_flops-4,wasm-aot,r82d0,all_stores_retired,5,6228581.0
llvmss_misc_flops-4,wasm-jit,L1-icache-load-misses,L1_icache_load_misses,5,1037314.0
llvmss_misc_flops-4,wasm-jit,branch-misses,branch_misses,5,146400.0
llvmss_misc_flops-4,wasm-jit,cpu-cycles,cpu_cycles,5,1565020255.0
llvmss_misc_flops-4,wasm-jit,r00c4,branches_retired,5,164626566.0
llvmss_misc_flops-4,wasm-jit,r01c4,conditional_branches,5,158160636.0
llvmss_misc_flops-4,wasm-jit,r1c0,instructions_retired,5,3169703423.0
llvmss_misc_flops-4,wasm-jit,r81d0,all_loads_retired,5,323654558.0
llvmss_misc_flops-4,wasm-jit,r82d0,all_stores_retired,5,7022664.0
llvmss_misc_flops-5,native,L1-icache-load-misses,L1_icache_load_misses,5,163502.0
llvmss_misc_flops-5,native,branch-misses,branch_misses,5,11280.0
llvmss_misc_flops-5,native,cpu-cycles,cpu_cycles,5,2912348745.0
llvmss_misc_flops-5,native,r00c4,branches_retired,5,157462132.0
llvmss_misc_flops-5,native,r01c4,conditional_branches,5,156473424.0
llvmss_misc_flops-5,native,r1c0,instructions_retired,5,5788231553.0
llvmss_misc_flops-5,native,r81d0,all_loads_retired,5,314235599.0
llvmss_misc_flops-5,native,r82d0,all_stores_retired,5,1095625.0
llvmss_misc_flops-5,wasm-aot,L1-icache-load-misses,L1_icache_load_misses,5,1041122.0
llvmss_misc_flops-5,wasm-aot,branch-misses,branch_misses,5,131117.0
llvmss_misc_flops-5,wasm-aot,cpu-cycles,cpu_cycles,5,3096335491.0
llvmss_misc_flops-5,wasm-aot,r00c4,branches_retired,5,320710329.0
llvmss_misc_flops-5,wasm-aot,r01c4,conditional_branches,5,1874513.0
llvmss_misc_flops-5,wasm-aot,r1c0,instructions_retired,5,6606426107.0
llvmss_misc_flops-5,wasm-aot,r81d0,all_loads_retired,5,948309529.0
llvmss_misc_flops-5,wasm-aot,r82d0,all_stores_retired,5,162993203.0
llvmss_misc_flops-5,wasm-jit,L1-icache-load-misses,L1_icache_load_misses,5,1100297.0
llvmss_misc_flops-5,wasm-jit,branch-misses,branch_misses,5,147412.0
llvmss_misc_flops-5,wasm-jit,cpu-cycles,cpu_cycles,5,3127577408.0
llvmss_misc_flops-5,wasm-jit,r00c4,branches_retired,5,321412627.0
llvmss_misc_flops-5,wasm-jit,r01c4,conditional_branches,5,2009341.0
llvmss_misc_flops-5,wasm-jit,r1c0,instructions_retired,5,6610335278.0
llvmss_misc_flops-5,wasm-jit,r81d0,all_loads_retired,5,949441365.0
llvmss_misc_flops-5,wasm-jit,r82d0,all_stores_retired,5,163775780.0
llvmss_misc_flops-6,native,L1-icache-load-misses,L1_icache_load_misses,5,169709.0
llvmss_misc_flops-6,native,branch-misses,branch_misses,5,12428.0
llvmss_misc_flops-6,native,cpu-cycles,cpu_cycles,5,2988250364.0
llvmss_misc_flops-6,native,r00c4,branches_retired,5,157479436.0
llvmss_misc_flops-6,native,r01c4,conditional_branches,5,156475405.0
llvmss_misc_flops-6,native,r1c0,instructions_retired,5,5788339872.0
llvmss_misc_flops-6,native,r81d0,all_loads_retired,5,314263574.0
llvmss_misc_flops-6,native,r82d0,all_stores_retired,5,1113422.0
llvmss_misc_flops-6,wasm-aot,L1-icache-load-misses,L1_icache_load_misses,5,1038621.0
llvmss_misc_flops-6,wasm-aot,branch-misses,branch_misses,5,132189.0
llvmss_misc_flops-6,wasm-aot,cpu-cycles,cpu_cycles,5,3017824058.0
llvmss_misc_flops-6,wasm-aot,r00c4,branches_retired,5,320653510.0
llvmss_misc_flops-6,wasm-aot,r01c4,conditional_branches,5,1865037.0
llvmss_misc_flops-6,wasm-aot,r1c0,instructions_retired,5,6606099111.0
llvmss_misc_flops-6,wasm-aot,r81d0,all_loads_retired,5,948229905.0
llvmss_misc_flops-6,wasm-aot,r82d0,all_stores_retired,5,162953874.0
llvmss_misc_flops-6,wasm-jit,L1-icache-load-misses,L1_icache_load_misses,5,1101690.0
llvmss_misc_flops-6,wasm-jit,branch-misses,branch_misses,5,147702.0
llvmss_misc_flops-6,wasm-jit,cpu-cycles,cpu_cycles,5,3034682395.0
llvmss_misc_flops-6,wasm-jit,r00c4,branches_retired,5,321422176.0
llvmss_misc_flops-6,wasm-jit,r01c4,conditional_branches,5,2013258.0
llvmss_misc_flops-6,wasm-jit,r1c0,instructions_retired,5,6610358762.0
llvmss_misc_flops-6,wasm-jit,r81d0,all_loads_retired,5,949448169.0
llvmss_misc_flops-6,wasm-jit,r82d0,all_stores_retired,5,163775117.0
llvmss_misc_flops-7,native,L1-icache-load-misses,L1_icache_load_misses,5,128782.0
llvmss_misc_flops-7,native,branch-misses,branch_misses,5,10445.0
llvmss_misc_flops-7,native,cpu-cycles,cpu_cycles,5,1922048630.0
llvmss_misc_flops-7,native,r00c4,branches_retired,5,157105967.0
llvmss_misc_flops-7,native,r01c4,conditional_branches,5,156409194.0
llvmss_misc_flops-7,native,r1c0,instructions_retired,5,3286170529.0
llvmss_misc_flops-7,native,r81d0,all_loads_retired,5,1220916.0
llvmss_misc_flops-7,native,r82d0,all_stores_retired,5,768720.0
llvmss_misc_flops-7,wasm-aot,L1-icache-load-misses,L1_icache_load_misses,5,990921.0
llvmss_misc_flops-7,wasm-aot,branch-misses,branch_misses,5,129707.0
llvmss_misc_flops-7,wasm-aot,cpu-cycles,cpu_cycles,5,1917523366.0
llvmss_misc_flops-7,wasm-aot,r00c4,branches_retired,5,164040637.0
llvmss_misc_flops-7,wasm-aot,r01c4,conditional_branches,5,158052706.0
llvmss_misc_flops-7,wasm-aot,r1c0,instructions_retired,5,2541507049.0
llvmss_misc_flops-7,wasm-aot,r81d0,all_loads_retired,5,322710028.0
llvmss_misc_flops-7,wasm-aot,r82d0,all_stores_retired,5,6368883.0
llvmss_misc_flops-7,wasm-jit,L1-icache-load-misses,L1_icache_load_misses,5,1073080.0
llvmss_misc_flops-7,wasm-jit,branch-misses,branch_misses,5,147588.0
llvmss_misc_flops-7,wasm-jit,cpu-cycles,cpu_cycles,5,1920991915.0
llvmss_misc_flops-7,wasm-jit,r00c4,branches_retired,5,164779789.0
llvmss_misc_flops-7,wasm-jit,r01c4,conditional_branches,5,158193965.0
llvmss_misc_flops-7,wasm-jit,r1c0,instructions_retired,5,2545542473.0
llvmss_misc_flops-7,wasm-jit,r81d0,all_loads_retired,5,323869923.0
llvmss_misc_flops-7,wasm-jit,r82d0,all_stores_retired,5,7152088.0
llvmss_misc_flops-8,native,L1-icache-load-misses,L1_icache_load_misses,5,184194.0
llvmss_misc_flops-8,native,branch-misses,branch_misses,5,11726.0
llvmss_misc_flops-8,native,cpu-cycles,cpu_cycles,5,3084766343.0
llvmss_misc_flops-8,native,r00c4,branches_retired,5,157504720.0
llvmss_misc_flops-8,native,r01c4,conditional_branches,5,156483196.0
llvmss_misc_flops-8,native,r1c0,instructions_retired,5,5944723109.0
llvmss_misc_flops-8,native,r81d0,all_loads_retired,5,314300524.0
llvmss_misc_flops-8,native,r82d0,all_stores_retired,5,1134808.0
llvmss_misc_flops-8,wasm-aot,L1-icache-load-misses,L1_icache_load_misses,5,1036885.0
llvmss_misc_flops-8,wasm-aot,branch-misses,branch_misses,5,132942.0
llvmss_misc_flops-8,wasm-aot,cpu-cycles,cpu_cycles,5,3100347300.0
llvmss_misc_flops-8,wasm-aot,r00c4,branches_retired,5,320687901.0
llvmss_misc_flops-8,wasm-aot,r01c4,conditional_branches,5,1871930.0
llvmss_misc_flops-8,wasm-aot,r1c0,instructions_retired,5,7543805586.0
llvmss_misc_flops-8,wasm-aot,r81d0,all_loads_retired,5,1260787596.0
llvmss_misc_flops-8,wasm-aot,r82d0,all_stores_retired,5,631739839.0
llvmss_misc_flops-8,wasm-jit,L1-icache-load-misses,L1_icache_load_misses,5,1131505.0
llvmss_misc_flops-8,wasm-jit,branch-misses,branch_misses,5,153064.0
llvmss_misc_flops-8,wasm-jit,cpu-cycles,cpu_cycles,5,3103182124.0
llvmss_misc_flops-8,wasm-jit,r00c4,branches_retired,5,321457662.0
llvmss_misc_flops-8,wasm-jit,r01c4,conditional_branches,5,2020620.0
llvmss_misc_flops-8,wasm-jit,r1c0,instructions_retired,5,7548035354.0
llvmss_misc_flops-8,wasm-jit,r81d0,all_loads_retired,5,1261989582.0
llvmss_misc_flops-8,wasm-jit,r82d0,all_stores_retired,5,632556571.0
llvmss_misc_mandel-2,native,L1-icache-load-misses,L1_icache_load_misses,5,162646.0
llvmss_misc_mandel-2,native,branch-misses,branch_misses,5,15097.0
llvmss_misc_mandel-2,native,cpu-cycles,cpu_cycles,5,2123201024.0
llvmss_misc_mandel-2,native,r00c4,branches_retired,5,471801653.0
llvmss_misc_mandel-2,native,r01c4,conditional_branches,5,157070486.0
llvmss_misc_mandel-2,native,r1c0,instructions_retired,5,3457728148.0
llvmss_misc_mandel-2,native,r81d0,all_loads_retired,5,1812023.0
llvmss_misc_mandel-2,native,r82d0,all_stores_retired,5,1204943.0
llvmss_misc_mandel-2,wasm-aot,L1-icache-load-misses,L1_icache_load_misses,5,1632868.0
llvmss_misc_mandel-2,wasm-aot,branch-misses,branch_misses,5,173206.0
llvmss_misc_mandel-2,wasm-aot,cpu-cycles,cpu_cycles,5,2156101377.0
llvmss_misc_mandel-2,wasm-aot,r00c4,branches_retired,5,950308524.0
llvmss_misc_mandel-2,wasm-aot,r01c4,conditional_branches,5,2194377.0
llvmss_misc_mandel-2,wasm-aot,r1c0,instructions_retired,5,4284680642.0
llvmss_misc_mandel-2,wasm-aot,r81d0,all_loads_retired,5,639735650.0
llvmss_misc_mandel-2,wasm-aot,r82d0,all_stores_retired,5,321556199.0
llvmss_misc_mandel-2,wasm-jit,L1-icache-load-misses,L1_icache_load_misses,5,1682181.0
llvmss_misc_mandel-2,wasm-jit,branch-misses,branch_misses,5,190802.0
llvmss_misc_mandel-2,wasm-jit,cpu-cycles,cpu_cycles,5,2160817218.0
llvmss_misc_mandel-2,wasm-jit,r00c4,branches_retired,5,951083190.0
llvmss_misc_mandel-2,wasm-jit,r01c4,conditional_branches,5,2346544.0
llvmss_misc_mandel-2,wasm-jit,r1c0,instructions_retired,5,4288934243.0
llvmss_misc_mandel-2,wasm-jit,r81d0,all_loads_retired,5,640955650.0
llvmss_misc_mandel-2,wasm-jit,r82d0,all_stores_retired,5,322379081.0
llvmss_misc_matmul_f64_4x4,native,L1-icache-load-misses,L1_icache_load_misses,5,114800.0
llvmss_misc_matmul_f64_4x4,native,branch-misses,branch_misses,5,10579.0
llvmss_misc_matmul_f64_4x4,native,cpu-cycles,cpu_cycles,5,1456153836.0
llvmss_misc_matmul_f64_4x4,native,r00c4,branches_retired,5,150720373.0
llvmss_misc_matmul_f64_4x4,native,r01c4,conditional_branches,5,50137570.0
llvmss_misc_matmul_f64_4x4,native,r1c0,instructions_retired,5,6804117563.0
llvmss_misc_matmul_f64_4x4,native,r81d0,all_loads_retired,5,1651016429.0
llvmss_misc_matmul_f64_4x4,native,r82d0,all_stores_retired,5,750635548.0
llvmss_misc_matmul_f64_4x4,wasm-aot,L1-icache-load-misses,L1_icache_load_misses,5,1067165.0
llvmss_misc_matmul_f64_4x4,wasm-aot,branch-misses,branch_misses,5,135241.0
llvmss_misc_matmul_f64_4x4,wasm-aot,cpu-cycles,cpu_cycles,5,3195212707.0
llvmss_misc_matmul_f64_4x4,wasm-aot,r00c4,branches_retired,5,158206057.0
llvmss_misc_matmul_f64_4x4,wasm-aot,r01c4,conditional_branches,5,51874444.0
llvmss_misc_matmul_f64_4x4,wasm-aot,r1c0,instructions_retired,5,13293945132.0
llvmss_misc_matmul_f64_4x4,wasm-aot,r81d0,all_loads_retired,5,4160811839.0
llvmss_misc_matmul_f64_4x4,wasm-aot,r82d0,all_stores_retired,5,1906752677.0
llvmss_misc_matmul_f64_4x4,wasm-jit,L1-icache-load-misses,L1_icache_load_misses,5,1112686.0
llvmss_misc_matmul_f64_4x4,wasm-jit,branch-misses,branch_misses,5,151823.0
llvmss_misc_matmul_f64_4x4,wasm-jit,cpu-cycles,cpu_cycles,5,3195576033.0
llvmss_misc_matmul_f64_4x4,wasm-jit,r00c4,branches_retired,5,158951882.0
llvmss_misc_matmul_f64_4x4,wasm-jit,r01c4,conditional_branches,5,52016693.0
llvmss_misc_matmul_f64_4x4,wasm-jit,r1c0,instructions_retired,5,13298033886.0
llvmss_misc_matmul_f64_4x4,wasm-jit,r81d0,all_loads_retired,5,4162005000.0
llvmss_misc_matmul_f64_4x4,wasm-jit,r82d0,all_stores_retired,5,1907559623.0
llvmss_misc_reedsolomon,native,L1-icache-load-misses,L1_icache_load_misses,5,823253.0
llvmss_misc_reedsolomon,native,branch-misses,branch_misses,5,6819851.0
llvmss_misc_reedsolomon,native,cpu-cycles,cpu_cycles,5,10780123074.0
llvmss_misc_reedsolomon,native,r00c4,branches_retired,5,5403610167.0
llvmss_misc_reedsolomon,native,r01c4,conditional_branches,5,338420367.0
llvmss_misc_reedsolomon,native,r1c0,instructions_retired,5,38027049617.0
llvmss_misc_reedsolomon,native,r81d0,all_loads_retired,5,4622112008.0
llvmss_misc_reedsolomon,native,r82d0,all_stores_retired,5,2055030874.0
llvmss_misc_reedsolomon,wasm-aot,L1-icache-load-misses,L1_icache_load_misses,5,1740700.0
llvmss_misc_reedsolomon,wasm-aot,branch-misses,branch_misses,5,8850827.0
llvmss_misc_reedsolomon,wasm-aot,cpu-cycles,cpu_cycles,5,10309136336.0
llvmss_misc_reedsolomon,wasm-aot,r00c4,branches_retired,5,3968484445.0
llvmss_misc_reedsolomon,wasm-aot,r01c4,conditional_branches,5,1738756908.0
llvmss_misc_reedsolomon,wasm-aot,r1c0,instructions_retired,5,43728676703.0
llvmss_misc_reedsolomon,wasm-aot,r81d0,all_loads_retired,5,9719308819.0
llvmss_misc_reedsolomon,wasm-aot,r82d0,all_stores_retired,5,2041422658.0
llvmss_misc_reedsolomon,wasm-jit,L1-icache-load-misses,L1_icache_load_misses,5,1762689.0
llvmss_misc_reedsolomon,wasm-jit,branch-misses,branch_misses,5,8816819.0
llvmss_misc_reedsolomon,wasm-jit,cpu-cycles,cpu_cycles,5,10311323256.0
llvmss_misc_reedsolomon,wasm-jit,r00c4,branches_retired,5,3969324082.0
llvmss_misc_reedsolomon,wasm-jit,r01c4,conditional_branches,5,1738910903.0
llvmss_misc_reedsolomon,wasm-jit,r1c0,instructions_retired,5,43733290839.0
llvmss_misc_reedsolomon,wasm-jit,r81d0,all_loads_retired,5,9720672263.0
llvmss_misc_reedsolomon,wasm-jit,r82d0,all_stores_retired,5,2042327793.0
llvmss_misc_richards_benchmark,native,L1-icache-load-misses,L1_icache_load_misses,5,136225.0
llvmss_misc_richards_benchmark,native,branch-misses,branch_misses,5,7381808.0
llvmss_misc_richards_benchmark,native,cpu-cycles,cpu_cycles,5,1625242163.0
llvmss_misc_richards_benchmark,native,r00c4,branches_retired,5,961986314.0
llvmss_misc_richards_benchmark,native,r01c4,conditional_branches,5,237630346.0
llvmss_misc_richards_benchmark,native,r1c0,instructions_retired,5,3944891315.0
llvmss_misc_richards_benchmark,native,r81d0,all_loads_retired,5,1346862162.0
llvmss_misc_richards_benchmark,native,r82d0,all_stores_retired,5,885152933.0
llvmss_misc_richards_benchmark,wasm-aot,L1-icache-load-misses,L1_icache_load_misses,5,1054043.0
llvmss_misc_richards_benchmark,wasm-aot,branch-misses,branch_misses,5,7757994.0
llvmss_misc_richards_benchmark,wasm-aot,cpu-cycles,cpu_cycles,5,3014830755.0
llvmss_misc_richards_benchmark,wasm-aot,r00c4,branches_retired,5,1230738831.0
llvmss_misc_richards_benchmark,wasm-aot,r01c4,conditional_branches,5,382828708.0
llvmss_misc_richards_benchmark,wasm-aot,r1c0,instructions_retired,5,7633109019.0
llvmss_misc_richards_benchmark,wasm-aot,r81d0,all_loads_retired,5,2699795559.0
llvmss_misc_richards_benchmark,wasm-aot,r82d0,all_stores_retired,5,1190940989.0
llvmss_misc_richards_benchmark,wasm-jit,L1-icache-load-misses,L1_icache_load_misses,5,1155891.0
llvmss_misc_richards_benchmark,wasm-jit,branch-misses,branch_misses,5,7780624.0
llvmss_misc_richards_benchmark,wasm-jit,cpu-cycles,cpu_cycles,5,3008884399.0
llvmss_misc_richards_benchmark,wasm-jit,r00c4,branches_retired,5,1231741778.0
llvmss_misc_richards_benchmark,wasm-jit,r01c4,conditional_branches,5,383020091.0
llvmss_misc_richards_benchmark,wasm-jit,r1c0,instructions_retired,5,7638650532.0
llvmss_misc_richards_benchmark,wasm-jit,r81d0,all_loads_retired,5,2701417647.0
llvmss_misc_richards_benchmark,wasm-jit,r82d0,all_stores_retired,5,1192040321.0
llvmss_misc_salsa20,native,L1-icache-load-misses,L1_icache_load_misses,5,653561.0
llvmss_misc_salsa20,native,branch-misses,branch_misses,5,35546.0
llvmss_misc_salsa20,native,cpu-cycles,cpu_cycles,5,13358794551.0
llvmss_misc_salsa20,native,r00c4,branches_retired,5,1517812493.0
llvmss_misc_salsa20,native,r01c4,conditional_branches,5,807753678.0
llvmss_misc_salsa20,native,r1c0,instructions_retired,5,44104415282.0
llvmss_misc_salsa20,native,r81d0,all_loads_retired,5,4882046446.0
llvmss_misc_salsa20,native,r82d0,all_stores_retired,5,4341509865.0
llvmss_misc_salsa20,wasm-aot,L1-icache-load-misses,L1_icache_load_misses,5,1748073.0
llvmss_misc_salsa20,wasm-aot,branch-misses,branch_misses,5,33760446.0
llvmss_misc_salsa20,wasm-aot,cpu-cycles,cpu_cycles,5,17158045616.0
llvmss_misc_salsa20,wasm-aot,r00c4,branches_retired,5,2837151530.0
llvmss_misc_salsa20,wasm-aot,r01c4,conditional_branches,5,69978277.0
llvmss_misc_salsa20,wasm-aot,r1c0,instructions_retired,5,63177152436.0
llvmss_misc_salsa20,wasm-aot,r81d0,all_loads_retired,5,11381484835.0
llvmss_misc_salsa20,wasm-aot,r82d0,all_stores_retired,5,8718846285.0
llvmss_misc_salsa20,wasm-jit,L1-icache-load-misses,L1_icache_load_misses,5,1821185.0
llvmss_misc_salsa20,wasm-jit,branch-misses,branch_misses,5,33768753.0
llvmss_misc_salsa20,wasm-jit,cpu-cycles,cpu_cycles,5,17170002631.0
llvmss_misc_salsa20,wasm-jit,r00c4,branches_retired,5,2837930547.0
llvmss_misc_salsa20,wasm-jit,r01c4,conditional_branches,5,70119004.0
llvmss_misc_salsa20,wasm-jit,r1c0,instructions_retired,5,63181369276.0
llvmss_misc_salsa20,wasm-jit,r81d0,all_loads_retired,5,11382697583.0
llvmss_misc_salsa20,wasm-jit,r82d0,all_stores_retired,5,8719663774.0
llvmss_shootout_hello,native,L1-icache-load-misses,L1_icache_load_misses,5,44081.0
llvmss_shootout_hello,native,branch-misses,branch_misses,5,5310.0
llvmss_shootout_hello,native,cpu-cycles,cpu_cycles,5,1018928.0
llvmss_shootout_hello,native,r00c4,branches_retired,5,158734.0
llvmss_shootout_hello,native,r01c4,conditional_branches,5,37096.0
llvmss_shootout_hello,native,r1c0,instructions_retired,5,828884.0
llvmss_shootout_hello,native,r81d0,all_loads_retired,5,200986.0
llvmss_shootout_hello,native,r82d0,all_stores_retired,5,120500.0
llvmss_shootout_hello,wasm-aot,L1-icache-load-misses,L1_icache_load_misses,5,861912.0
llvmss_shootout_hello,wasm-aot,branch-misses,branch_misses,5,123037.0
llvmss_shootout_hello,wasm-aot,cpu-cycles,cpu_cycles,5,38194503.0
llvmss_shootout_hello,wasm-aot,r00c4,branches_retired,5,7051216.0
llvmss_shootout_hello,wasm-aot,r01c4,conditional_branches,5,1666725.0
llvmss_shootout_hello,wasm-aot,r1c0,instructions_retired,5,37159767.0
llvmss_shootout_hello,wasm-aot,r81d0,all_loads_retired,5,9133509.0
llvmss_shootout_hello,wasm-aot,r82d0,all_stores_retired,5,5682796.0
llvmss_shootout_hello,wasm-jit,L1-icache-load-misses,L1_icache_load_misses,5,941222.0
llvmss_shootout_hello,wasm-jit,branch-misses,branch_misses,5,140978.0
llvmss_shootout_hello,wasm-jit,cpu-cycles,cpu_cycles,5,37884038.0
llvmss_shootout_hello,wasm-jit,r00c4,branches_retired,5,7732488.0
llvmss_shootout_hello,wasm-jit,r01c4,conditional_branches,5,1795682.0
llvmss_shootout_hello,wasm-jit,r1c0,instructions_retired,5,40926831.0
llvmss_shootout_hello,wasm-jit,r81d0,all_loads_retired,5,10212343.0
llvmss_shootout_hello,wasm-jit,r82d0,all_stores_retired,5,6426764.0
llvmss_stanford_bubblesort,native,L1-icache-load-misses,L1_icache_load_misses,5,53673.0
llvmss_stanford_bubblesort,native,branch-misses,branch_misses,5,639744.0
llvmss_stanford_bubblesort,native,cpu-cycles,cpu_cycles,5,41557768.0
llvmss_stanford_bubblesort,native,r00c4,branches_retired,5,31497785.0
llvmss_stanford_bubblesort,native,r01c4,conditional_branches,5,6517095.0
llvmss_stanford_bubblesort,native,r1c0,instructions_retired,5,101984574.0
llvmss_stanford_bubblesort,native,r81d0,all_loads_retired,5,12773315.0
llvmss_stanford_bubblesort,native,r82d0,all_stores_retired,5,13046413.0
llvmss_stanford_bubblesort,wasm-aot,L1-icache-load-misses,L1_icache_load_misses,5,1372757.0
llvmss_stanford_bubblesort,wasm-aot,branch-misses,branch_misses,5,954287.0
llvmss_stanford_bubblesort,wasm-aot,cpu-cycles,cpu_cycles,5,102223005.0
llvmss_stanford_bubblesort,wasm-aot,r00c4,branches_retired,5,39671095.0
llvmss_stanford_bubblesort,wasm-aot,r01c4,conditional_branches,5,20887445.0
llvmss_stanford_bubblesort,wasm-aot,r1c0,instructions_retired,5,163967803.0
llvmss_stanford_bubblesort,wasm-aot,r81d0,all_loads_retired,5,23393648.0
llvmss_stanford_bubblesort,wasm-aot,r82d0,all_stores_retired,5,19724437.0
llvmss_stanford_bubblesort,wasm-jit,L1-icache-load-misses,L1_icache_load_misses,5,1485050.0
llvmss_stanford_bubblesort,wasm-jit,branch-misses,branch_misses,5,977317.0
llvmss_stanford_bubblesort,wasm-jit,cpu-cycles,cpu_cycles,5,106536413.0
llvmss_stanford_bubblesort,wasm-jit,r00c4,branches_retired,5,40469100.0
llvmss_stanford_bubblesort,wasm-jit,r01c4,conditional_branches,5,21041640.0
llvmss_stanford_bubblesort,wasm-jit,r1c0,instructions_retired,5,168362327.0
llvmss_stanford_bubblesort,wasm-jit,r81d0,all_loads_retired,5,24641365.0
llvmss_stanford_bubblesort,wasm-jit,r82d0,all_stores_retired,5,20575803.0
llvmss_stanford_floatmm,native,L1-icache-load-misses,L1_icache_load_misses,5,83158.0
llvmss_stanford_floatmm,native,branch-misses,branch_misses,5,656404.0
llvmss_stanford_floatmm,native,cpu-cycles,cpu_cycles,5,675840870.0
llvmss_stanford_floatmm,native,r00c4,branches_retired,5,185052504.0
llvmss_stanford_floatmm,native,r01c4,conditional_branches,5,176082974.0
llvmss_stanford_floatmm,native,r1c0,instructions_retired,5,1958745389.0
llvmss_stanford_floatmm,native,r81d0,all_loads_retired,5,640614110.0
llvmss_stanford_floatmm,native,r82d0,all_stores_retired,5,24391058.0
llvmss_stanford_floatmm,wasm-aot,L1-icache-load-misses,L1_icache_load_misses,5,1119382.0
llvmss_stanford_floatmm,wasm-aot,branch-misses,branch_misses,5,1067322.0
llvmss_stanford_floatmm,wasm-aot,cpu-cycles,cpu_cycles,5,1012296786.0
llvmss_stanford_floatmm,wasm-aot,r00c4,branches_retired,5,688540765.0
llvmss_stanford_floatmm,wasm-aot,r01c4,conditional_branches,5,10456919.0
llvmss_stanford_floatmm,wasm-aot,r1c0,instructions_retired,5,4285651474.0
llvmss_stanford_floatmm,wasm-aot,r81d0,all_loads_retired,5,698402654.0
llvmss_stanford_floatmm,wasm-aot,r82d0,all_stores_retired,5,38530796.0
llvmss_stanford_floatmm,wasm-jit,L1-icache-load-misses,L1_icache_load_misses,5,1210052.0
llvmss_stanford_floatmm,wasm-jit,branch-misses,branch_misses,5,1077605.0
llvmss_stanford_floatmm,wasm-jit,cpu-cycles,cpu_cycles,5,1014982477.0
llvmss_stanford_floatmm,wasm-jit,r00c4,branches_retired,5,689221928.0
llvmss_stanford_floatmm,wasm-jit,r01c4,conditional_branches,5,10585739.0
llvmss_stanford_floatmm,wasm-jit,r1c0,instructions_retired,5,4289401625.0
llvmss_stanford_floatmm,wasm-jit,r81d0,all_loads_retired,5,699487766.0
llvmss_stanford_floatmm,wasm-jit,r82d0,all_stores_retired,5,39271056.0
llvmss_stanford_intmm,native,L1-icache-load-misses,L1_icache_load_misses,5,43611.0
llvmss_stanford_intmm,native,branch-misses,branch_misses,5,6456.0
llvmss_stanford_intmm,native,cpu-cycles,cpu_cycles,5,1988351.0
llvmss_stanford_intmm,native,r00c4,branches_retired,5,357103.0
llvmss_stanford_intmm,native,r01c4,conditional_branches,5,214085.0
llvmss_stanford_intmm,native,r1c0,instructions_retired,5,4689321.0
llvmss_stanford_intmm,native,r81d0,all_loads_retired,5,1006756.0
llvmss_stanford_intmm,native,r82d0,all_stores_retired,5,173391.0
llvmss_stanford_intmm,wasm-aot,L1-icache-load-misses,L1_icache_load_misses,5,926674.0
llvmss_stanford_intmm,wasm-aot,branch-misses,branch_misses,5,142611.0
llvmss_stanford_intmm,wasm-aot,cpu-cycles,cpu_cycles,5,38687520.0
llvmss_stanford_intmm,wasm-aot,r00c4,branches_retired,5,8521845.0
llvmss_stanford_intmm,wasm-aot,r01c4,conditional_branches,5,1707251.0
llvmss_stanford_intmm,wasm-aot,r1c0,instructions_retired,5,46134508.0
llvmss_stanford_intmm,wasm-aot,r81d0,all_loads_retired,5,10621110.0
llvmss_stanford_intmm,wasm-aot,r82d0,all_stores_retired,5,5840586.0
llvmss_stanford_intmm,wasm-jit,L1-icache-load-misses,L1_icache_load_misses,5,983108.0
llvmss_stanford_intmm,wasm-jit,branch-misses,branch_misses,5,157924.0
llvmss_stanford_intmm,wasm-jit,cpu-cycles,cpu_cycles,5,41674841.0
llvmss_stanford_intmm,wasm-jit,r00c4,branches_retired,5,9226717.0
llvmss_stanford_intmm,wasm-jit,r01c4,conditional_branches,5,1842499.0
llvmss_stanford_intmm,wasm-jit,r1c0,instructions_retired,5,49998498.0
llvmss_stanford_intmm,wasm-jit,r81d0,all_loads_retired,5,11736230.0
llvmss_stanford_intmm,wasm-jit,r82d0,all_stores_retired,5,6597927.0
llvmss_stanford_oscar,native,L1-icache-load-misses,L1_icache_load_misses,5,46117.0
llvmss_stanford_oscar,native,branch-misses,branch_misses,5,7597.0
llvmss_stanford_oscar,native,cpu-cycles,cpu_cycles,5,2625469.0
llvmss_stanford_oscar,native,r00c4,branches_retired,5,656120.0
llvmss_stanford_oscar,native,r01c4,conditional_branches,5,391460.0
llvmss_stanford_oscar,native,r1c0,instructions_retired,5,7695570.0
llvmss_stanford_oscar,native,r81d0,all_loads_retired,5,2388515.0
llvmss_stanford_oscar,native,r82d0,all_stores_retired,5,1035480.0
llvmss_stanford_oscar,wasm-aot,L1-icache-load-misses,L1_icache_load_misses,5,1308957.0
llvmss_stanford_oscar,wasm-aot,branch-misses,branch_misses,5,135060.0
llvmss_stanford_oscar,wasm-aot,cpu-cycles,cpu_cycles,5,45801979.0
llvmss_stanford_oscar,wasm-aot,r00c4,branches_retired,5,9270180.0
llvmss_stanford_oscar,wasm-aot,r01c4,conditional_branches,5,2475805.0
llvmss_stanford_oscar,wasm-aot,r1c0,instructions_retired,5,59799204.0
llvmss_stanford_oscar,wasm-aot,r81d0,all_loads_retired,5,15587989.0
llvmss_stanford_oscar,wasm-aot,r82d0,all_stores_retired,5,8583316.0
llvmss_stanford_oscar,wasm-jit,L1-icache-load-misses,L1_icache_load_misses,5,1400182.0
llvmss_stanford_oscar,wasm-jit,branch-misses,branch_misses,5,157148.0
llvmss_stanford_oscar,wasm-jit,cpu-cycles,cpu_cycles,5,48151193.0
llvmss_stanford_oscar,wasm-jit,r00c4,branches_retired,5,10049757.0
llvmss_stanford_oscar,wasm-jit,r01c4,conditional_branches,5,2627137.0
llvmss_stanford_oscar,wasm-jit,r1c0,instructions_retired,5,64094215.0
llvmss_stanford_oscar,wasm-jit,r81d0,all_loads_retired,5,16822025.0
llvmss_stanford_oscar,wasm-jit,r82d0,all_stores_retired,5,9420498.0
llvmss_stanford_perm,native,L1-icache-load-misses,L1_icache_load_misses,5,51871.0
llvmss_stanford_perm,native,branch-misses,branch_misses,5,33961.0
llvmss_stanford_perm,native,cpu-cycles,cpu_cycles,5,30410958.0
llvmss_stanford_perm,native,r00c4,branches_retired,5,17506386.0
llvmss_stanford_perm,native,r01c4,conditional_branches,5,3272537.0
llvmss_stanford_perm,native,r1c0,instructions_retired,5,93401725.0
llvmss_stanford_perm,native,r81d0,all_loads_retired,5,28025464.0
llvmss_stanford_perm,native,r82d0,all_stores_retired,5,27935931.0
llvmss_stanford_perm,wasm-aot,L1-icache-load-misses,L1_icache_load_misses,5,1391037.0
llvmss_stanford_perm,wasm-aot,branch-misses,branch_misses,5,163236.0
llvmss_stanford_perm,wasm-aot,cpu-cycles,cpu_cycles,5,121372389.0
llvmss_stanford_perm,wasm-aot,r00c4,branches_retired,5,25740006.0
llvmss_stanford_perm,wasm-aot,r01c4,conditional_branches,5,5188160.0
llvmss_stanford_perm,wasm-aot,r1c0,instructions_retired,5,211036492.0
llvmss_stanford_perm,wasm-aot,r81d0,all_loads_retired,5,74776648.0
llvmss_stanford_perm,wasm-aot,r82d0,all_stores_retired,5,55917891.0
llvmss_stanford_perm,wasm-jit,L1-icache-load-misses,L1_icache_load_misses,5,1482498.0
llvmss_stanford_perm,wasm-jit,branch-misses,branch_misses,5,180998.0
llvmss_stanford_perm,wasm-jit,cpu-cycles,cpu_cycles,5,125549414.0
llvmss_stanford_perm,wasm-jit,r00c4,branches_retired,5,26490985.0
llvmss_stanford_perm,wasm-jit,r01c4,conditional_branches,5,5331471.0
llvmss_stanford_perm,wasm-jit,r1c0,instructions_retired,5,215177852.0
llvmss_stanford_perm,wasm-jit,r81d0,all_loads_retired,5,75961982.0
llvmss_stanford_perm,wasm-jit,r82d0,all_stores_retired,5,56724779.0
llvmss_stanford_puzzle,native,L1-icache-load-misses,L1_icache_load_misses,5,69408.0
llvmss_stanford_puzzle,native,branch-misses,branch_misses,5,2106755.0
llvmss_stanford_puzzle,native,cpu-cycles,cpu_cycles,5,187153230.0
llvmss_stanford_puzzle,native,r00c4,branches_retired,5,155300451.0
llvmss_stanford_puzzle,native,r01c4,conditional_branches,5,77470813.0
llvmss_stanford_puzzle,native,r1c0,instructions_retired,5,455032259.0
llvmss_stanford_puzzle,native,r81d0,all_loads_retired,5,78019671.0
llvmss_stanford_puzzle,native,r82d0,all_stores_retired,5,5603291.0
llvmss_stanford_puzzle,wasm-aot,L1-icache-load-misses,L1_icache_load_misses,5,1963912.0
llvmss_stanford_puzzle,wasm-aot,branch-misses,branch_misses,5,2328594.0
llvmss_stanford_puzzle,wasm-aot,cpu-cycles,cpu_cycles,5,303188015.0
llvmss_stanford_puzzle,wasm-aot,r00c4,branches_retired,5,184006278.0
llvmss_stanford_puzzle,wasm-aot,r01c4,conditional_branches,5,152496992.0
llvmss_stanford_puzzle,wasm-aot,r1c0,instructions_retired,5,904638378.0
llvmss_stanford_puzzle,wasm-aot,r81d0,all_loads_retired,5,185655096.0
llvmss_stanford_puzzle,wasm-aot,r82d0,all_stores_retired,5,18744904.0
llvmss_stanford_puzzle,wasm-jit,L1-icache-load-misses,L1_icache_load_misses,5,2010814.0
llvmss_stanford_puzzle,wasm-jit,branch-misses,branch_misses,5,2356948.0
llvmss_stanford_puzzle,wasm-jit,cpu-cycles,cpu_cycles,5,304210353.0
llvmss_stanford_puzzle,wasm-jit,r00c4,branches_retired,5,184827182.0
llvmss_stanford_puzzle,wasm-jit,r01c4,conditional_branches,5,152656864.0
llvmss_stanford_puzzle,wasm-jit,r1c0,instructions_retired,5,909151098.0
llvmss_stanford_puzzle,wasm-jit,r81d0,all_loads_retired,5,186933262.0
llvmss_stanford_puzzle,wasm-jit,r82d0,all_stores_retired,5,19617078.0
llvmss_stanford_queens,native,L1-icache-load-misses,L1_icache_load_misses,5,48216.0
llvmss_stanford_queens,native,branch-misses,branch_misses,5,7704.0
llvmss_stanford_queens,native,cpu-cycles,cpu_cycles,5,20045922.0
llvmss_stanford_queens,native,r00c4,branches_retired,5,18350158.0
llvmss_stanford_queens,native,r01c4,conditional_branches,5,8397135.0
llvmss_stanford_queens,native,r1c0,instructions_retired,5,77101849.0
llvmss_stanford_queens,native,r81d0,all_loads_retired,5,15345349.0
llvmss_stanford_queens,native,r82d0,all_stores_retired,5,15335665.0
llvmss_stanford_queens,wasm-aot,L1-icache-load-misses,L1_icache_load_misses,5,1414200.0
llvmss_stanford_queens,wasm-aot,branch-misses,branch_misses,5,148609.0
llvmss_stanford_queens,wasm-aot,cpu-cycles,cpu_cycles,5,97553527.0
llvmss_stanford_queens,wasm-aot,r00c4,branches_retired,5,34846090.0
llvmss_stanford_queens,wasm-aot,r01c4,conditional_branches,5,6099551.0
llvmss_stanford_queens,wasm-aot,r1c0,instructions_retired,5,219703234.0
llvmss_stanford_queens,wasm-aot,r81d0,all_loads_retired,5,64844895.0
llvmss_stanford_queens,wasm-aot,r82d0,all_stores_retired,5,42948195.0
llvmss_stanford_queens,wasm-jit,L1-icache-load-misses,L1_icache_load_misses,5,1483609.0
llvmss_stanford_queens,wasm-jit,branch-misses,branch_misses,5,167621.0
llvmss_stanford_queens,wasm-jit,cpu-cycles,cpu_cycles,5,99799746.0
llvmss_stanford_queens,wasm-jit,r00c4,branches_retired,5,35611774.0
llvmss_stanford_queens,wasm-jit,r01c4,conditional_branches,5,6247291.0
llvmss_stanford_queens,wasm-jit,r1c0,instructions_retired,5,223931844.0
llvmss_stanford_queens,wasm-jit,r81d0,all_loads_retired,5,66064639.0
llvmss_stanford_queens,wasm-jit,r82d0,all_stores_retired,5,43764588.0
llvmss_stanford_quicksort,native,L1-icache-load-misses,L1_icache_load_misses,5,61526.0
llvmss_stanford_quicksort,native,branch-misses,branch_misses,5,3005992.0
llvmss_stanford_quicksort,native,cpu-cycles,cpu_cycles,5,93722898.0
llvmss_stanford_quicksort,native,r00c4,branches_retired,5,17756561.0
llvmss_stanford_quicksort,native,r01c4,conditional_branches,5,6030516.0
llvmss_stanford_quicksort,native,r1c0,instructions_retired,5,92553216.0
llvmss_stanford_quicksort,native,r81d0,all_loads_retired,5,10173593.0
llvmss_stanford_quicksort,native,r82d0,all_stores_retired,5,5095992.0
llvmss_stanford_quicksort,wasm-aot,L1-icache-load-misses,L1_icache_load_misses,5,1398671.0
llvmss_stanford_quicksort,wasm-aot,branch-misses,branch_misses,5,3125466.0
llvmss_stanford_quicksort,wasm-aot,cpu-cycles,cpu_cycles,5,143905515.0
llvmss_stanford_quicksort,wasm-aot,r00c4,branches_retired,5,28908609.0
llvmss_stanford_quicksort,wasm-aot,r01c4,conditional_branches,5,8207403.0
llvmss_stanford_quicksort,wasm-aot,r1c0,instructions_retired,5,142250682.0
llvmss_stanford_quicksort,wasm-aot,r81d0,all_loads_retired,5,26807933.0
llvmss_stanford_quicksort,wasm-aot,r82d0,all_stores_retired,5,12437253.0
llvmss_stanford_quicksort,wasm-jit,L1-icache-load-misses,L1_icache_load_misses,5,1485325.0
llvmss_stanford_quicksort,wasm-jit,branch-misses,branch_misses,5,3157124.0
llvmss_stanford_quicksort,wasm-jit,cpu-cycles,cpu_cycles,5,147619518.0
llvmss_stanford_quicksort,wasm-jit,r00c4,branches_retired,5,29627309.0
llvmss_stanford_quicksort,wasm-jit,r01c4,conditional_branches,5,8343181.0
llvmss_stanford_quicksort,wasm-jit,r1c0,instructions_retired,5,146249171.0
llvmss_stanford_quicksort,wasm-jit,r81d0,all_loads_retired,5,27958347.0
llvmss_stanford_quicksort,wasm-jit,r82d0,all_stores_retired,5,13228189.0
llvmss_stanford_realmm,native,L1-icache-load-misses,L1_icache_load_misses,5,47949.0
llvmss_stanford_realmm,native,branch-misses,branch_misses,5,7552.0
llvmss_stanford_realmm,native,cpu-cycles,cpu_cycles,5,2434928.0
llvmss_stanford_realmm,native,r00c4,branches_retired,5,544587.0
llvmss_stanford_realmm,native,r01c4,conditional_branches,5,392606.0
llvmss_stanford_realmm,native,r1c0,instructions_retired,5,4831291.0
llvmss_stanford_realmm,native,r81d0,all_loads_retired,5,1501948.0
llvmss_stanford_realmm,native,r82d0,all_stores_retired,5,182856.0
llvmss_stanford_realmm,wasm-aot,L1-icache-load-misses,L1_icache_load_misses,5,905218.0
llvmss_stanford_realmm,wasm-aot,branch-misses,branch_misses,5,129951.0
llvmss_stanford_realmm,wasm-aot,cpu-cycles,cpu_cycles,5,38861689.0
llvmss_stanford_realmm,wasm-aot,r00c4,branches_retired,5,8492365.0
llvmss_stanford_realmm,wasm-aot,r01c4,conditional_branches,5,1703587.0
llvmss_stanford_realmm,wasm-aot,r1c0,instructions_retired,5,46054260.0
llvmss_stanford_realmm,wasm-aot,r81d0,all_loads_retired,5,10605171.0
llvmss_stanford_realmm,wasm-aot,r82d0,all_stores_retired,5,5810726.0
llvmss_stanford_realmm,wasm-jit,L1-icache-load-misses,L1_icache_load_misses,5,993573.0
llvmss_stanford_realmm,wasm-jit,branch-misses,branch_misses,5,148769.0
llvmss_stanford_realmm,wasm-jit,cpu-cycles,cpu_cycles,5,40625671.0
llvmss_stanford_realmm,wasm-jit,r00c4,branches_retired,5,9251794.0
llvmss_stanford_realmm,wasm-jit,r01c4,conditional_branches,5,1850507.0
llvmss_stanford_realmm,wasm-jit,r1c0,instructions_retired,5,50220433.0
llvmss_stanford_realmm,wasm-jit,r81d0,all_loads_retired,5,11795071.0
llvmss_stanford_realmm,wasm-jit,r82d0,all_stores_retired,5,6616724.0
llvmss_stanford_towers,native,L1-icache-load-misses,L1_icache_load_misses,5,50550.0
llvmss_stanford_towers,native,branch-misses,branch_misses,5,36849.0
llvmss_stanford_towers,native,cpu-cycles,cpu_cycles,5,23824759.0
llvmss_stanford_towers,native,r00c4,branches_retired,5,16143094.0
llvmss_stanford_towers,native,r01c4,conditional_branches,5,889085.0
llvmss_stanford_towers,native,r1c0,instructions_retired,5,96404747.0
llvmss_stanford_towers,native,r81d0,all_loads_retired,5,28070497.0
llvmss_stanford_towers,native,r82d0,all_stores_retired,5,27187973.0
llvmss_stanford_towers,wasm-aot,L1-icache-load-misses,L1_icache_load_misses,5,1385434.0
llvmss_stanford_towers,wasm-aot,branch-misses,branch_misses,5,192868.0
llvmss_stanford_towers,wasm-aot,cpu-cycles,cpu_cycles,5,82223678.0
llvmss_stanford_towers,wasm-aot,r00c4,branches_retired,5,25630029.0
llvmss_stanford_towers,wasm-aot,r01c4,conditional_branches,5,4425032.0
llvmss_stanford_towers,wasm-aot,r1c0,instructions_retired,5,205765818.0
llvmss_stanford_towers,wasm-aot,r81d0,all_loads_retired,5,59260995.0
llvmss_stanford_towers,wasm-aot,r82d0,all_stores_retired,5,40484292.0
llvmss_stanford_towers,wasm-jit,L1-icache-load-misses,L1_icache_load_misses,5,1466309.0
llvmss_stanford_towers,wasm-jit,branch-misses,branch_misses,5,209429.0
llvmss_stanford_towers,wasm-jit,cpu-cycles,cpu_cycles,5,83866514.0
llvmss_stanford_towers,wasm-jit,r00c4,branches_retired,5,26300965.0
llvmss_stanford_towers,wasm-jit,r01c4,conditional_branches,5,4548546.0
llvmss_stanford_towers,wasm-jit,r1c0,instructions_retired,5,209469425.0
llvmss_stanford_towers,wasm-jit,r81d0,all_loads_retired,5,60340806.0
llvmss_stanford_towers,wasm-jit,r82d0,all_stores_retired,5,41226517.0
llvmss_stanford_treesort,native,L1-icache-load-misses,L1_icache_load_misses,5,248840.0
llvmss_stanford_treesort,native,branch-misses,branch_misses,5,3084616.0
llvmss_stanford_treesort,native,cpu-cycles,cpu_cycles,5,171680912.0
llvmss_stanford_treesort,native,r00c4,branches_retired,5,48006322.0
llvmss_stanford_treesort,native,r01c4,conditional_branches,5,13278187.0
llvmss_stanford_treesort,native,r1c0,instructions_retired,5,185060343.0
llvmss_stanford_treesort,native,r81d0,all_loads_retired,5,41966777.0
llvmss_stanford_treesort,native,r82d0,all_stores_retired,5,15455362.0
llvmss_stanford_treesort,wasm-aot,L1-icache-load-misses,L1_icache_load_misses,5,1664828.0
llvmss_stanford_treesort,wasm-aot,branch-misses,branch_misses,5,2942437.0
llvmss_stanford_treesort,wasm-aot,cpu-cycles,cpu_cycles,5,204740915.0
llvmss_stanford_treesort,wasm-aot,r00c4,branches_retired,5,41335922.0
llvmss_stanford_treesort,wasm-aot,r01c4,conditional_branches,5,16270040.0
llvmss_stanford_treesort,wasm-aot,r1c0,instructions_retired,5,207255850.0
llvmss_stanford_treesort,wasm-aot,r81d0,all_loads_retired,5,63401985.0
llvmss_stanford_treesort,wasm-aot,r82d0,all_stores_retired,5,21739445.0
llvmss_stanford_treesort,wasm-jit,L1-icache-load-misses,L1_icache_load_misses,5,1749910.0
llvmss_stanford_treesort,wasm-jit,branch-misses,branch_misses,5,2979073.0
llvmss_stanford_treesort,wasm-jit,cpu-cycles,cpu_cycles,5,208052432.0
llvmss_stanford_treesort,wasm-jit,r00c4,branches_retired,5,42270176.0
llvmss_stanford_treesort,wasm-jit,r01c4,conditional_branches,5,16448433.0
llvmss_stanford_treesort,wasm-jit,r1c0,instructions_retired,5,212441621.0
llvmss_stanford_treesort,wasm-jit,r81d0,all_loads_retired,5,64923578.0
llvmss_stanford_treesort,wasm-jit,r82d0,all_stores_retired,5,22766925.0
