program,source_path,ir_path,ir_instruction_count,basic_block_count,avg_bb_size,cfg_edge_count,avg_bb_out_degree,loop_count,max_loop_depth,branch_instr_count,branch_density,compute_instr_count,compute_density,load_count,store_count,memory_instr_count,memory_access_density,compute_to_memory_ratio,load_store_ratio,call_instr_count,call_to_bb_ratio,hostcall_count,hostcall_density,alloc_call_count,function_count,opt_loop_ok,opt_loop_note
llvmss_benchmarkgame_puzzle,/home/luomz/wasm/data/llvm-test-suite/SingleSource/Benchmarks/BenchmarkGame/puzzle.c,/home/luomz/wasm/data/build/llvm_direct/llvmss_benchmarkgame_puzzle.ll,335,39,8.58974358974359,51,1.3076923076923077,11,3,32,0.0955223880597015,216,0.6447761194029851,19,28,47,0.14029850746268657,4.595744680851063,0.6785714285714286,6,0.15384615384615385,1,0.0029850746268656717,3,7,1,
llvmss_linpack_linpack-pc,/home/luomz/wasm/data/llvm-test-suite/SingleSource/Benchmarks/Linpack/linpack-pc.c,/home/luomz/wasm/data/build/llvm_direct/llvmss_linpack_linpack-pc.ll,3365,363,9.269972451790634,586,1.6143250688705235,107,4,374,0.11114413075780089,1803,0.5358098068350668,421,160,581,0.1726597325408618,3.1032702237521512,2.63125,203,0.559228650137741,47,0.013967310549777118,0,13,1,
llvmss_misc_aarch64-init-cpu-features,,/home/luomz/wasm/data/build/llvm_direct/llvmss_misc_aarch64-init-cpu-features.ll,16,4,4.0,5,1.25,1,1,3,0.1875,3,0.1875,2,2,4,0.25,0.75,1.0,4,1.0,1,0.0625,0,1,1,
llvmss_misc_evalloop,/home/luomz/wasm/data/llvm-test-suite/SingleSource/Benchmarks/Misc/evalloop.c,/home/luomz/wasm/data/build/llvm_direct/llvmss_misc_evalloop.ll,189,41,4.609756097560975,71,1.7317073170731707,4,1,38,0.20105820105820105,27,0.14285714285714285,5,11,16,0.08465608465608465,1.6875,0.45454545454545453,3,0.07317073170731707,1,0.005291005291005291,0,3,1,
llvmss_misc_flops-1,/home/luomz/wasm/data/llvm-test-suite/SingleSource/Benchmarks/Misc/flops-1.c,/home/luomz/wasm/data/build/llvm_direct/llvmss_misc_flops-1.ll,63,3,21.0,3,1.0,1,1,2,0.031746031746031744,19,0.30158730158730157,7,12,19,0.30158730158730157,1.0,0.5833333333333334,9,3.0,5,0.07936507936507936,0,1,1,
llvmss_misc_flops-2,/home/luomz/wasm/data/llvm-test-suite/SingleSource/Benchmarks/Misc/flops-2.c,/home/luomz/wasm/data/build/llvm_direct/llvmss_misc_flops-2.ll,71,5,14.2,6,1.2,2,1,4,0.056338028169014086,27,0.38028169014084506,5,13,18,0.2535211267605634,1.5,0.38461538461538464,7,1.4,5,0.07042253521126761,0,1,1,
llvmss_misc_flops-3,/home/luomz/wasm/data/llvm-test-suite/SingleSource/Benchmarks/Misc/flops-3.c,/home/luomz/wasm/data/build/llvm_direct/llvmss_misc_flops-3.ll,62,3,20.666666666666668,3,1.0,1,1,2,0.03225806451612903,14,0.22580645161290322,10,11,21,0.3387096774193548,0.6666666666666667,0.9090909090909091,19,6.333333333333333,5,0.08064516129032258,0,1,1,
llvmss_misc_flops-4,/home/luomz/wasm/data/llvm-test-suite/SingleSource/Benchmarks/Misc/flops-4.c,/home/luomz/wasm/data/build/llvm_direct/llvmss_misc_flops-4.ll,77,3,25.666666666666668,3,1.0,1,1,2,0.025974025974025976,16,0.2077922077922078,17,13,30,0.38961038961038963,0.5333333333333333,1.3076923076923077,24,8.0,5,0.06493506493506493,0,1,1,
llvmss_misc_flops-5,/home/luomz/wasm/data/llvm-test-suite/SingleSource/Benchmarks/Misc/flops-5.c,/home/luomz/wasm/data/build/llvm_direct/llvmss_misc_flops-5.ll,80,3,26.666666666666668,3,1.0,1,1,2,0.025,18,0.225,16,11,27,0.3375,0.6666666666666666,1.4545454545454546,30,10.0,5,0.0625,0,1,1,
llvmss_misc_flops-6,/home/luomz/wasm/data/llvm-test-suite/SingleSource/Benchmarks/Misc/flops-6.c,/home/luomz/wasm/data/build/llvm_direct/llvmss_misc_flops-6.ll,79,3,26.333333333333332,3,1.0,1,1,2,0.02531645569620253,16,0.20253164556962025,16,11,27,0.34177215189873417,0.5925925925925926,1.4545454545454546,31,10.333333333333334,5,0.06329113924050633,0,1,1,
llvmss_misc_flops-7,/home/luomz/wasm/data/llvm-test-suite/SingleSource/Benchmarks/Misc/flops-7.c,/home/luomz/wasm/data/build/llvm_direct/llvmss_misc_flops-7.ll,55,3,18.333333333333332,3,1.0,1,1,2,0.03636363636363636,21,0.38181818181818183,2,10,12,0.21818181818181817,1.7500000000000002,0.2,7,2.3333333333333335,5,0.09090909090909091,0,1,1,
llvmss_misc_flops-8,/home/luomz/wasm/data/llvm-test-suite/SingleSource/Benchmarks/Misc/flops-8.c,/home/luomz/wasm/data/build/llvm_direct/llvmss_misc_flops-8.ll,81,3,27.0,3,1.0,1,1,2,0.024691358024691357,18,0.2222222222222222,16,11,27,0.3333333333333333,0.6666666666666666,1.4545454545454546,31,10.333333333333334,5,0.06172839506172839,0,1,1,
llvmss_misc_mandel-2,/home/luomz/wasm/data/llvm-test-suite/SingleSource/Benchmarks/Misc/mandel-2.c,/home/luomz/wasm/data/build/llvm_direct/llvmss_misc_mandel-2.ll,107,21,5.095238095238095,29,1.380952380952381,4,3,18,0.16822429906542055,51,0.4766355140186916,4,0,4,0.037383177570093455,12.75,4.0,4,0.19047619047619047,2,0.018691588785046728,0,4,1,
llvmss_misc_mandel,,/home/luomz/wasm/data/build/llvm_direct/llvmss_misc_mandel.ll,67,12,5.583333333333333,14,1.1666666666666667,3,3,10,0.14925373134328357,32,0.47761194029850745,6,4,10,0.14925373134328357,3.2,1.5,4,0.3333333333333333,1,0.014925373134328358,0,3,1,
llvmss_misc_matmul_f64_4x4,/home/luomz/wasm/data/llvm-test-suite/SingleSource/Benchmarks/Misc/matmul_f64_4x4.c,/home/luomz/wasm/data/build/llvm_direct/llvmss_misc_matmul_f64_4x4.ll,187,4,46.75,3,0.75,1,1,2,0.0106951871657754,54,0.2887700534759358,40,8,48,0.25668449197860965,1.1249999999999998,5.0,47,11.75,20,0.10695187165775401,0,2,1,
llvmss_misc_oourafft,,/home/luomz/wasm/data/build/llvm_direct/llvmss_misc_oourafft.ll,2328,151,15.417218543046358,237,1.5695364238410596,41,2,144,0.061855670103092786,1448,0.6219931271477663,160,150,310,0.1331615120274914,4.670967741935484,1.0666666666666667,91,0.6026490066225165,7,0.003006872852233677,5,10,1,
llvmss_misc_revertbits,,/home/luomz/wasm/data/build/llvm_direct/llvmss_misc_revertbits.ll,55,7,7.857142857142857,6,0.8571428571428571,2,1,5,0.09090909090909091,24,0.43636363636363634,0,0,0,0.0,436363.63636363635,0.0,12,1.7142857142857142,2,0.03636363636363636,0,3,1,
llvmss_misc_richards_benchmark,/home/luomz/wasm/data/llvm-test-suite/SingleSource/Benchmarks/Misc/richards_benchmark.c,/home/luomz/wasm/data/build/llvm_direct/llvmss_misc_richards_benchmark.ll,737,98,7.520408163265306,127,1.2959183673469388,8,1,98,0.13297150610583447,276,0.37449118046132973,133,158,291,0.3948439620081411,0.9484536082474228,0.8417721518987342,45,0.45918367346938777,22,0.029850746268656716,16,15,1,
llvmss_misc_salsa20,/home/luomz/wasm/data/llvm-test-suite/SingleSource/Benchmarks/Misc/salsa20.c,/home/luomz/wasm/data/build/llvm_direct/llvmss_misc_salsa20.ll,265,13,20.384615384615383,15,1.1538461538461537,2,1,10,0.03773584905660377,132,0.4981132075471698,37,25,62,0.2339622641509434,2.129032258064516,1.48,37,2.8461538461538463,2,0.007547169811320755,0,3,1,
llvmss_shootout_hello,/home/luomz/wasm/data/llvm-test-suite/SingleSource/Benchmarks/Shootout/hello.c,/home/luomz/wasm/data/build/llvm_direct/llvmss_shootout_hello.ll,2,1,2.0,0,0.0,0,0,0,0.0,0,0.0,0,0,0,0.0,0.0,0.0,1,1.0,1,0.5,0,1,1,
llvmss_stanford_bubblesort,/home/luomz/wasm/data/llvm-test-suite/SingleSource/Benchmarks/Stanford/Bubblesort.c,/home/luomz/wasm/data/build/llvm_direct/llvmss_stanford_bubblesort.ll,113,26,4.346153846153846,33,1.2692307692307692,5,2,21,0.18584070796460178,38,0.336283185840708,8,15,23,0.20353982300884957,1.6521739130434783,0.5333333333333333,3,0.11538461538461539,2,0.017699115044247787,0,5,1,
llvmss_stanford_floatmm,/home/luomz/wasm/data/llvm-test-suite/SingleSource/Benchmarks/Stanford/FloatMM.c,/home/luomz/wasm/data/build/llvm_direct/llvmss_stanford_floatmm.ll,151,29,5.206896551724138,35,1.206896551724138,11,3,23,0.152317880794702,74,0.4900662251655629,11,11,22,0.1456953642384106,3.3636363636363638,1.0,6,0.20689655172413793,1,0.006622516556291391,0,6,1,
llvmss_stanford_intmm,/home/luomz/wasm/data/llvm-test-suite/SingleSource/Benchmarks/Stanford/IntMM.c,/home/luomz/wasm/data/build/llvm_direct/llvmss_stanford_intmm.ll,232,27,8.592592592592593,33,1.2222222222222223,11,3,21,0.09051724137931035,131,0.5646551724137931,17,15,32,0.13793103448275862,4.09375,1.1333333333333333,13,0.48148148148148145,1,0.004310344827586207,0,6,1,
llvmss_stanford_oscar,/home/luomz/wasm/data/llvm-test-suite/SingleSource/Benchmarks/Stanford/Oscar.c,/home/luomz/wasm/data/build/llvm_direct/llvmss_stanford_oscar.ll,642,47,13.659574468085106,62,1.3191489361702127,15,3,38,0.059190031152647975,384,0.5981308411214953,41,27,68,0.1059190031152648,5.647058823529411,1.5185185185185186,52,1.1063829787234043,8,0.012461059190031152,0,10,1,
llvmss_stanford_perm,/home/luomz/wasm/data/llvm-test-suite/SingleSource/Benchmarks/Stanford/Perm.c,/home/luomz/wasm/data/build/llvm_direct/llvmss_stanford_perm.ll,89,15,5.933333333333334,13,0.8666666666666667,2,1,8,0.0898876404494382,17,0.19101123595505617,10,34,44,0.4943820224719101,0.38636363636363635,0.29411764705882354,10,0.6666666666666666,2,0.02247191011235955,0,7,1,
llvmss_stanford_puzzle,/home/luomz/wasm/data/llvm-test-suite/SingleSource/Benchmarks/Stanford/Puzzle.c,/home/luomz/wasm/data/build/llvm_direct/llvmss_stanford_puzzle.ll,820,181,4.530386740331492,276,1.5248618784530388,17,2,185,0.22560975609756098,344,0.4195121951219512,62,165,227,0.27682926829268295,1.515418502202643,0.37575757575757573,8,0.04419889502762431,4,0.004878048780487805,0,8,1,
llvmss_stanford_queens,/home/luomz/wasm/data/llvm-test-suite/SingleSource/Benchmarks/Stanford/Queens.c,/home/luomz/wasm/data/build/llvm_direct/llvmss_stanford_queens.ll,157,37,4.243243243243243,49,1.3243243243243243,5,2,31,0.19745222929936307,52,0.33121019108280253,8,17,25,0.1592356687898089,2.08,0.47058823529411764,27,0.7297297297297297,3,0.01910828025477707,0,6,1,
llvmss_stanford_quicksort,/home/luomz/wasm/data/llvm-test-suite/SingleSource/Benchmarks/Stanford/Quicksort.c,/home/luomz/wasm/data/build/llvm_direct/llvmss_stanford_quicksort.ll,140,33,4.242424242424242,42,1.2727272727272727,7,3,27,0.19285714285714287,53,0.37857142857142856,9,14,23,0.16428571428571428,2.3043478260869565,0.6428571428571429,5,0.15151515151515152,2,0.014285714285714285,0,6,1,
llvmss_stanford_realmm,/home/luomz/wasm/data/llvm-test-suite/SingleSource/Benchmarks/Stanford/RealMM.c,/home/luomz/wasm/data/build/llvm_direct/llvmss_stanford_realmm.ll,151,25,6.04,29,1.16,10,3,19,0.12582781456953643,70,0.46357615894039733,11,11,22,0.1456953642384106,3.1818181818181817,1.0,15,0.6,1,0.006622516556291391,0,6,1,
llvmss_stanford_towers,/home/luomz/wasm/data/llvm-test-suite/SingleSource/Benchmarks/Stanford/Towers.c,/home/luomz/wasm/data/build/llvm_direct/llvmss_stanford_towers.ll,266,61,4.360655737704918,71,1.1639344262295082,4,1,49,0.18421052631578946,81,0.30451127819548873,34,51,85,0.31954887218045114,0.9529411764705883,0.6666666666666666,19,0.3114754098360656,14,0.05263157894736842,0,12,1,
llvmss_stanford_treesort,/home/luomz/wasm/data/llvm-test-suite/SingleSource/Benchmarks/Stanford/Treesort.c,/home/luomz/wasm/data/build/llvm_direct/llvmss_stanford_treesort.ll,199,48,4.145833333333333,61,1.2708333333333333,6,2,41,0.20603015075376885,64,0.32160804020100503,18,22,40,0.20100502512562815,1.5999999999999999,0.8181818181818182,16,0.3333333333333333,2,0.010050251256281407,6,8,1,
